fixIdx,legIdx,zoneIdx,tickLead,tickRace,time,lat,lng,alt,togo
1,,,,,2012-01-14T02:42:54Z,-32.76431700,148.50513300,0.00,
2,,,,,2012-01-14T02:42:58Z,-32.76431700,148.50513300,0.00,
3,,,,,2012-01-14T02:43:02Z,-32.76431700,148.50513300,0.00,
4,,,,,2012-01-14T02:43:06Z,-32.76431700,148.50513300,0.00,
5,,,,,2012-01-14T02:43:10Z,-32.76431700,148.50513300,0.00,
6,,,,,2012-01-14T02:43:14Z,-32.76431700,148.50513300,0.00,
7,,,,,2012-01-14T02:43:18Z,-32.76431700,148.50513300,0.00,
8,,,,,2012-01-14T02:43:22Z,-32.76431700,148.50513300,0.00,
9,,,,,2012-01-14T02:43:26Z,-32.76431700,148.50513300,0.00,
10,,,,,2012-01-14T02:43:30Z,-32.76431700,148.50513300,0.00,
11,,,,,2012-01-14T02:43:34Z,-32.76431700,148.50513300,0.00,
12,,,,,2012-01-14T02:43:38Z,-32.76431700,148.50513300,0.00,
13,,,,,2012-01-14T02:43:42Z,-32.76431700,148.50513300,0.00,
14,,,,,2012-01-14T02:43:46Z,-32.76431700,148.50513300,0.00,
15,,,,,2012-01-14T02:43:50Z,-32.76431700,148.50513300,0.00,
16,,,,,2012-01-14T02:43:54Z,-32.76431700,148.50513300,0.00,
17,,,,,2012-01-14T02:43:58Z,-32.76431700,148.50513300,0.00,
18,,,,,2012-01-14T02:44:02Z,-32.76431700,148.50513300,0.00,
19,,,,,2012-01-14T02:44:06Z,-32.76431700,148.50513300,0.00,
20,,,,,2012-01-14T02:44:10Z,-32.76431700,148.50513300,0.00,
21,,,,,2012-01-14T02:44:14Z,-32.76431700,148.50513300,0.00,
22,,,,,2012-01-14T02:44:18Z,-32.76431700,148.50513300,0.00,
23,,,,,2012-01-14T02:44:23Z,-32.76431700,148.50513300,0.00,
24,,,,,2012-01-14T02:44:27Z,-32.76431700,148.50513300,0.00,
25,,,,,2012-01-14T02:44:31Z,-32.76431700,148.50513300,0.00,
26,,,,,2012-01-14T02:44:35Z,-32.76431700,148.50513300,0.00,
27,,,,,2012-01-14T02:44:39Z,-32.76431700,148.50513300,0.00,
28,,,,,2012-01-14T02:44:43Z,-32.76431700,148.50513300,0.00,
29,,,,,2012-01-14T02:44:47Z,-32.76431700,148.50513300,0.00,
30,,,,,2012-01-14T02:44:51Z,-32.76431700,148.50513300,0.00,
31,,,,,2012-01-14T02:44:55Z,-32.76431700,148.50513300,0.00,
32,,,,,2012-01-14T02:44:59Z,-33.36320000,147.91396700,448.00,
33,,,,,2012-01-14T02:45:04Z,-33.36343300,147.91388300,448.00,
34,,,,,2012-01-14T02:45:08Z,-33.36363300,147.91381700,448.00,
35,,,,,2012-01-14T02:45:12Z,-33.36421700,147.91340000,448.00,
36,,,,,2012-01-14T02:45:16Z,-33.36476700,147.91290000,448.00,
37,,,,,2012-01-14T02:45:20Z,-33.36530000,147.91258300,448.00,
38,,,,,2012-01-14T02:45:24Z,-33.36575000,147.91228300,448.00,
39,,,,,2012-01-14T02:45:28Z,-33.36616700,147.91198300,448.00,
40,,,,,2012-01-14T02:45:32Z,-33.36660000,147.91160000,448.00,
41,,,,,2012-01-14T02:45:36Z,-33.36701700,147.91121700,448.00,
42,,,,,2012-01-14T02:45:40Z,-33.36736700,147.91081700,448.00,
43,,,,,2012-01-14T02:45:44Z,-33.36755000,147.91043300,448.00,
44,,,,,2012-01-14T02:45:48Z,-33.36766700,147.90996700,448.00,
45,,,,,2012-01-14T02:45:52Z,-33.36756700,147.90953300,448.00,
46,,,,,2012-01-14T02:45:56Z,-33.36735000,147.90913300,448.00,
47,,,,,2012-01-14T02:46:00Z,-33.36706700,147.90870000,448.00,
48,,,,,2012-01-14T02:46:04Z,-33.36676700,147.90828300,448.00,
49,,,,,2012-01-14T02:46:08Z,-33.36648300,147.90790000,448.00,
50,,,,,2012-01-14T02:46:12Z,-33.36648300,147.90790000,448.00,
51,,,,,2012-01-14T02:46:16Z,-33.36648300,147.90790000,448.00,
52,,,,,2012-01-14T02:46:20Z,-33.36648300,147.90790000,448.00,
53,,,,,2012-01-14T02:46:24Z,-33.36648300,147.90790000,448.00,
54,,,,,2012-01-14T02:46:28Z,-33.36648300,147.90790000,448.00,
55,,,,,2012-01-14T02:46:32Z,-33.36648300,147.90790000,448.00,
56,,,,,2012-01-14T02:46:36Z,-33.36648300,147.90790000,448.00,
57,,,,,2012-01-14T02:46:40Z,-33.36648300,147.90790000,448.00,
58,,,,,2012-01-14T02:46:44Z,-33.36648300,147.90790000,448.00,
59,,,,,2012-01-14T02:46:48Z,-33.36648300,147.90790000,448.00,
60,,,,,2012-01-14T02:46:52Z,-33.36648300,147.90790000,448.00,
61,,,,,2012-01-14T02:46:56Z,-33.36648300,147.90790000,448.00,
62,,,,,2012-01-14T02:47:00Z,-33.36648300,147.90790000,448.00,
63,,,,,2012-01-14T02:47:04Z,-33.36131700,147.91320000,448.00,
64,,,,,2012-01-14T02:47:08Z,-33.36165000,147.91408300,448.00,
65,,,,,2012-01-14T02:47:12Z,-33.36203300,147.91498300,448.00,
66,,,,,2012-01-14T02:47:16Z,-33.36250000,147.91593300,448.00,
67,,,,,2012-01-14T02:47:20Z,-33.36303300,147.91681700,448.00,
68,,,,,2012-01-14T02:47:24Z,-33.36318300,147.91705000,448.00,
69,,,,,2012-01-14T02:47:28Z,-33.36413300,147.91815000,448.00,
70,,,,,2012-01-14T02:47:32Z,-33.36475000,147.91815000,448.00,
71,,,,,2012-01-14T02:47:36Z,-33.36538300,147.91821700,448.00,
72,,,,,2012-01-14T02:47:41Z,-33.36538300,147.91821700,448.00,
73,,,,,2012-01-14T02:47:45Z,-33.36538300,147.91821700,448.00,
74,,,,,2012-01-14T02:47:49Z,-33.36538300,147.91821700,448.00,
75,,,,,2012-01-14T02:47:53Z,-33.36538300,147.91821700,448.00,
76,,,,,2012-01-14T02:47:57Z,-33.36538300,147.91821700,448.00,
77,,,,,2012-01-14T02:48:01Z,-33.36538300,147.91821700,448.00,
78,,,,,2012-01-14T02:48:04Z,-33.36818300,147.91871700,469.00,
79,,,,,2012-01-14T02:48:08Z,-33.36808300,147.91851700,469.00,
80,,,,,2012-01-14T02:48:13Z,-33.36855000,147.91861700,469.00,
81,,,,,2012-01-14T02:48:17Z,-33.36890000,147.91906700,469.00,
82,,,,,2012-01-14T02:48:21Z,-33.36906700,147.91965000,469.00,
83,,,,,2012-01-14T02:48:25Z,-33.36853300,147.91901700,476.00,
84,,,,,2012-01-14T02:48:29Z,-33.36851700,147.91836700,506.00,
85,,,,,2012-01-14T02:48:33Z,-33.36856700,147.91845000,528.00,
86,,,,,2012-01-14T02:48:37Z,-33.36856700,147.91875000,528.00,
87,,,,,2012-01-14T02:48:41Z,-33.36850000,147.91870000,528.00,
88,,,,,2012-01-14T02:48:45Z,-33.36830000,147.91833300,559.00,
89,,,,,2012-01-14T02:48:49Z,-33.36838300,147.91793300,610.00,
90,,,,,2012-01-14T02:48:53Z,-33.36858300,147.91813300,623.00,
91,,,,,2012-01-14T02:48:57Z,-33.36875000,147.91866700,651.00,
92,,,,,2012-01-14T02:49:01Z,-33.36875000,147.91913300,651.00,
93,,,,,2012-01-14T02:49:05Z,-33.36833300,147.91901700,651.00,
94,,,,,2012-01-14T02:49:09Z,-33.36798300,147.91850000,661.00,
95,,,,,2012-01-14T02:49:13Z,-33.36803300,147.91836700,685.00,
96,,,,,2012-01-14T02:49:17Z,-33.36843300,147.91851700,709.00,
97,,,,,2012-01-14T02:49:21Z,-33.36858300,147.91860000,735.00,
98,,,,,2012-01-14T02:49:25Z,-33.36876700,147.91888300,735.00,
99,,,,,2012-01-14T02:49:29Z,-33.36886700,147.91918300,735.00,
100,,,,,2012-01-14T02:49:33Z,-33.36855000,147.91926700,740.00,
101,,,,,2012-01-14T02:49:37Z,-33.36835000,147.91871700,796.00,
102,,,,,2012-01-14T02:49:41Z,-33.36845000,147.91853300,826.00,
103,,,,,2012-01-14T02:49:45Z,-33.36850000,147.91860000,842.00,
104,,,,,2012-01-14T02:49:49Z,-33.36850000,147.91860000,842.00,
105,,,,,2012-01-14T02:49:53Z,-33.36875000,147.91888300,842.00,
106,,,,,2012-01-14T02:49:57Z,-33.36863300,147.91885000,842.00,
107,,,,,2012-01-14T02:50:01Z,-33.36826700,147.91836700,884.00,
108,,,,,2012-01-14T02:50:05Z,-33.36811700,147.91803300,930.00,
109,,,,,2012-01-14T02:50:09Z,-33.36846700,147.91838300,930.00,
110,,,,,2012-01-14T02:50:13Z,-33.36883300,147.91828300,970.00,
111,,,,,2012-01-14T02:50:17Z,-33.36915000,147.91830000,1013.00,
112,,,,,2012-01-14T02:50:21Z,-33.36926700,147.91838300,1013.00,
113,,,,,2012-01-14T02:50:25Z,-33.36935000,147.91850000,1013.00,
114,,,,,2012-01-14T02:50:29Z,-33.36928300,147.91851700,1013.00,
115,,,,,2012-01-14T02:50:33Z,-33.36920000,147.91816700,1065.00,
116,,,,,2012-01-14T02:50:37Z,-33.36943300,147.91820000,1111.00,
117,,,,,2012-01-14T02:50:42Z,-33.36943300,147.91820000,1111.00,
118,,,,,2012-01-14T02:50:45Z,-33.36920000,147.91815000,1111.00,
119,,,,,2012-01-14T02:50:49Z,-33.36896700,147.91766700,1123.00,
120,,,,,2012-01-14T02:50:53Z,-33.36926700,147.91768300,1148.00,
121,,,,,2012-01-14T02:50:57Z,-33.36950000,147.91771700,1160.00,
122,,,,,2012-01-14T02:51:01Z,-33.36968300,147.91801700,1186.00,
123,,,,,2012-01-14T02:51:05Z,-33.36985000,147.91833300,1186.00,
124,,,,,2012-01-14T02:51:09Z,-33.36973300,147.91903300,1186.00,
125,,,,,2012-01-14T02:51:13Z,-33.36951700,147.91971700,1186.00,
126,,,,,2012-01-14T02:51:18Z,-33.36890000,147.91988300,1186.00,
127,,,,,2012-01-14T02:51:22Z,-33.36880000,147.91976700,1186.00,
128,,,,,2012-01-14T02:51:26Z,-33.36871700,147.91976700,1186.00,
129,,,,,2012-01-14T02:51:30Z,-33.36916700,147.92003300,1186.00,
130,,,,,2012-01-14T02:51:34Z,-33.36980000,147.92021700,1186.00,
131,,,,,2012-01-14T02:51:38Z,-33.37041700,147.92031700,1186.00,
132,,,,,2012-01-14T02:51:42Z,-33.37098300,147.92028300,1186.00,
133,,,,,2012-01-14T02:51:46Z,-33.37151700,147.92010000,1186.00,
134,,,,,2012-01-14T02:51:50Z,-33.37218300,147.92015000,1186.00,
135,,,,,2012-01-14T02:51:54Z,-33.37250000,147.92053300,1186.00,
136,,,,,2012-01-14T02:51:58Z,-33.37261700,147.92086700,1186.00,
137,,,,,2012-01-14T02:52:02Z,-33.37261700,147.92086700,1186.00,
138,,,,,2012-01-14T02:52:06Z,-33.37256700,147.92076700,1186.00,
139,,,,,2012-01-14T02:52:10Z,-33.37248300,147.92073300,1186.00,
140,,,,,2012-01-14T02:52:14Z,-33.37243300,147.92063300,1186.00,
141,,,,,2012-01-14T02:52:18Z,-33.37226700,147.92020000,1197.00,
142,,,,,2012-01-14T02:52:22Z,-33.37231700,147.91950000,1228.00,
143,,,,,2012-01-14T02:52:26Z,-33.37278300,147.91941700,1270.00,
144,,,,,2012-01-14T02:52:30Z,-33.37291700,147.91950000,1300.00,
145,,,,,2012-01-14T02:52:34Z,-33.37313300,147.91980000,1300.00,
146,,,,,2012-01-14T02:52:38Z,-33.37320000,147.92005000,1300.00,
147,,,,,2012-01-14T02:52:42Z,-33.37285000,147.92008300,1300.00,
148,,,,,2012-01-14T02:52:46Z,-33.37261700,147.91963300,1327.00,
149,,,,,2012-01-14T02:52:50Z,-33.37245000,147.91875000,1374.00,
150,,,,,2012-01-14T02:52:54Z,-33.37220000,147.91848300,1374.00,
151,,,,,2012-01-14T02:52:58Z,-33.37171700,147.91813300,1374.00,
152,,,,,2012-01-14T02:53:02Z,-33.37126700,147.91768300,1374.00,
153,,,,,2012-01-14T02:53:06Z,-33.37108300,147.91726700,1374.00,
154,,,,,2012-01-14T02:53:10Z,-33.37160000,147.91725000,1374.00,
155,,,,,2012-01-14T02:53:14Z,-33.37196700,147.91673300,1393.00,
156,,,,,2012-01-14T02:53:18Z,-33.37240000,147.91658300,1405.00,
157,,,,,2012-01-14T02:53:22Z,-33.37305000,147.91675000,1428.00,
158,,,,,2012-01-14T02:53:26Z,-33.37328300,147.91703300,1454.00,
159,,,,,2012-01-14T02:53:30Z,-33.37383300,147.91765000,1454.00,
160,,,,,2012-01-14T02:53:34Z,-33.37406700,147.91803300,1466.00,
161,,,,,2012-01-14T02:53:38Z,-33.37388300,147.91808300,1493.00,
162,,,,,2012-01-14T02:53:42Z,-33.37340000,147.91795000,1493.00,
163,,,,,2012-01-14T02:53:46Z,-33.37308300,147.91733300,1493.00,
164,,,,,2012-01-14T02:53:50Z,-33.37308300,147.91678300,1516.00,
165,,,,,2012-01-14T02:53:54Z,-33.37370000,147.91701700,1516.00,
166,,,,,2012-01-14T02:53:58Z,-33.37440000,147.91741700,1516.00,
167,,,,,2012-01-14T02:54:03Z,-33.37466700,147.91745000,1525.00,
168,,,,,2012-01-14T02:54:07Z,-33.37476700,147.91740000,1535.00,
169,,,,,2012-01-14T02:54:10Z,-33.37488300,147.91741700,1547.00,
170,,,,,2012-01-14T02:54:15Z,-33.37508300,147.91751700,1573.00,
171,,,,,2012-01-14T02:54:19Z,-33.37508300,147.91751700,1573.00,
172,,,,,2012-01-14T02:54:22Z,-33.37558300,147.91826700,1587.00,
173,,,,,2012-01-14T02:54:27Z,-33.37563300,147.91840000,1601.00,
174,,,,,2012-01-14T02:54:31Z,-33.37556700,147.91868300,1627.00,
175,,,,,2012-01-14T02:54:35Z,-33.37560000,147.91901700,1627.00,
176,,,,,2012-01-14T02:54:39Z,-33.37526700,147.91888300,1627.00,
177,,,,,2012-01-14T02:54:43Z,-33.37485000,147.91843300,1645.00,
178,,,,,2012-01-14T02:54:47Z,-33.37443300,147.91821700,1662.00,
179,,,,,2012-01-14T02:54:51Z,-33.37426700,147.91813300,1662.00,
180,,,,,2012-01-14T02:54:55Z,-33.37378300,147.91748300,1662.00,
181,,,,,2012-01-14T02:54:59Z,-33.37365000,147.91686700,1669.00,
182,,,,,2012-01-14T02:55:03Z,-33.37361700,147.91656700,1686.00,
183,,,,,2012-01-14T02:55:07Z,-33.37393300,147.91655000,1686.00,
184,,,,,2012-01-14T02:55:11Z,-33.37436700,147.91661700,1686.00,
185,,,,,2012-01-14T02:55:15Z,-33.37480000,147.91646700,1702.00,
186,,,,,2012-01-14T02:55:19Z,-33.37480000,147.91646700,1702.00,
187,,,,,2012-01-14T02:55:23Z,-33.37478300,147.91668300,1742.00,
188,,,,,2012-01-14T02:55:27Z,-33.37440000,147.91671700,1777.00,
189,,,,,2012-01-14T02:55:31Z,-33.37396700,147.91588300,1799.00,
190,,,,,2012-01-14T02:55:35Z,-33.37398300,147.91515000,1844.00,
191,,,,,2012-01-14T02:55:39Z,-33.37461700,147.91470000,1866.00,
192,,,,,2012-01-14T02:55:43Z,-33.37535000,147.91486700,1877.00,
193,,,,,2012-01-14T02:55:47Z,-33.37598300,147.91501700,1877.00,
194,,,,,2012-01-14T02:55:51Z,-33.37653300,147.91523300,1877.00,
195,,,,,2012-01-14T02:55:55Z,-33.37671700,147.91543300,1884.00,
196,,,,,2012-01-14T02:55:59Z,-33.37723300,147.91548300,1884.00,
197,,,,,2012-01-14T02:56:03Z,-33.37788300,147.91543300,1903.00,
198,,,,,2012-01-14T02:56:07Z,-33.37851700,147.91541700,1921.00,
199,,,,,2012-01-14T02:56:11Z,-33.37921700,147.91538300,1926.00,
200,,,,,2012-01-14T02:56:15Z,-33.37971700,147.91528300,1936.00,
201,,,,,2012-01-14T02:56:19Z,-33.38043300,147.91531700,1952.00,
202,,,,,2012-01-14T02:56:23Z,-33.38060000,147.91531700,1958.00,
203,,,,,2012-01-14T02:56:27Z,-33.38090000,147.91536700,1958.00,
204,,,,,2012-01-14T02:56:31Z,-33.38125000,147.91545000,1963.00,
205,,,,,2012-01-14T02:56:35Z,-33.38190000,147.91563300,1980.00,
206,,,,,2012-01-14T02:56:39Z,-33.38260000,147.91576700,1991.00,
207,,,,,2012-01-14T02:56:43Z,-33.38308300,147.91570000,2002.00,
208,,,,,2012-01-14T02:56:47Z,-33.38370000,147.91543300,2022.00,
209,,,,,2012-01-14T02:56:51Z,-33.38426700,147.91518300,2031.00,
210,,,,,2012-01-14T02:56:55Z,-33.38488300,147.91526700,2031.00,
211,,,,,2012-01-14T02:56:59Z,-33.38545000,147.91493300,2047.00,
212,,,,,2012-01-14T02:57:03Z,-33.38596700,147.91453300,2062.00,
213,,,,,2012-01-14T02:57:07Z,-33.38648300,147.91416700,2076.00,
214,,,,,2012-01-14T02:57:11Z,-33.38696700,147.91380000,2089.00,
215,,,,,2012-01-14T02:57:15Z,-33.38748300,147.91343300,2100.00,
216,,,,,2012-01-14T02:57:19Z,-33.38796700,147.91310000,2109.00,
217,,,,,2012-01-14T02:57:23Z,-33.38841700,147.91270000,2118.00,
218,,,,,2012-01-14T02:57:27Z,-33.38886700,147.91231700,2125.00,
219,,,,,2012-01-14T02:57:31Z,-33.38930000,147.91193300,2131.00,
220,,,,,2012-01-14T02:57:35Z,-33.38975000,147.91153300,2136.00,
221,,,,,2012-01-14T02:57:39Z,-33.39020000,147.91106700,2140.00,
222,,,,,2012-01-14T02:57:43Z,-33.39060000,147.91063300,2141.00,
223,,,,,2012-01-14T02:57:47Z,-33.39100000,147.91025000,2143.00,
224,,,,,2012-01-14T02:57:52Z,-33.39150000,147.90980000,2145.00,
225,,,,,2012-01-14T02:57:56Z,-33.39186700,147.90940000,2146.00,
226,,,,,2012-01-14T02:58:00Z,-33.39221700,147.90903300,2147.00,
227,,,,,2012-01-14T02:58:04Z,-33.39255000,147.90863300,2147.00,
228,,,,,2012-01-14T02:58:08Z,-33.39290000,147.90816700,2147.00,
229,,,,,2012-01-14T02:58:12Z,-33.39336700,147.90778300,2147.00,
230,,,,,2012-01-14T02:58:16Z,-33.39391700,147.90750000,2147.00,
231,,,,,2012-01-14T02:58:20Z,-33.39443300,147.90715000,2147.00,
232,,,,,2012-01-14T02:58:24Z,-33.39493300,147.90676700,2147.00,
233,,,,,2012-01-14T02:58:28Z,-33.39536700,147.90630000,2147.00,
234,,,,,2012-01-14T02:58:32Z,-33.39573300,147.90583300,2146.00,
235,,,,,2012-01-14T02:58:36Z,-33.39606700,147.90538300,2145.00,
236,,,,,2012-01-14T02:58:40Z,-33.39640000,147.90493300,2143.00,
237,,,,,2012-01-14T02:58:44Z,-33.39671700,147.90441700,2143.00,
238,,,,,2012-01-14T02:58:48Z,-33.39695000,147.90383300,2143.00,
239,,,,,2012-01-14T02:58:52Z,-33.39711700,147.90320000,2143.00,
240,,,,,2012-01-14T02:58:56Z,-33.39716700,147.90261700,2143.00,
241,,,,,2012-01-14T02:59:00Z,-33.39716700,147.90205000,2143.00,
242,,,,,2012-01-14T02:59:04Z,-33.39723300,147.90148300,2143.00,
243,,,,,2012-01-14T02:59:08Z,-33.39721700,147.90091700,2143.00,
244,,,,,2012-01-14T02:59:12Z,-33.39723300,147.90036700,2143.00,
245,,,,,2012-01-14T02:59:16Z,-33.39751700,147.89993300,2142.00,
246,,,,,2012-01-14T02:59:20Z,-33.39803300,147.89991700,2142.00,
247,,,,,2012-01-14T02:59:24Z,-33.39840000,147.90016700,2142.00,
248,,,,,2012-01-14T02:59:28Z,-33.39875000,147.90073300,2142.00,
249,,,,,2012-01-14T02:59:32Z,-33.39843300,147.90118300,2142.00,
250,,,,,2012-01-14T02:59:36Z,-33.39796700,147.90123300,2142.00,
251,,,,,2012-01-14T02:59:40Z,-33.39761700,147.90091700,2141.00,
252,,,,,2012-01-14T02:59:44Z,-33.39750000,147.90048300,2141.00,
253,,,,,2012-01-14T02:59:48Z,-33.39771700,147.90005000,2141.00,
254,,,,,2012-01-14T02:59:52Z,-33.39813300,147.89970000,2141.00,
255,,,,,2012-01-14T02:59:56Z,-33.39863300,147.89943300,2141.00,
256,,,,,2012-01-14T03:00:00Z,-33.39920000,147.89931700,2142.00,
257,,,,,2012-01-14T03:00:04Z,-33.39980000,147.89933300,2142.00,
258,,,,,2012-01-14T03:00:08Z,-33.40043300,147.89930000,2142.00,
259,,,,,2012-01-14T03:00:12Z,-33.40106700,147.89938300,2142.00,
260,,,,,2012-01-14T03:00:16Z,-33.40168300,147.89948300,2142.00,
261,,,,,2012-01-14T03:00:20Z,-33.40228300,147.89975000,2142.00,
262,,,,,2012-01-14T03:00:24Z,-33.40275000,147.90023300,2143.00,
263,,,,,2012-01-14T03:00:28Z,-33.40328300,147.90080000,2144.00,
264,,,,,2012-01-14T03:00:32Z,-33.40378300,147.90136700,2144.00,
265,,,,,2012-01-14T03:00:36Z,-33.40433300,147.90186700,2144.00,
266,,,,,2012-01-14T03:00:41Z,-33.40463300,147.90208300,2144.00,
267,,,,,2012-01-14T03:00:45Z,-33.40463300,147.90208300,2144.00,
268,,,,,2012-01-14T03:00:48Z,-33.40613300,147.90270000,2144.00,
269,,,,,2012-01-14T03:00:52Z,-33.40668300,147.90226700,2145.00,
270,,,,,2012-01-14T03:00:56Z,-33.40716700,147.90170000,2146.00,
271,,,,,2012-01-14T03:01:00Z,-33.40758300,147.90111700,2147.00,
272,,,,,2012-01-14T03:01:04Z,-33.40800000,147.90046700,2147.00,
273,,,,,2012-01-14T03:01:09Z,-33.40850000,147.89958300,2147.00,
274,,,,,2012-01-14T03:01:13Z,-33.40886700,147.89885000,2147.00,
275,,,,,2012-01-14T03:01:17Z,-33.40918300,147.89813300,2147.00,
276,,,,,2012-01-14T03:01:21Z,-33.40943300,147.89740000,2147.00,
277,,,,,2012-01-14T03:01:25Z,-33.40966700,147.89663300,2147.00,
278,,,,,2012-01-14T03:01:29Z,-33.40990000,147.89590000,2147.00,
279,,,,,2012-01-14T03:01:33Z,-33.41006700,147.89521700,2147.00,
280,,,,,2012-01-14T03:01:37Z,-33.41031700,147.89460000,2147.00,
281,,,,,2012-01-14T03:01:41Z,-33.41080000,147.89408300,2146.00,
282,,,,,2012-01-14T03:01:45Z,-33.41125000,147.89366700,2143.00,
283,,,,,2012-01-14T03:01:49Z,-33.41160000,147.89305000,2143.00,
284,,,,,2012-01-14T03:01:53Z,-33.41185000,147.89235000,2143.00,
285,,,,,2012-01-14T03:01:57Z,-33.41195000,147.89161700,2143.00,
286,,,,,2012-01-14T03:02:01Z,-33.41198300,147.89093300,2143.00,
287,,,,,2012-01-14T03:02:05Z,-33.41186700,147.89030000,2142.00,
288,,,,,2012-01-14T03:02:09Z,-33.41170000,147.88963300,2138.00,
289,,,,,2012-01-14T03:02:13Z,-33.41151700,147.88895000,2134.00,
290,,,,,2012-01-14T03:02:17Z,-33.41136700,147.88823300,2134.00,
291,,,,,2012-01-14T03:02:21Z,-33.41123300,147.88756700,2133.00,
292,,,,,2012-01-14T03:02:25Z,-33.41111700,147.88688300,2133.00,
293,,,,,2012-01-14T03:02:29Z,-33.41098300,147.88621700,2131.00,
294,,,,,2012-01-14T03:02:33Z,-33.41091700,147.88558300,2124.00,
295,,,,,2012-01-14T03:02:37Z,-33.41093300,147.88496700,2117.00,
296,,,,,2012-01-14T03:02:41Z,-33.41106700,147.88435000,2114.00,
297,,,,,2012-01-14T03:02:45Z,-33.41098300,147.88378300,2102.00,
298,,,,,2012-01-14T03:02:49Z,-33.41083300,147.88325000,2088.00,
299,,,,,2012-01-14T03:02:53Z,-33.41063300,147.88271700,2074.00,
300,,,,,2012-01-14T03:02:57Z,-33.41041700,147.88215000,2064.00,
301,,,,,2012-01-14T03:03:01Z,-33.41031700,147.88155000,2057.00,
302,,,,,2012-01-14T03:03:05Z,-33.41021700,147.88095000,2054.00,
303,,,,,2012-01-14T03:03:09Z,-33.40996700,147.88046700,2042.00,
304,,,,,2012-01-14T03:03:13Z,-33.40973300,147.87993300,2039.00,
305,,,,,2012-01-14T03:03:17Z,-33.40943300,147.87941700,2039.00,
306,,,,,2012-01-14T03:03:21Z,-33.40915000,147.87901700,2029.00,
307,,,,,2012-01-14T03:03:25Z,-33.40900000,147.87855000,2023.00,
308,,,,,2012-01-14T03:03:29Z,-33.40878300,147.87808300,2014.00,
309,,,,,2012-01-14T03:03:33Z,-33.40863300,147.87756700,2011.00,
310,,,,,2012-01-14T03:03:37Z,-33.40843300,147.87713300,2008.00,
311,,,,,2012-01-14T03:03:41Z,-33.40811700,147.87673300,2008.00,
312,,,,,2012-01-14T03:03:45Z,-33.40770000,147.87650000,2008.00,
313,,,,,2012-01-14T03:03:49Z,-33.40743300,147.87610000,1998.00,
314,,,,,2012-01-14T03:03:53Z,-33.40718300,147.87565000,1986.00,
315,,,,,2012-01-14T03:03:57Z,-33.40700000,147.87513300,1981.00,
316,,,,,2012-01-14T03:04:01Z,-33.40691700,147.87466700,1981.00,
317,,,,,2012-01-14T03:04:05Z,-33.40671700,147.87431700,1981.00,
318,,,,,2012-01-14T03:04:09Z,-33.40646700,147.87400000,1981.00,
319,,,,,2012-01-14T03:04:13Z,-33.40621700,147.87365000,1981.00,
320,,,,,2012-01-14T03:04:17Z,-33.40596700,147.87326700,1981.00,
321,,,,,2012-01-14T03:04:21Z,-33.40566700,147.87288300,1981.00,
322,,,,,2012-01-14T03:04:26Z,-33.40526700,147.87238300,1981.00,
323,,,,,2012-01-14T03:04:30Z,-33.40493300,147.87196700,1981.00,
324,,,,,2012-01-14T03:04:34Z,-33.40458300,147.87160000,1981.00,
325,,,,,2012-01-14T03:04:38Z,-33.40421700,147.87128300,1979.00,
326,,,,,2012-01-14T03:04:42Z,-33.40373300,147.87093300,1967.00,
327,,,,,2012-01-14T03:04:46Z,-33.40323300,147.87061700,1954.00,
328,,,,,2012-01-14T03:04:50Z,-33.40283300,147.87020000,1954.00,
329,,,,,2012-01-14T03:04:54Z,-33.40253300,147.86973300,1954.00,
330,,,,,2012-01-14T03:04:58Z,-33.40193300,147.86968300,1954.00,
331,,,,,2012-01-14T03:05:02Z,-33.40165000,147.86931700,1954.00,
332,,,,,2012-01-14T03:05:06Z,-33.40156700,147.86926700,1954.00,
333,,,,,2012-01-14T03:05:10Z,-33.40090000,147.86881700,1954.00,
334,,,,,2012-01-14T03:05:14Z,-33.40063300,147.86836700,1954.00,
335,,,,,2012-01-14T03:05:18Z,-33.40033300,147.86800000,1950.00,
336,,,,,2012-01-14T03:05:22Z,-33.40013300,147.86781700,1947.00,
337,,,,,2012-01-14T03:05:26Z,-33.39958300,147.86770000,1947.00,
338,,,,,2012-01-14T03:05:30Z,-33.39921700,147.86746700,1947.00,
339,,,,,2012-01-14T03:05:34Z,-33.39888300,147.86720000,1947.00,
340,,,,,2012-01-14T03:05:38Z,-33.39823300,147.86713300,1947.00,
341,,,,,2012-01-14T03:05:42Z,-33.39771700,147.86723300,1947.00,
342,,,,,2012-01-14T03:05:46Z,-33.39731700,147.86716700,1947.00,
343,,,,,2012-01-14T03:05:50Z,-33.39690000,147.86705000,1947.00,
344,,,,,2012-01-14T03:05:54Z,-33.39655000,147.86693300,1947.00,
345,,,,,2012-01-14T03:05:58Z,-33.39611700,147.86678300,1947.00,
346,,,,,2012-01-14T03:06:02Z,-33.39588300,147.86656700,1947.00,
347,,,,,2012-01-14T03:06:06Z,-33.39546700,147.86651700,1947.00,
348,,,,,2012-01-14T03:06:10Z,-33.39523300,147.86630000,1947.00,
349,,,,,2012-01-14T03:06:14Z,-33.39495000,147.86598300,1947.00,
350,,,,,2012-01-14T03:06:18Z,-33.39471700,147.86558300,1947.00,
351,,,,,2012-01-14T03:06:22Z,-33.39446700,147.86520000,1947.00,
352,,,,,2012-01-14T03:06:26Z,-33.39423300,147.86481700,1947.00,
353,,,,,2012-01-14T03:06:30Z,-33.39415000,147.86430000,1947.00,
354,,,,,2012-01-14T03:06:34Z,-33.39415000,147.86430000,1947.00,
355,,,,,2012-01-14T03:06:38Z,-33.39415000,147.86430000,1947.00,
356,,,,,2012-01-14T03:06:42Z,-33.39386700,147.86308300,1947.00,
357,,,,,2012-01-14T03:06:46Z,-33.39370000,147.86291700,1947.00,
358,,,,,2012-01-14T03:06:50Z,-33.39336700,147.86235000,1947.00,
359,,,,,2012-01-14T03:06:54Z,-33.39333300,147.86190000,1947.00,
360,,,,,2012-01-14T03:06:58Z,-33.39371700,147.86131700,1941.00,
361,,,,,2012-01-14T03:07:03Z,-33.39403300,147.86145000,1941.00,
362,,,,,2012-01-14T03:07:06Z,-33.39390000,147.86178300,1922.00,
363,,,,,2012-01-14T03:07:10Z,-33.39375000,147.86146700,1900.00,
364,,,,,2012-01-14T03:07:15Z,-33.39385000,147.86103300,1889.00,
365,,,,,2012-01-14T03:07:18Z,-33.39415000,147.86041700,1889.00,
366,,,,,2012-01-14T03:07:22Z,-33.39463300,147.86051700,1872.00,
367,,,,,2012-01-14T03:07:26Z,-33.39493300,147.86106700,1862.00,
368,,,,,2012-01-14T03:07:30Z,-33.39468300,147.86160000,1847.00,
369,,,,,2012-01-14T03:07:34Z,-33.39430000,147.86171700,1847.00,
370,,,,,2012-01-14T03:07:39Z,-33.39416700,147.86130000,1843.00,
371,,,,,2012-01-14T03:07:43Z,-33.39438300,147.86083300,1840.00,
372,,,,,2012-01-14T03:07:47Z,-33.39483300,147.86065000,1832.00,
373,,,,,2012-01-14T03:07:51Z,-33.39531700,147.86115000,1827.00,
374,,,,,2012-01-14T03:07:55Z,-33.39525000,147.86178300,1819.00,
375,,,,,2012-01-14T03:07:59Z,-33.39486700,147.86203300,1815.00,
376,,,,,2012-01-14T03:08:03Z,-33.39456700,147.86180000,1813.00,
377,,,,,2012-01-14T03:08:07Z,-33.39451700,147.86146700,1813.00,
378,,,,,2012-01-14T03:08:11Z,-33.39465000,147.86080000,1813.00,
379,,,,,2012-01-14T03:08:15Z,-33.39496700,147.86041700,1813.00,
380,,,,,2012-01-14T03:08:19Z,-33.39513300,147.86093300,1809.00,
381,,,,,2012-01-14T03:08:23Z,-33.39476700,147.86113300,1807.00,
382,,,,,2012-01-14T03:08:27Z,-33.39465000,147.86071700,1805.00,
383,,,,,2012-01-14T03:08:31Z,-33.39498300,147.86048300,1804.00,
384,,,,,2012-01-14T03:08:35Z,-33.39548300,147.86093300,1804.00,
385,,,,,2012-01-14T03:08:39Z,-33.39570000,147.86166700,1807.00,
386,,,,,2012-01-14T03:08:43Z,-33.39555000,147.86226700,1807.00,
387,,,,,2012-01-14T03:08:47Z,-33.39521700,147.86271700,1810.00,
388,,,,,2012-01-14T03:08:51Z,-33.39483300,147.86275000,1812.00,
389,,,,,2012-01-14T03:08:55Z,-33.39458300,147.86236700,1813.00,
390,,,,,2012-01-14T03:08:59Z,-33.39475000,147.86188300,1818.00,
391,,,,,2012-01-14T03:09:03Z,-33.39520000,147.86171700,1822.00,
392,,,,,2012-01-14T03:09:07Z,-33.39571700,147.86215000,1830.00,
393,,,,,2012-01-14T03:09:11Z,-33.39586700,147.86285000,1832.00,
394,,,,,2012-01-14T03:09:15Z,-33.39565000,147.86345000,1838.00,
395,,,,,2012-01-14T03:09:19Z,-33.39526700,147.86370000,1844.00,
396,,,,,2012-01-14T03:09:23Z,-33.39486700,147.86346700,1844.00,
397,,,,,2012-01-14T03:09:27Z,-33.39490000,147.86303300,1848.00,
398,,,,,2012-01-14T03:09:31Z,-33.39543300,147.86310000,1854.00,
399,,,,,2012-01-14T03:09:35Z,-33.39586700,147.86360000,1854.00,
400,,,,,2012-01-14T03:09:39Z,-33.39590000,147.86426700,1861.00,
401,,,,,2012-01-14T03:09:43Z,-33.39558300,147.86475000,1868.00,
402,,,,,2012-01-14T03:09:47Z,-33.39520000,147.86510000,1868.00,
403,,,,,2012-01-14T03:09:51Z,-33.39481700,147.86526700,1868.00,
404,,,,,2012-01-14T03:09:55Z,-33.39478300,147.86480000,1871.00,
405,,,,,2012-01-14T03:09:59Z,-33.39528300,147.86470000,1879.00,
406,,,,,2012-01-14T03:10:03Z,-33.39548300,147.86521700,1885.00,
407,,,,,2012-01-14T03:10:07Z,-33.39496700,147.86571700,1885.00,
408,,,,,2012-01-14T03:10:11Z,-33.39458300,147.86596700,1885.00,
409,,,,,2012-01-14T03:10:15Z,-33.39428300,147.86590000,1885.00,
410,,,,,2012-01-14T03:10:20Z,-33.39433300,147.86576700,1888.00,
411,,,,,2012-01-14T03:10:23Z,-33.39445000,147.86583300,1894.00,
412,,,,,2012-01-14T03:10:27Z,-33.39426700,147.86621700,1912.00,
413,,,,,2012-01-14T03:10:31Z,-33.39393300,147.86618300,1928.00,
414,,,,,2012-01-14T03:10:35Z,-33.39393300,147.86573300,1939.00,
415,,,,,2012-01-14T03:10:39Z,-33.39441700,147.86560000,1963.00,
416,,,,,2012-01-14T03:10:43Z,-33.39480000,147.86601700,1987.00,
417,,,,,2012-01-14T03:10:47Z,-33.39465000,147.86656700,2011.00,
418,,,,,2012-01-14T03:10:52Z,-33.39420000,147.86661700,2030.00,
419,,,,,2012-01-14T03:10:56Z,-33.39420000,147.86616700,2041.00,
420,,,,,2012-01-14T03:11:00Z,-33.39470000,147.86586700,2041.00,
421,,,,,2012-01-14T03:11:04Z,-33.39531700,147.86606700,2041.00,
422,,,,,2012-01-14T03:11:08Z,-33.39560000,147.86653300,2053.00,
423,,,,,2012-01-14T03:11:12Z,-33.39528300,147.86695000,2069.00,
424,,,,,2012-01-14T03:11:16Z,-33.39493300,147.86683300,2093.00,
425,,,,,2012-01-14T03:11:20Z,-33.39496700,147.86631700,2117.00,
426,,,,,2012-01-14T03:11:24Z,-33.39531700,147.86590000,2139.00,
427,,,,,2012-01-14T03:11:28Z,-33.39581700,147.86606700,2161.00,
428,,,,,2012-01-14T03:11:32Z,-33.39618300,147.86665000,2176.00,
429,,,,,2012-01-14T03:11:36Z,-33.39616700,147.86748300,2197.00,
430,,,,,2012-01-14T03:11:40Z,-33.39583300,147.86808300,2213.00,
431,,,,,2012-01-14T03:11:44Z,-33.39535000,147.86836700,2224.00,
432,,,,,2012-01-14T03:11:48Z,-33.39505000,147.86811700,2235.00,
433,,,,,2012-01-14T03:11:52Z,-33.39493300,147.86763300,2241.00,
434,,,,,2012-01-14T03:11:56Z,-33.39533300,147.86720000,2262.00,
435,,,,,2012-01-14T03:12:00Z,-33.39591700,147.86705000,2283.00,
436,,,,,2012-01-14T03:12:04Z,-33.39648300,147.86730000,2298.00,
437,,,,,2012-01-14T03:12:08Z,-33.39698300,147.86785000,2317.00,
438,,,,,2012-01-14T03:12:12Z,-33.39728300,147.86850000,2321.00,
439,,,,,2012-01-14T03:12:16Z,-33.39718300,147.86923300,2338.00,
440,,,,,2012-01-14T03:12:20Z,-33.39681700,147.86971700,2355.00,
441,,,,,2012-01-14T03:12:24Z,-33.39638300,147.86978300,2363.00,
442,,,,,2012-01-14T03:12:28Z,-33.39608300,147.86946700,2370.00,
443,,,,,2012-01-14T03:12:32Z,-33.39621700,147.86896700,2377.00,
444,,,,,2012-01-14T03:12:36Z,-33.39666700,147.86873300,2383.00,
445,,,,,2012-01-14T03:12:40Z,-33.39728300,147.86901700,2386.00,
446,,,,,2012-01-14T03:12:44Z,-33.39775000,147.86956700,2394.00,
447,,,,,2012-01-14T03:12:48Z,-33.39781700,147.87028300,2404.00,
448,,,,,2012-01-14T03:12:52Z,-33.39761700,147.87098300,2418.00,
449,,,,,2012-01-14T03:12:56Z,-33.39725000,147.87133300,2425.00,
450,,,,,2012-01-14T03:13:00Z,-33.39683300,147.87121700,2428.00,
451,,,,,2012-01-14T03:13:04Z,-33.39648300,147.87085000,2431.00,
452,,,,,2012-01-14T03:13:08Z,-33.39626700,147.87038300,2431.00,
453,,,,,2012-01-14T03:13:12Z,-33.39616700,147.86990000,2433.00,
454,,,,,2012-01-14T03:13:16Z,-33.39648300,147.86946700,2438.00,
455,,,,,2012-01-14T03:13:20Z,-33.39700000,147.86928300,2438.00,
456,,,,,2012-01-14T03:13:24Z,-33.39753300,147.86931700,2438.00,
457,,,,,2012-01-14T03:13:28Z,-33.39803300,147.86953300,2438.00,
458,,,,,2012-01-14T03:13:32Z,-33.39853300,147.86981700,2438.00,
459,,,,,2012-01-14T03:13:36Z,-33.39906700,147.87015000,2438.00,
460,,,,,2012-01-14T03:13:40Z,-33.39941700,147.87061700,2442.00,
461,,,,,2012-01-14T03:13:44Z,-33.39921700,147.87126700,2452.00,
462,,,,,2012-01-14T03:13:48Z,-33.39888300,147.87146700,2459.00,
463,,,,,2012-01-14T03:13:52Z,-33.39855000,147.87141700,2459.00,
464,,,,,2012-01-14T03:13:56Z,-33.39826700,147.87128300,2459.00,
465,,,,,2012-01-14T03:14:00Z,-33.39801700,147.87108300,2459.00,
466,,,,,2012-01-14T03:14:05Z,-33.39775000,147.87095000,2459.00,
467,,,,,2012-01-14T03:14:09Z,-33.39775000,147.87095000,2459.00,
468,,,,,2012-01-14T03:14:13Z,-33.39723300,147.86988300,2459.00,
469,,,,,2012-01-14T03:14:17Z,-33.39715000,147.86928300,2459.00,
470,,,,,2012-01-14T03:14:21Z,-33.39703300,147.86870000,2459.00,
471,,,,,2012-01-14T03:14:25Z,-33.39695000,147.86806700,2459.00,
472,,,,,2012-01-14T03:14:29Z,-33.39690000,147.86741700,2459.00,
473,,,,,2012-01-14T03:14:33Z,-33.39695000,147.86676700,2459.00,
474,,,,,2012-01-14T03:14:37Z,-33.39708300,147.86620000,2459.00,
475,,,,,2012-01-14T03:14:41Z,-33.39715000,147.86561700,2459.00,
476,,,,,2012-01-14T03:14:45Z,-33.39715000,147.86506700,2459.00,
477,,,,,2012-01-14T03:14:49Z,-33.39710000,147.86448300,2459.00,
478,,,,,2012-01-14T03:14:53Z,-33.39705000,147.86390000,2459.00,
479,,,,,2012-01-14T03:14:57Z,-33.39690000,147.86326700,2459.00,
480,,,,,2012-01-14T03:15:01Z,-33.39670000,147.86266700,2459.00,
481,,,,,2012-01-14T03:15:05Z,-33.39651700,147.86210000,2459.00,
482,,,,,2012-01-14T03:15:09Z,-33.39623300,147.86163300,2459.00,
483,,,,,2012-01-14T03:15:13Z,-33.39595000,147.86120000,2458.00,
484,,,,,2012-01-14T03:15:17Z,-33.39595000,147.86120000,2458.00,
485,,,,,2012-01-14T03:15:21Z,-33.39545000,147.86023300,2457.00,
486,,,,,2012-01-14T03:15:25Z,-33.39513300,147.85976700,2456.00,
487,,,,,2012-01-14T03:15:29Z,-33.39476700,147.85928300,2453.00,
488,,,,,2012-01-14T03:15:33Z,-33.39441700,147.85886700,2453.00,
489,,,,,2012-01-14T03:15:37Z,-33.39405000,147.85850000,2450.00,
490,,,,,2012-01-14T03:15:41Z,-33.39358300,147.85820000,2450.00,
491,,,,,2012-01-14T03:15:45Z,-33.39315000,147.85790000,2450.00,
492,,,,,2012-01-14T03:15:49Z,-33.39285000,147.85745000,2447.00,
493,,,,,2012-01-14T03:15:53Z,-33.39270000,147.85695000,2446.00,
494,,,,,2012-01-14T03:15:57Z,-33.39255000,147.85645000,2446.00,
495,,,,,2012-01-14T03:16:01Z,-33.39240000,147.85596700,2446.00,
496,,,,,2012-01-14T03:16:05Z,-33.39230000,147.85546700,2446.00,
497,,,,,2012-01-14T03:16:09Z,-33.39220000,147.85491700,2446.00,
498,,,,,2012-01-14T03:16:13Z,-33.39215000,147.85435000,2446.00,
499,,,,,2012-01-14T03:16:17Z,-33.39206700,147.85375000,2445.00,
500,,,,,2012-01-14T03:16:21Z,-33.39198300,147.85306700,2441.00,
501,,,,,2012-01-14T03:16:25Z,-33.39190000,147.85246700,2441.00,
502,,,,,2012-01-14T03:16:29Z,-33.39181700,147.85183300,2441.00,
503,,,,,2012-01-14T03:16:33Z,-33.39173300,147.85121700,2441.00,
504,,,,,2012-01-14T03:16:37Z,-33.39163300,147.85058300,2441.00,
505,,,,,2012-01-14T03:16:41Z,-33.39160000,147.85023300,2441.00,
506,,,,,2012-01-14T03:16:45Z,-33.39143300,147.84935000,2441.00,
507,,,,,2012-01-14T03:16:49Z,-33.39131700,147.84875000,2441.00,
508,,,,,2012-01-14T03:16:53Z,-33.39110000,147.84818300,2441.00,
509,,,,,2012-01-14T03:16:57Z,-33.39083300,147.84768300,2441.00,
510,,,,,2012-01-14T03:17:01Z,-33.39058300,147.84723300,2441.00,
511,,,,,2012-01-14T03:17:05Z,-33.39021700,147.84695000,2441.00,
512,,,,,2012-01-14T03:17:09Z,-33.38983300,147.84668300,2441.00,
513,,,,,2012-01-14T03:17:13Z,-33.38943300,147.84648300,2441.00,
514,,,,,2012-01-14T03:17:17Z,-33.38903300,147.84620000,2441.00,
515,,,,,2012-01-14T03:17:21Z,-33.38861700,147.84598300,2441.00,
516,,,,,2012-01-14T03:17:25Z,-33.38823300,147.84568300,2441.00,
517,,,,,2012-01-14T03:17:29Z,-33.38793300,147.84543300,2441.00,
518,,,,,2012-01-14T03:17:34Z,-33.38781700,147.84525000,2441.00,
519,,,,,2012-01-14T03:17:38Z,-33.38743300,147.84446700,2439.00,
520,,,,,2012-01-14T03:17:42Z,-33.38726700,147.84405000,2439.00,
521,,,,,2012-01-14T03:17:46Z,-33.38713300,147.84385000,2439.00,
522,,,,,2012-01-14T03:17:50Z,-33.38713300,147.84385000,2439.00,
523,,,,,2012-01-14T03:17:54Z,-33.38635000,147.84271700,2439.00,
524,,,,,2012-01-14T03:17:58Z,-33.38605000,147.84235000,2439.00,
525,,,,,2012-01-14T03:18:02Z,-33.38565000,147.84190000,2439.00,
526,,,,,2012-01-14T03:18:06Z,-33.38565000,147.84190000,2439.00,
527,,,,,2012-01-14T03:18:10Z,-33.38493300,147.84125000,2439.00,
528,,,,,2012-01-14T03:18:14Z,-33.38475000,147.84106700,2439.00,
529,,,,,2012-01-14T03:18:18Z,-33.38415000,147.84038300,2438.00,
530,,,,,2012-01-14T03:18:22Z,-33.38385000,147.83981700,2422.00,
531,,,,,2012-01-14T03:18:26Z,-33.38348300,147.83933300,2422.00,
532,,,,,2012-01-14T03:18:30Z,-33.38308300,147.83890000,2422.00,
533,,,,,2012-01-14T03:18:34Z,-33.38308300,147.83890000,2422.00,
534,,,,,2012-01-14T03:18:38Z,-33.38296700,147.83875000,2422.00,
535,,,,,2012-01-14T03:18:42Z,-33.38248300,147.83823300,2422.00,
536,,,,,2012-01-14T03:18:46Z,-33.38226700,147.83790000,2413.00,
537,,,,,2012-01-14T03:18:50Z,-33.38190000,147.83713300,2388.00,
538,,,,,2012-01-14T03:18:54Z,-33.38160000,147.83643300,2363.00,
539,,,,,2012-01-14T03:18:58Z,-33.38146700,147.83575000,2363.00,
540,,,,,2012-01-14T03:19:02Z,-33.38123300,147.83505000,2350.00,
541,,,,,2012-01-14T03:19:06Z,-33.38100000,147.83445000,2350.00,
542,,,,,2012-01-14T03:19:10Z,-33.38058300,147.83396700,2350.00,
543,,,,,2012-01-14T03:19:14Z,-33.38023300,147.83340000,2350.00,
544,,,,,2012-01-14T03:19:18Z,-33.37973300,147.83295000,2350.00,
545,,,,,2012-01-14T03:19:22Z,-33.37921700,147.83258300,2350.00,
546,,,,,2012-01-14T03:19:26Z,-33.37871700,147.83235000,2350.00,
547,,,,,2012-01-14T03:19:30Z,-33.37820000,147.83241700,2350.00,
548,,,,,2012-01-14T03:19:34Z,-33.37820000,147.83241700,2350.00,
549,,,,,2012-01-14T03:19:38Z,-33.37753300,147.83268300,2350.00,
550,,,,,2012-01-14T03:19:42Z,-33.37736700,147.83276700,2350.00,
551,,,,,2012-01-14T03:19:46Z,-33.37715000,147.83281700,2350.00,
552,,,,,2012-01-14T03:19:50Z,-33.37671700,147.83295000,2350.00,
553,,,,,2012-01-14T03:19:54Z,-33.37635000,147.83311700,2350.00,
554,,,,,2012-01-14T03:19:58Z,-33.37553300,147.83328300,2350.00,
555,,,,,2012-01-14T03:20:02Z,-33.37511700,147.83271700,2350.00,
556,,,,,2012-01-14T03:20:06Z,-33.37540000,147.83223300,2341.00,
557,,,,,2012-01-14T03:20:10Z,-33.37578300,147.83240000,2341.00,
558,,,,,2012-01-14T03:20:14Z,-33.37568300,147.83271700,2328.00,
559,,,,,2012-01-14T03:20:18Z,-33.37513300,147.83300000,2306.00,
560,,,,,2012-01-14T03:20:22Z,-33.37448300,147.83313300,2306.00,
561,,,,,2012-01-14T03:20:26Z,-33.37415000,147.83261700,2306.00,
562,,,,,2012-01-14T03:20:30Z,-33.37440000,147.83205000,2287.00,
563,,,,,2012-01-14T03:20:34Z,-33.37505000,147.83171700,2282.00,
564,,,,,2012-01-14T03:20:39Z,-33.37533300,147.83130000,2277.00,
565,,,,,2012-01-14T03:20:42Z,-33.37561700,147.83053300,2277.00,
566,,,,,2012-01-14T03:20:47Z,-33.37575000,147.82976700,2277.00,
567,,,,,2012-01-14T03:20:51Z,-33.37603300,147.82930000,2263.00,
568,,,,,2012-01-14T03:20:55Z,-33.37651700,147.82943300,2252.00,
569,,,,,2012-01-14T03:20:59Z,-33.37670000,147.82986700,2252.00,
570,,,,,2012-01-14T03:21:03Z,-33.37646700,147.83040000,2242.00,
571,,,,,2012-01-14T03:21:07Z,-33.37591700,147.83040000,2236.00,
572,,,,,2012-01-14T03:21:11Z,-33.37560000,147.83006700,2236.00,
573,,,,,2012-01-14T03:21:15Z,-33.37556700,147.82951700,2230.00,
574,,,,,2012-01-14T03:21:19Z,-33.37578300,147.82888300,2222.00,
575,,,,,2012-01-14T03:21:23Z,-33.37601700,147.82825000,2215.00,
576,,,,,2012-01-14T03:21:27Z,-33.37630000,147.82766700,2206.00,
577,,,,,2012-01-14T03:21:31Z,-33.37660000,147.82711700,2199.00,
578,,,,,2012-01-14T03:21:35Z,-33.37698300,147.82663300,2192.00,
579,,,,,2012-01-14T03:21:39Z,-33.37741700,147.82616700,2186.00,
580,,,,,2012-01-14T03:21:43Z,-33.37788300,147.82573300,2185.00,
581,,,,,2012-01-14T03:21:47Z,-33.37836700,147.82531700,2185.00,
582,,,,,2012-01-14T03:21:51Z,-33.37886700,147.82523300,2184.00,
583,,,,,2012-01-14T03:21:55Z,-33.37923300,147.82576700,2184.00,
584,,,,,2012-01-14T03:21:59Z,-33.37901700,147.82641700,2181.00,
585,,,,,2012-01-14T03:22:03Z,-33.37853300,147.82668300,2181.00,
586,,,,,2012-01-14T03:22:07Z,-33.37805000,147.82678300,2181.00,
587,,,,,2012-01-14T03:22:11Z,-33.37763300,147.82710000,2179.00,
588,,,,,2012-01-14T03:22:15Z,-33.37735000,147.82770000,2177.00,
589,,,,,2012-01-14T03:22:19Z,-33.37726700,147.82838300,2177.00,
590,,,,,2012-01-14T03:22:23Z,-33.37738300,147.82911700,2177.00,
591,,,,,2012-01-14T03:22:27Z,-33.37763300,147.82980000,2177.00,
592,,,,,2012-01-14T03:22:31Z,-33.37800000,147.83038300,2177.00,
593,,,,,2012-01-14T03:22:35Z,-33.37841700,147.83088300,2176.00,
594,,,,,2012-01-14T03:22:39Z,-33.37870000,147.83145000,2175.00,
595,,,,,2012-01-14T03:22:43Z,-33.37868300,147.83211700,2174.00,
596,,,,,2012-01-14T03:22:47Z,-33.37840000,147.83266700,2173.00,
597,,,,,2012-01-14T03:22:51Z,-33.37796700,147.83291700,2172.00,
598,,,,,2012-01-14T03:22:55Z,-33.37748300,147.83278300,2172.00,
599,,,,,2012-01-14T03:22:59Z,-33.37713300,147.83233300,2171.00,
600,,,,,2012-01-14T03:23:03Z,-33.37691700,147.83165000,2171.00,
601,,,,,2012-01-14T03:23:07Z,-33.37708300,147.83105000,2170.00,
602,,,,,2012-01-14T03:23:11Z,-33.37770000,147.83106700,2169.00,
603,,,,,2012-01-14T03:23:15Z,-33.37801700,147.83160000,2170.00,
604,,,,,2012-01-14T03:23:19Z,-33.37788300,147.83210000,2170.00,
605,,,,,2012-01-14T03:23:23Z,-33.37750000,147.83196700,2171.00,
606,,,,,2012-01-14T03:23:27Z,-33.37753300,147.83133300,2171.00,
607,,,,,2012-01-14T03:23:31Z,-33.37808300,147.83093300,2174.00,
608,,,,,2012-01-14T03:23:35Z,-33.37870000,147.83106700,2177.00,
609,,,,,2012-01-14T03:23:39Z,-33.37906700,147.83160000,2179.00,
610,,,,,2012-01-14T03:23:43Z,-33.37918300,147.83221700,2182.00,
611,,,,,2012-01-14T03:23:47Z,-33.37896700,147.83270000,2183.00,
612,,,,,2012-01-14T03:23:51Z,-33.37850000,147.83305000,2183.00,
613,,,,,2012-01-14T03:23:55Z,-33.37795000,147.83335000,2183.00,
614,,,,,2012-01-14T03:23:59Z,-33.37733300,147.83345000,2183.00,
615,,,,,2012-01-14T03:24:04Z,-33.37658300,147.83346700,2183.00,
616,,,,,2012-01-14T03:24:08Z,-33.37601700,147.83341700,2183.00,
617,,,,,2012-01-14T03:24:12Z,-33.37546700,147.83336700,2183.00,
618,,,,,2012-01-14T03:24:16Z,-33.37486700,147.83330000,2183.00,
619,,,,,2012-01-14T03:24:20Z,-33.37428300,147.83321700,2183.00,
620,,,,,2012-01-14T03:24:24Z,-33.37378300,147.83315000,2183.00,
621,,,,,2012-01-14T03:24:28Z,-33.37328300,147.83318300,2183.00,
622,,,,,2012-01-14T03:24:32Z,-33.37278300,147.83325000,2183.00,
623,,,,,2012-01-14T03:24:36Z,-33.37226700,147.83340000,2183.00,
624,,,,,2012-01-14T03:24:40Z,-33.37176700,147.83356700,2183.00,
625,,,,,2012-01-14T03:24:44Z,-33.37131700,147.83363300,2183.00,
626,,,,,2012-01-14T03:24:48Z,-33.37088300,147.83376700,2183.00,
627,,,,,2012-01-14T03:24:52Z,-33.37045000,147.83395000,2183.00,
628,,,,,2012-01-14T03:24:56Z,-33.37003300,147.83418300,2183.00,
629,,,,,2012-01-14T03:25:00Z,-33.36961700,147.83438300,2183.00,
630,,,,,2012-01-14T03:25:04Z,-33.36941700,147.83486700,2183.00,
631,,,,,2012-01-14T03:25:08Z,-33.36935000,147.83548300,2183.00,
632,,,,,2012-01-14T03:25:12Z,-33.36946700,147.83616700,2183.00,
633,,,,,2012-01-14T03:25:16Z,-33.36978300,147.83688300,2183.00,
634,,,,,2012-01-14T03:25:20Z,-33.37016700,147.83755000,2183.00,
635,,,,,2012-01-14T03:25:24Z,-33.37053300,147.83818300,2183.00,
636,,,,,2012-01-14T03:25:28Z,-33.37095000,147.83875000,2183.00,
637,,,,,2012-01-14T03:25:32Z,-33.37148300,147.83921700,2183.00,
638,,,,,2012-01-14T03:25:36Z,-33.37211700,147.83960000,2183.00,
639,,,,,2012-01-14T03:25:40Z,-33.37285000,147.83978300,2182.00,
640,,,,,2012-01-14T03:25:44Z,-33.37361700,147.83993300,2182.00,
641,,,,,2012-01-14T03:25:48Z,-33.37435000,147.84010000,2181.00,
642,,,,,2012-01-14T03:25:52Z,-33.37493300,147.84041700,2175.00,
643,,,,,2012-01-14T03:25:56Z,-33.37556700,147.84075000,2167.00,
644,,,,,2012-01-14T03:26:00Z,-33.37620000,147.84093300,2161.00,
645,,,,,2012-01-14T03:26:04Z,-33.37690000,147.84121700,2159.00,
646,,,,,2012-01-14T03:26:08Z,-33.37755000,147.84156700,2149.00,
647,,,,,2012-01-14T03:26:12Z,-33.37815000,147.84186700,2138.00,
648,,,,,2012-01-14T03:26:16Z,-33.37885000,147.84221700,2132.00,
649,,,,,2012-01-14T03:26:20Z,-33.37946700,147.84245000,2123.00,
650,,,,,2012-01-14T03:26:24Z,-33.38001700,147.84265000,2115.00,
651,,,,,2012-01-14T03:26:28Z,-33.38063300,147.84278300,2110.00,
652,,,,,2012-01-14T03:26:32Z,-33.38123300,147.84290000,2107.00,
653,,,,,2012-01-14T03:26:36Z,-33.38181700,147.84305000,2098.00,
654,,,,,2012-01-14T03:26:40Z,-33.38241700,147.84315000,2094.00,
655,,,,,2012-01-14T03:26:44Z,-33.38291700,147.84346700,2089.00,
656,,,,,2012-01-14T03:26:48Z,-33.38295000,147.84401700,2083.00,
657,,,,,2012-01-14T03:26:52Z,-33.38248300,147.84413300,2077.00,
658,,,,,2012-01-14T03:26:56Z,-33.38223300,147.84360000,2075.00,
659,,,,,2012-01-14T03:27:00Z,-33.38251700,147.84310000,2072.00,
660,,,,,2012-01-14T03:27:04Z,-33.38305000,147.84300000,2069.00,
661,,,,,2012-01-14T03:27:08Z,-33.38366700,147.84308300,2067.00,
662,,,,,2012-01-14T03:27:12Z,-33.38421700,147.84333300,2065.00,
663,,,,,2012-01-14T03:27:17Z,-33.38470000,147.84398300,2065.00,
664,,,,,2012-01-14T03:27:21Z,-33.38458300,147.84460000,2064.00,
665,,,,,2012-01-14T03:27:25Z,-33.38421700,147.84496700,2064.00,
666,,,,,2012-01-14T03:27:29Z,-33.38368300,147.84500000,2063.00,
667,,,,,2012-01-14T03:27:33Z,-33.38318300,147.84475000,2063.00,
668,,,,,2012-01-14T03:27:37Z,-33.38271700,147.84433300,2063.00,
669,,,,,2012-01-14T03:27:41Z,-33.38251700,147.84371700,2063.00,
670,,,,,2012-01-14T03:27:45Z,-33.38276700,147.84310000,2062.00,
671,,,,,2012-01-14T03:27:49Z,-33.38325000,147.84273300,2061.00,
672,,,,,2012-01-14T03:27:53Z,-33.38386700,147.84268300,2060.00,
673,,,,,2012-01-14T03:27:57Z,-33.38450000,147.84278300,2060.00,
674,,,,,2012-01-14T03:28:01Z,-33.38506700,147.84303300,2060.00,
675,,,,,2012-01-14T03:28:05Z,-33.38543300,147.84358300,2060.00,
676,,,,,2012-01-14T03:28:09Z,-33.38541700,147.84428300,2059.00,
677,,,,,2012-01-14T03:28:13Z,-33.38506700,147.84478300,2058.00,
678,,,,,2012-01-14T03:28:17Z,-33.38458300,147.84496700,2057.00,
679,,,,,2012-01-14T03:28:21Z,-33.38413300,147.84475000,2056.00,
680,,,,,2012-01-14T03:28:25Z,-33.38381700,147.84428300,2055.00,
681,,,,,2012-01-14T03:28:29Z,-33.38370000,147.84375000,2055.00,
682,,,,,2012-01-14T03:28:33Z,-33.38371700,147.84316700,2054.00,
683,,,,,2012-01-14T03:28:37Z,-33.38390000,147.84261700,2053.00,
684,,,,,2012-01-14T03:28:41Z,-33.38415000,147.84206700,2053.00,
685,,,,,2012-01-14T03:28:45Z,-33.38430000,147.84151700,2052.00,
686,,,,,2012-01-14T03:28:49Z,-33.38436700,147.84108300,2051.00,
687,,,,,2012-01-14T03:28:53Z,-33.38451700,147.84035000,2050.00,
688,,,,,2012-01-14T03:28:57Z,-33.38488300,147.83981700,2048.00,
689,,,,,2012-01-14T03:29:01Z,-33.38541700,147.83948300,2048.00,
690,,,,,2012-01-14T03:29:05Z,-33.38613300,147.83938300,2048.00,
691,,,,,2012-01-14T03:29:09Z,-33.38676700,147.83943300,2046.00,
692,,,,,2012-01-14T03:29:13Z,-33.38733300,147.83975000,2044.00,
693,,,,,2012-01-14T03:29:17Z,-33.38773300,147.84020000,2041.00,
694,,,,,2012-01-14T03:29:21Z,-33.38783300,147.84075000,2038.00,
695,,,,,2012-01-14T03:29:25Z,-33.38781700,147.84133300,2035.00,
696,,,,,2012-01-14T03:29:29Z,-33.38793300,147.84195000,2033.00,
697,,,,,2012-01-14T03:29:33Z,-33.38830000,147.84241700,2031.00,
698,,,,,2012-01-14T03:29:37Z,-33.38890000,147.84263300,2029.00,
699,,,,,2012-01-14T03:29:41Z,-33.38955000,147.84286700,2028.00,
700,,,,,2012-01-14T03:29:45Z,-33.39016700,147.84310000,2026.00,
701,,,,,2012-01-14T03:29:49Z,-33.39080000,147.84338300,2025.00,
702,,,,,2012-01-14T03:29:53Z,-33.39145000,147.84363300,2025.00,
703,,,,,2012-01-14T03:29:57Z,-33.39213300,147.84375000,2025.00,
704,,,,,2012-01-14T03:30:00Z,-33.39268300,147.84380000,2025.00,
705,,,,,2012-01-14T03:30:01Z,-33.39288300,147.84378300,2025.00,
706,,,,,2012-01-14T03:30:05Z,-33.39363300,147.84365000,2025.00,
707,,,,,2012-01-14T03:30:09Z,-33.39436700,147.84346700,2025.00,
708,,,,,2012-01-14T03:30:13Z,-33.39503300,147.84325000,2025.00,
709,,,,,2012-01-14T03:30:17Z,-33.39570000,147.84305000,2025.00,
710,,,,,2012-01-14T03:30:21Z,-33.39636700,147.84281700,2025.00,
711,,,,,2012-01-14T03:30:25Z,-33.39701700,147.84253300,2025.00,
712,,,,,2012-01-14T03:30:29Z,-33.39760000,147.84223300,2025.00,
713,,,,,2012-01-14T03:30:34Z,-33.39838300,147.84180000,2024.00,
714,,,,,2012-01-14T03:30:38Z,-33.39900000,147.84138300,2024.00,
715,,,,,2012-01-14T03:30:42Z,-33.39963300,147.84100000,2022.00,
716,,,,,2012-01-14T03:30:46Z,-33.40035000,147.84061700,2022.00,
717,,,,,2012-01-14T03:30:50Z,-33.40103300,147.84016700,2022.00,
718,,,,,2012-01-14T03:30:54Z,-33.40175000,147.83980000,2021.00,
719,,,,,2012-01-14T03:30:58Z,-33.40241700,147.83938300,2020.00,
720,,,,,2012-01-14T03:31:02Z,-33.40313300,147.83890000,2018.00,
721,,,,,2012-01-14T03:31:06Z,-33.40381700,147.83836700,2015.00,
722,,,,,2012-01-14T03:31:10Z,-33.40446700,147.83771700,2012.00,
723,,,,,2012-01-14T03:31:14Z,-33.40503300,147.83705000,2010.00,
724,,,,,2012-01-14T03:31:18Z,-33.40553300,147.83633300,2010.00,
725,,,,,2012-01-14T03:31:22Z,-33.40598300,147.83565000,2009.00,
726,,,,,2012-01-14T03:31:26Z,-33.40656700,147.83510000,2009.00,
727,,,,,2012-01-14T03:31:30Z,-33.40726700,147.83453300,2009.00,
728,,,,,2012-01-14T03:31:34Z,-33.40798300,147.83393300,2009.00,
729,,,,,2012-01-14T03:31:38Z,-33.40853300,147.83333300,2006.00,
730,,,,,2012-01-14T03:31:42Z,-33.40903300,147.83276700,2001.00,
731,,,,,2012-01-14T03:31:46Z,-33.40955000,147.83220000,1994.00,
732,,,,,2012-01-14T03:31:50Z,-33.41010000,147.83165000,1990.00,
733,,,,,2012-01-14T03:31:54Z,-33.41076700,147.83120000,1989.00,
734,,,,,2012-01-14T03:31:58Z,-33.41145000,147.83066700,1989.00,
735,,,,,2012-01-14T03:32:02Z,-33.41206700,147.83008300,1989.00,
736,,,,,2012-01-14T03:32:06Z,-33.41275000,147.82955000,1989.00,
737,,,,,2012-01-14T03:32:10Z,-33.41341700,147.82906700,1989.00,
738,,,,,2012-01-14T03:32:14Z,-33.41395000,147.82855000,1987.00,
739,,,,,2012-01-14T03:32:18Z,-33.41465000,147.82801700,1987.00,
740,,,,,2012-01-14T03:32:22Z,-33.41530000,147.82740000,1987.00,
741,,,,,2012-01-14T03:32:26Z,-33.41556700,147.82695000,1985.00,
742,,,,,2012-01-14T03:32:30Z,-33.41610000,147.82606700,1985.00,
743,,,,,2012-01-14T03:32:34Z,-33.41650000,147.82543300,1985.00,
744,,,,,2012-01-14T03:32:38Z,-33.41673300,147.82465000,1985.00,
745,,,,,2012-01-14T03:32:42Z,-33.41703300,147.82400000,1985.00,
746,,,,,2012-01-14T03:32:46Z,-33.41733300,147.82356700,1985.00,
747,,,,,2012-01-14T03:32:50Z,-33.41766700,147.82310000,1985.00,
748,,,,,2012-01-14T03:32:54Z,-33.41790000,147.82271700,1985.00,
749,,,,,2012-01-14T03:32:58Z,-33.41828300,147.82196700,1985.00,
750,,,,,2012-01-14T03:33:02Z,-33.41846700,147.82138300,1985.00,
751,,,,,2012-01-14T03:33:06Z,-33.41846700,147.82138300,1985.00,
752,,,,,2012-01-14T03:33:10Z,-33.41865000,147.82020000,1985.00,
753,,,,,2012-01-14T03:33:14Z,-33.41856700,147.81938300,1985.00,
754,,,,,2012-01-14T03:33:18Z,-33.41816700,147.81910000,1985.00,
755,,,,,2012-01-14T03:33:22Z,-33.41786700,147.81915000,1981.00,
756,,,,,2012-01-14T03:33:26Z,-33.41781700,147.81948300,1962.00,
757,,,,,2012-01-14T03:33:30Z,-33.41820000,147.81953300,1955.00,
758,,,,,2012-01-14T03:33:34Z,-33.41825000,147.81906700,1944.00,
759,,,,,2012-01-14T03:33:38Z,-33.41805000,147.81846700,1924.00,
760,,,,,2012-01-14T03:33:42Z,-33.41810000,147.81800000,1918.00,
761,,,,,2012-01-14T03:33:46Z,-33.41825000,147.81746700,1912.00,
762,,,,,2012-01-14T03:33:50Z,-33.41836700,147.81691700,1912.00,
763,,,,,2012-01-14T03:33:55Z,-33.41798300,147.81653300,1912.00,
764,,,,,2012-01-14T03:33:59Z,-33.41751700,147.81656700,1912.00,
765,,,,,2012-01-14T03:34:03Z,-33.41751700,147.81656700,1912.00,
766,,,,,2012-01-14T03:34:07Z,-33.41710000,147.81685000,1912.00,
767,,,,,2012-01-14T03:34:11Z,-33.41708300,147.81716700,1912.00,
768,,,,,2012-01-14T03:34:15Z,-33.41708300,147.81726700,1912.00,
769,,,,,2012-01-14T03:34:19Z,-33.41708300,147.81726700,1912.00,
770,,,,,2012-01-14T03:34:23Z,-33.41708300,147.81726700,1912.00,
771,,,,,2012-01-14T03:34:27Z,-33.41645000,147.81661700,1905.00,
772,,,,,2012-01-14T03:34:31Z,-33.41691700,147.81638300,1902.00,
773,,,,,2012-01-14T03:34:35Z,-33.41718300,147.81683300,1896.00,
774,,,,,2012-01-14T03:34:39Z,-33.41698300,147.81735000,1885.00,
775,,,,,2012-01-14T03:34:43Z,-33.41658300,147.81733300,1877.00,
776,,,,,2012-01-14T03:34:47Z,-33.41623300,147.81680000,1872.00,
777,,,,,2012-01-14T03:34:51Z,-33.41660000,147.81633300,1865.00,
778,,,,,2012-01-14T03:34:55Z,-33.41716700,147.81648300,1860.00,
779,,,,,2012-01-14T03:34:59Z,-33.41751700,147.81710000,1856.00,
780,,,,,2012-01-14T03:35:03Z,-33.41753300,147.81778300,1853.00,
781,,,,,2012-01-14T03:35:07Z,-33.41720000,147.81838300,1851.00,
782,,,,,2012-01-14T03:35:11Z,-33.41675000,147.81886700,1850.00,
783,,,,,2012-01-14T03:35:15Z,-33.41626700,147.81901700,1850.00,
784,,,,,2012-01-14T03:35:19Z,-33.41598300,147.81853300,1850.00,
785,,,,,2012-01-14T03:35:23Z,-33.41611700,147.81791700,1849.00,
786,,,,,2012-01-14T03:35:27Z,-33.41661700,147.81745000,1850.00,
787,,,,,2012-01-14T03:35:31Z,-33.41726700,147.81733300,1852.00,
788,,,,,2012-01-14T03:35:35Z,-33.41783300,147.81768300,1853.00,
789,,,,,2012-01-14T03:35:39Z,-33.41825000,147.81831700,1853.00,
790,,,,,2012-01-14T03:35:43Z,-33.41878300,147.81880000,1856.00,
791,,,,,2012-01-14T03:35:47Z,-33.41940000,147.81905000,1861.00,
792,,,,,2012-01-14T03:35:51Z,-33.41988300,147.81881700,1861.00,
793,,,,,2012-01-14T03:35:55Z,-33.42015000,147.81846700,1861.00,
794,,,,,2012-01-14T03:35:59Z,-33.42035000,147.81795000,1861.00,
795,,,,,2012-01-14T03:36:03Z,-33.42005000,147.81765000,1861.00,
796,,,,,2012-01-14T03:36:07Z,-33.41961700,147.81776700,1861.00,
797,,,,,2012-01-14T03:36:11Z,-33.41925000,147.81825000,1863.00,
798,,,,,2012-01-14T03:36:15Z,-33.41911700,147.81895000,1870.00,
799,,,,,2012-01-14T03:36:19Z,-33.41928300,147.81968300,1875.00,
800,,,,,2012-01-14T03:36:23Z,-33.41978300,147.82030000,1878.00,
801,,,,,2012-01-14T03:36:27Z,-33.42028300,147.82031700,1880.00,
802,,,,,2012-01-14T03:36:31Z,-33.42048300,147.81978300,1880.00,
803,,,,,2012-01-14T03:36:35Z,-33.42050000,147.81963300,1880.00,
804,,,,,2012-01-14T03:36:39Z,-33.42063300,147.81868300,1880.00,
805,,,,,2012-01-14T03:36:44Z,-33.42046700,147.81838300,1880.00,
806,,,,,2012-01-14T03:36:48Z,-33.42046700,147.81838300,1880.00,
807,,,,,2012-01-14T03:36:51Z,-33.41980000,147.81808300,1880.00,
808,,,,,2012-01-14T03:36:55Z,-33.41971700,147.81851700,1880.00,
809,,,,,2012-01-14T03:37:00Z,-33.41981700,147.81896700,1880.00,
810,,,,,2012-01-14T03:37:03Z,-33.41998300,147.81948300,1880.00,
811,,,,,2012-01-14T03:37:08Z,-33.42020000,147.81930000,1880.00,
812,,,,,2012-01-14T03:37:12Z,-33.42045000,147.81895000,1880.00,
813,,,,,2012-01-14T03:37:16Z,-33.42063300,147.81863300,1880.00,
814,,,,,2012-01-14T03:37:20Z,-33.42068300,147.81840000,1880.00,
815,,,,,2012-01-14T03:37:24Z,-33.42053300,147.81895000,1883.00,
816,,,,,2012-01-14T03:37:28Z,-33.42060000,147.81941700,1885.00,
817,,,,,2012-01-14T03:37:32Z,-33.42071700,147.81961700,1885.00,
818,,,,,2012-01-14T03:37:36Z,-33.42086700,147.81950000,1893.00,
819,,,,,2012-01-14T03:37:40Z,-33.42103300,147.81911700,1897.00,
820,,,,,2012-01-14T03:37:44Z,-33.42105000,147.81993300,1912.00,
821,,,,,2012-01-14T03:37:48Z,-33.42101700,147.82075000,1912.00,
822,,,,,2012-01-14T03:37:52Z,-33.42111700,147.82133300,1912.00,
823,,,,,2012-01-14T03:37:56Z,-33.42120000,147.82185000,1912.00,
824,,,,,2012-01-14T03:38:00Z,-33.42131700,147.82160000,1912.00,
825,,,,,2012-01-14T03:38:04Z,-33.42148300,147.82121700,1912.00,
826,,,,,2012-01-14T03:38:08Z,-33.42165000,147.82071700,1912.00,
827,,,,,2012-01-14T03:38:12Z,-33.42195000,147.82025000,1912.00,
828,,,,,2012-01-14T03:38:16Z,-33.42250000,147.81986700,1912.00,
829,,,,,2012-01-14T03:38:20Z,-33.42296700,147.81940000,1912.00,
830,,,,,2012-01-14T03:38:24Z,-33.42351700,147.81888300,1918.00,
831,,,,,2012-01-14T03:38:28Z,-33.42396700,147.81838300,1918.00,
832,,,,,2012-01-14T03:38:32Z,-33.42443300,147.81770000,1918.00,
833,,,,,2012-01-14T03:38:36Z,-33.42511700,147.81710000,1930.00,
834,,,,,2012-01-14T03:38:40Z,-33.42555000,147.81638300,1939.00,
835,,,,,2012-01-14T03:38:44Z,-33.42580000,147.81553300,1939.00,
836,,,,,2012-01-14T03:38:48Z,-33.42611700,147.81473300,1939.00,
837,,,,,2012-01-14T03:38:52Z,-33.42641700,147.81395000,1939.00,
838,,,,,2012-01-14T03:38:56Z,-33.42686700,147.81330000,1939.00,
839,,,,,2012-01-14T03:39:00Z,-33.42753300,147.81290000,1939.00,
840,,,,,2012-01-14T03:39:04Z,-33.42821700,147.81253300,1939.00,
841,,,,,2012-01-14T03:39:08Z,-33.42895000,147.81213300,1939.00,
842,,,,,2012-01-14T03:39:12Z,-33.42961700,147.81163300,1939.00,
843,,,,,2012-01-14T03:39:16Z,-33.43016700,147.81096700,1939.00,
844,,,,,2012-01-14T03:39:20Z,-33.43078300,147.81038300,1944.00,
845,,,,,2012-01-14T03:39:24Z,-33.43126700,147.80970000,1944.00,
846,,,,,2012-01-14T03:39:28Z,-33.43181700,147.80911700,1944.00,
847,,,,,2012-01-14T03:39:32Z,-33.43231700,147.80855000,1944.00,
848,,,,,2012-01-14T03:39:36Z,-33.43280000,147.80805000,1945.00,
849,,,,,2012-01-14T03:39:40Z,-33.43328300,147.80763300,1947.00,
850,,,,,2012-01-14T03:39:44Z,-33.43380000,147.80720000,1947.00,
851,,,,,2012-01-14T03:39:48Z,-33.43426700,147.80673300,1947.00,
852,,,,,2012-01-14T03:39:52Z,-33.43466700,147.80616700,1949.00,
853,,,,,2012-01-14T03:39:56Z,-33.43500000,147.80561700,1951.00,
854,,,,,2012-01-14T03:40:00Z,-33.43538300,147.80510000,1956.00,
855,,,,,2012-01-14T03:40:04Z,-33.43575000,147.80450000,1958.00,
856,,,,,2012-01-14T03:40:08Z,-33.43601700,147.80383300,1960.00,
857,,,,,2012-01-14T03:40:12Z,-33.43623300,147.80326700,1961.00,
858,,,,,2012-01-14T03:40:16Z,-33.43643300,147.80273300,1963.00,
859,,,,,2012-01-14T03:40:20Z,-33.43653300,147.80206700,1963.00,
860,,,,,2012-01-14T03:40:24Z,-33.43670000,147.80140000,1963.00,
861,,,,,2012-01-14T03:40:28Z,-33.43690000,147.80078300,1963.00,
862,,,,,2012-01-14T03:40:32Z,-33.43710000,147.80015000,1963.00,
863,,,,,2012-01-14T03:40:37Z,-33.43718300,147.79921700,1963.00,
864,,,,,2012-01-14T03:40:41Z,-33.43718300,147.79846700,1963.00,
865,,,,,2012-01-14T03:40:45Z,-33.43718300,147.79778300,1963.00,
866,,,,,2012-01-14T03:40:49Z,-33.43736700,147.79713300,1963.00,
867,,,,,2012-01-14T03:40:53Z,-33.43768300,147.79656700,1963.00,
868,,,,,2012-01-14T03:40:57Z,-33.43810000,147.79606700,1963.00,
869,,,,,2012-01-14T03:41:01Z,-33.43866700,147.79563300,1963.00,
870,,,,,2012-01-14T03:41:05Z,-33.43916700,147.79523300,1963.00,
871,,,,,2012-01-14T03:41:09Z,-33.43971700,147.79495000,1963.00,
872,,,,,2012-01-14T03:41:13Z,-33.44033300,147.79480000,1963.00,
873,,,,,2012-01-14T03:41:17Z,-33.44095000,147.79465000,1963.00,
874,,,,,2012-01-14T03:41:21Z,-33.44156700,147.79446700,1963.00,
875,,,,,2012-01-14T03:41:25Z,-33.44221700,147.79428300,1963.00,
876,,,,,2012-01-14T03:41:29Z,-33.44288300,147.79415000,1964.00,
877,,,,,2012-01-14T03:41:33Z,-33.44360000,147.79400000,1964.00,
878,,,,,2012-01-14T03:41:37Z,-33.44433300,147.79391700,1964.00,
879,,,,,2012-01-14T03:41:41Z,-33.44500000,147.79386700,1964.00,
880,,,,,2012-01-14T03:41:45Z,-33.44561700,147.79380000,1963.00,
881,,,,,2012-01-14T03:41:49Z,-33.44628300,147.79365000,1961.00,
882,,,,,2012-01-14T03:41:53Z,-33.44696700,147.79341700,1958.00,
883,,,,,2012-01-14T03:41:57Z,-33.44766700,147.79308300,1958.00,
884,,,,,2012-01-14T03:42:01Z,-33.44830000,147.79275000,1958.00,
885,,,,,2012-01-14T03:42:05Z,-33.44893300,147.79250000,1957.00,
886,,,,,2012-01-14T03:42:09Z,-33.44963300,147.79228300,1957.00,
887,,,,,2012-01-14T03:42:13Z,-33.45035000,147.79218300,1957.00,
888,,,,,2012-01-14T03:42:17Z,-33.45101700,147.79236700,1957.00,
889,,,,,2012-01-14T03:42:21Z,-33.45146700,147.79283300,1957.00,
890,,,,,2012-01-14T03:42:25Z,-33.45171700,147.79345000,1955.00,
891,,,,,2012-01-14T03:42:29Z,-33.45211700,147.79385000,1954.00,
892,,,,,2012-01-14T03:42:33Z,-33.45263300,147.79401700,1954.00,
893,,,,,2012-01-14T03:42:37Z,-33.45296700,147.79386700,1954.00,
894,,,,,2012-01-14T03:42:41Z,-33.45296700,147.79386700,1954.00,
895,,,,,2012-01-14T03:42:45Z,-33.45296700,147.79386700,1954.00,
896,,,,,2012-01-14T03:42:49Z,-33.45430000,147.79305000,1954.00,
897,,,,,2012-01-14T03:42:53Z,-33.45441700,147.79235000,1953.00,
898,,,,,2012-01-14T03:42:57Z,-33.45480000,147.79201700,1953.00,
899,,,,,2012-01-14T03:43:01Z,-33.45521700,147.79213300,1953.00,
900,,,,,2012-01-14T03:43:05Z,-33.45556700,147.79251700,1953.00,
901,,,,,2012-01-14T03:43:09Z,-33.45573300,147.79305000,1952.00,
902,,,,,2012-01-14T03:43:13Z,-33.45580000,147.79375000,1952.00,
903,,,,,2012-01-14T03:43:17Z,-33.45593300,147.79440000,1953.00,
904,,,,,2012-01-14T03:43:21Z,-33.45623300,147.79493300,1953.00,
905,,,,,2012-01-14T03:43:25Z,-33.45665000,147.79520000,1953.00,
906,,,,,2012-01-14T03:43:29Z,-33.45703300,147.79546700,1953.00,
907,,,,,2012-01-14T03:43:33Z,-33.45700000,147.79593300,1955.00,
908,,,,,2012-01-14T03:43:37Z,-33.45653300,147.79611700,1958.00,
909,,,,,2012-01-14T03:43:41Z,-33.45611700,147.79570000,1961.00,
910,,,,,2012-01-14T03:43:45Z,-33.45620000,147.79511700,1966.00,
911,,,,,2012-01-14T03:43:49Z,-33.45660000,147.79485000,1972.00,
912,,,,,2012-01-14T03:43:54Z,-33.45718300,147.79513300,1973.00,
913,,,,,2012-01-14T03:43:58Z,-33.45740000,147.79561700,1977.00,
914,,,,,2012-01-14T03:44:02Z,-33.45731700,147.79616700,1983.00,
915,,,,,2012-01-14T03:44:06Z,-33.45693300,147.79663300,1990.00,
916,,,,,2012-01-14T03:44:10Z,-33.45643300,147.79688300,1996.00,
917,,,,,2012-01-14T03:44:14Z,-33.45600000,147.79666700,2002.00,
918,,,,,2012-01-14T03:44:18Z,-33.45613300,147.79620000,2008.00,
919,,,,,2012-01-14T03:44:22Z,-33.45651700,147.79631700,2010.00,
920,,,,,2012-01-14T03:44:26Z,-33.45670000,147.79690000,2014.00,
921,,,,,2012-01-14T03:44:30Z,-33.45651700,147.79745000,2024.00,
922,,,,,2012-01-14T03:44:34Z,-33.45605000,147.79760000,2034.00,
923,,,,,2012-01-14T03:44:38Z,-33.45565000,147.79725000,2039.00,
924,,,,,2012-01-14T03:44:42Z,-33.45560000,147.79671700,2043.00,
925,,,,,2012-01-14T03:44:46Z,-33.45598300,147.79641700,2051.00,
926,,,,,2012-01-14T03:44:50Z,-33.45643300,147.79656700,2051.00,
927,,,,,2012-01-14T03:44:54Z,-33.45683300,147.79703300,2051.00,
928,,,,,2012-01-14T03:44:58Z,-33.45701700,147.79758300,2058.00,
929,,,,,2012-01-14T03:45:02Z,-33.45693300,147.79820000,2067.00,
930,,,,,2012-01-14T03:45:06Z,-33.45670000,147.79873300,2076.00,
931,,,,,2012-01-14T03:45:10Z,-33.45620000,147.79881700,2076.00,
932,,,,,2012-01-14T03:45:14Z,-33.45563300,147.79890000,2084.00,
933,,,,,2012-01-14T03:45:18Z,-33.45541700,147.79878300,2085.00,
934,,,,,2012-01-14T03:45:22Z,-33.45515000,147.79828300,2089.00,
935,,,,,2012-01-14T03:45:26Z,-33.45566700,147.79823300,2096.00,
936,,,,,2012-01-14T03:45:30Z,-33.45606700,147.79873300,2096.00,
937,,,,,2012-01-14T03:45:34Z,-33.45640000,147.79910000,2096.00,
938,,,,,2012-01-14T03:45:38Z,-33.45636700,147.79961700,2101.00,
939,,,,,2012-01-14T03:45:42Z,-33.45600000,147.80008300,2112.00,
940,,,,,2012-01-14T03:45:46Z,-33.45548300,147.80026700,2121.00,
941,,,,,2012-01-14T03:45:50Z,-33.45501700,147.80000000,2121.00,
942,,,,,2012-01-14T03:45:54Z,-33.45470000,147.79973300,2124.00,
943,,,,,2012-01-14T03:45:58Z,-33.45440000,147.79935000,2124.00,
944,,,,,2012-01-14T03:46:02Z,-33.45421700,147.79883300,2124.00,
945,,,,,2012-01-14T03:46:06Z,-33.45456700,147.79820000,2129.00,
946,,,,,2012-01-14T03:46:10Z,-33.45508300,147.79761700,2129.00,
947,,,,,2012-01-14T03:46:14Z,-33.45563300,147.79706700,2132.00,
948,,,,,2012-01-14T03:46:18Z,-33.45596700,147.79656700,2132.00,
949,,,,,2012-01-14T03:46:22Z,-33.45658300,147.79576700,2133.00,
950,,,,,2012-01-14T03:46:26Z,-33.45706700,147.79513300,2133.00,
951,,,,,2012-01-14T03:46:30Z,-33.45758300,147.79458300,2133.00,
952,,,,,2012-01-14T03:46:34Z,-33.45810000,147.79408300,2133.00,
953,,,,,2012-01-14T03:46:38Z,-33.45870000,147.79371700,2133.00,
954,,,,,2012-01-14T03:46:42Z,-33.45931700,147.79336700,2133.00,
955,,,,,2012-01-14T03:46:46Z,-33.45990000,147.79296700,2133.00,
956,,,,,2012-01-14T03:46:50Z,-33.46053300,147.79265000,2133.00,
957,,,,,2012-01-14T03:46:54Z,-33.46123300,147.79243300,2133.00,
958,,,,,2012-01-14T03:46:58Z,-33.46198300,147.79233300,2134.00,
959,,,,,2012-01-14T03:47:02Z,-33.46273300,147.79215000,2132.00,
960,,,,,2012-01-14T03:47:07Z,-33.46330000,147.79191700,2132.00,
961,,,,,2012-01-14T03:47:10Z,-33.46411700,147.79141700,2132.00,
962,,,,,2012-01-14T03:47:15Z,-33.46483300,147.79083300,2131.00,
963,,,,,2012-01-14T03:47:19Z,-33.46540000,147.79033300,2129.00,
964,,,,,2012-01-14T03:47:23Z,-33.46601700,147.78975000,2129.00,
965,,,,,2012-01-14T03:47:27Z,-33.46661700,147.78921700,2129.00,
966,,,,,2012-01-14T03:47:31Z,-33.46721700,147.78871700,2129.00,
967,,,,,2012-01-14T03:47:35Z,-33.46778300,147.78808300,2129.00,
968,,,,,2012-01-14T03:47:39Z,-33.46831700,147.78743300,2129.00,
969,,,,,2012-01-14T03:47:43Z,-33.46888300,147.78688300,2128.00,
970,,,,,2012-01-14T03:47:47Z,-33.46943300,147.78621700,2128.00,
971,,,,,2012-01-14T03:47:51Z,-33.46998300,147.78558300,2128.00,
972,,,,,2012-01-14T03:47:55Z,-33.47066700,147.78516700,2128.00,
973,,,,,2012-01-14T03:47:59Z,-33.47133300,147.78476700,2128.00,
974,,,,,2012-01-14T03:48:03Z,-33.47163300,147.78453300,2128.00,
975,,,,,2012-01-14T03:48:07Z,-33.47233300,147.78345000,2128.00,
976,,,,,2012-01-14T03:48:11Z,-33.47281700,147.78271700,2128.00,
977,,,,,2012-01-14T03:48:15Z,-33.47331700,147.78193300,2128.00,
978,,,,,2012-01-14T03:48:19Z,-33.47355000,147.78153300,2128.00,
979,,,,,2012-01-14T03:48:23Z,-33.47430000,147.78035000,2128.00,
980,,,,,2012-01-14T03:48:27Z,-33.47465000,147.77941700,2128.00,
981,,,,,2012-01-14T03:48:31Z,-33.47486700,147.77871700,2128.00,
982,,,,,2012-01-14T03:48:35Z,-33.47493300,147.77851700,2128.00,
983,,,,,2012-01-14T03:48:39Z,-33.47535000,147.77805000,2128.00,
984,,,,,2012-01-14T03:48:43Z,-33.47560000,147.77765000,2128.00,
985,,,,,2012-01-14T03:48:47Z,-33.47560000,147.77765000,2128.00,
986,,,,,2012-01-14T03:48:51Z,-33.47560000,147.77765000,2128.00,
987,,,,,2012-01-14T03:48:55Z,-33.47640000,147.77661700,2128.00,
988,,,,,2012-01-14T03:48:59Z,-33.47720000,147.77548300,2128.00,
989,,,,,2012-01-14T03:49:03Z,-33.47798300,147.77451700,2127.00,
990,,,,,2012-01-14T03:49:07Z,-33.47838300,147.77401700,2127.00,
991,,,,,2012-01-14T03:49:11Z,-33.47941700,147.77278300,2127.00,
992,,,,,2012-01-14T03:49:15Z,-33.48013300,147.77196700,2127.00,
993,,,,,2012-01-14T03:49:19Z,-33.48075000,147.77120000,2127.00,
994,,,,,2012-01-14T03:49:23Z,-33.48123300,147.77040000,2126.00,
995,,,,,2012-01-14T03:49:27Z,-33.48123300,147.77040000,2126.00,
996,,,,,2012-01-14T03:49:31Z,-33.48148300,147.77010000,2125.00,
997,,,,,2012-01-14T03:49:35Z,-33.48181700,147.76941700,2118.00,
998,,,,,2012-01-14T03:49:39Z,-33.48218300,147.76873300,2106.00,
999,,,,,2012-01-14T03:49:43Z,-33.48246700,147.76821700,2096.00,
1000,,,,,2012-01-14T03:49:47Z,-33.48288300,147.76783300,2092.00,
1001,,,,,2012-01-14T03:49:51Z,-33.48288300,147.76783300,2092.00,
1002,,,,,2012-01-14T03:49:56Z,-33.48288300,147.76783300,2092.00,
1003,,,,,2012-01-14T03:49:59Z,-33.48366700,147.76693300,2092.00,
1004,,,,,2012-01-14T03:50:03Z,-33.48433300,147.76606700,2089.00,
1005,,,,,2012-01-14T03:50:07Z,-33.48470000,147.76536700,2076.00,
1006,,,,,2012-01-14T03:50:11Z,-33.48506700,147.76485000,2068.00,
1007,,,,,2012-01-14T03:50:15Z,-33.48561700,147.76421700,2068.00,
1008,,,,,2012-01-14T03:50:19Z,-33.48611700,147.76358300,2068.00,
1009,,,,,2012-01-14T03:50:23Z,-33.48658300,147.76286700,2061.00,
1010,,,,,2012-01-14T03:50:27Z,-33.48711700,147.76233300,2058.00,
1011,,,,,2012-01-14T03:50:32Z,-33.48766700,147.76183300,2048.00,
1012,,,,,2012-01-14T03:50:36Z,-33.48806700,147.76143300,2048.00,
1013,,,,,2012-01-14T03:50:40Z,-33.48861700,147.76093300,2048.00,
1014,,,,,2012-01-14T03:50:44Z,-33.48903300,147.76053300,2048.00,
1015,,,,,2012-01-14T03:50:48Z,-33.48953300,147.76020000,2048.00,
1016,,,,,2012-01-14T03:50:52Z,-33.48990000,147.75968300,2046.00,
1017,,,,,2012-01-14T03:50:56Z,-33.49026700,147.75905000,2039.00,
1018,,,,,2012-01-14T03:51:00Z,-33.49076700,147.75861700,2039.00,
1019,,,,,2012-01-14T03:51:04Z,-33.49123300,147.75818300,2034.00,
1020,,,,,2012-01-14T03:51:08Z,-33.49166700,147.75771700,2023.00,
1021,,,,,2012-01-14T03:51:12Z,-33.49246700,147.75750000,2023.00,
1022,,,,,2012-01-14T03:51:16Z,-33.49308300,147.75756700,2023.00,
1023,,,,,2012-01-14T03:51:20Z,-33.49308300,147.75810000,2016.00,
1024,,,,,2012-01-14T03:51:24Z,-33.49283300,147.75821700,2009.00,
1025,,,,,2012-01-14T03:51:28Z,-33.49236700,147.75810000,2002.00,
1026,,,,,2012-01-14T03:51:32Z,-33.49286700,147.75778300,1999.00,
1027,,,,,2012-01-14T03:51:36Z,-33.49308300,147.75820000,1988.00,
1028,,,,,2012-01-14T03:51:40Z,-33.49275000,147.75846700,1978.00,
1029,,,,,2012-01-14T03:51:44Z,-33.49235000,147.75813300,1969.00,
1030,,,,,2012-01-14T03:51:48Z,-33.49228300,147.75751700,1966.00,
1031,,,,,2012-01-14T03:51:52Z,-33.49283300,147.75721700,1963.00,
1032,,,,,2012-01-14T03:51:56Z,-33.49336700,147.75753300,1961.00,
1033,,,,,2012-01-14T03:52:00Z,-33.49348300,147.75801700,1960.00,
1034,,,,,2012-01-14T03:52:04Z,-33.49321700,147.75793300,1961.00,
1035,,,,,2012-01-14T03:52:08Z,-33.49325000,147.75726700,1963.00,
1036,,,,,2012-01-14T03:52:12Z,-33.49376700,147.75678300,1967.00,
1037,,,,,2012-01-14T03:52:16Z,-33.49441700,147.75705000,1969.00,
1038,,,,,2012-01-14T03:52:20Z,-33.49465000,147.75756700,1972.00,
1039,,,,,2012-01-14T03:52:24Z,-33.49443300,147.75800000,1978.00,
1040,,,,,2012-01-14T03:52:28Z,-33.49418300,147.75783300,1986.00,
1041,,,,,2012-01-14T03:52:32Z,-33.49418300,147.75736700,1993.00,
1042,,,,,2012-01-14T03:52:36Z,-33.49435000,147.75665000,1998.00,
1043,,,,,2012-01-14T03:52:40Z,-33.49506700,147.75676700,2002.00,
1044,,,,,2012-01-14T03:52:44Z,-33.49555000,147.75736700,2010.00,
1045,,,,,2012-01-14T03:52:48Z,-33.49558300,147.75798300,2021.00,
1046,,,,,2012-01-14T03:52:52Z,-33.49531700,147.75841700,2033.00,
1047,,,,,2012-01-14T03:52:56Z,-33.49495000,147.75871700,2042.00,
1048,,,,,2012-01-14T03:53:00Z,-33.49460000,147.75881700,2047.00,
1049,,,,,2012-01-14T03:53:04Z,-33.49448300,147.75861700,2053.00,
1050,,,,,2012-01-14T03:53:08Z,-33.49510000,147.75828300,2063.00,
1051,,,,,2012-01-14T03:53:12Z,-33.49580000,147.75861700,2066.00,
1052,,,,,2012-01-14T03:53:16Z,-33.49631700,147.75931700,2079.00,
1053,,,,,2012-01-14T03:53:20Z,-33.49643300,147.76001700,2094.00,
1054,,,,,2012-01-14T03:53:24Z,-33.49616700,147.76046700,2109.00,
1055,,,,,2012-01-14T03:53:29Z,-33.49610000,147.76055000,2109.00,
1056,,,,,2012-01-14T03:53:32Z,-33.49553300,147.76078300,2123.00,
1057,,,,,2012-01-14T03:53:37Z,-33.49548300,147.76063300,2126.00,
1058,,,,,2012-01-14T03:53:40Z,-33.49566700,147.75980000,2139.00,
1059,,,,,2012-01-14T03:53:44Z,-33.49626700,147.75978300,2147.00,
1060,,,,,2012-01-14T03:53:49Z,-33.49693300,147.76048300,2158.00,
1061,,,,,2012-01-14T03:53:53Z,-33.49703300,147.76108300,2176.00,
1062,,,,,2012-01-14T03:53:57Z,-33.49676700,147.76148300,2193.00,
1063,,,,,2012-01-14T03:54:01Z,-33.49643300,147.76170000,2207.00,
1064,,,,,2012-01-14T03:54:05Z,-33.49620000,147.76141700,2207.00,
1065,,,,,2012-01-14T03:54:09Z,-33.49576700,147.76075000,2216.00,
1066,,,,,2012-01-14T03:54:13Z,-33.49573300,147.76018300,2223.00,
1067,,,,,2012-01-14T03:54:17Z,-33.49586700,147.75936700,2226.00,
1068,,,,,2012-01-14T03:54:21Z,-33.49651700,147.75936700,2234.00,
1069,,,,,2012-01-14T03:54:25Z,-33.49690000,147.76000000,2250.00,
1070,,,,,2012-01-14T03:54:29Z,-33.49675000,147.76053300,2267.00,
1071,,,,,2012-01-14T03:54:33Z,-33.49646700,147.76081700,2278.00,
1072,,,,,2012-01-14T03:54:37Z,-33.49606700,147.76088300,2290.00,
1073,,,,,2012-01-14T03:54:41Z,-33.49561700,147.76106700,2305.00,
1074,,,,,2012-01-14T03:54:45Z,-33.49516700,147.76143300,2318.00,
1075,,,,,2012-01-14T03:54:49Z,-33.49480000,147.76188300,2330.00,
1076,,,,,2012-01-14T03:54:53Z,-33.49463300,147.76245000,2332.00,
1077,,,,,2012-01-14T03:54:57Z,-33.49471700,147.76323300,2341.00,
1078,,,,,2012-01-14T03:55:01Z,-33.49501700,147.76390000,2344.00,
1079,,,,,2012-01-14T03:55:05Z,-33.49546700,147.76390000,2344.00,
1080,,,,,2012-01-14T03:55:09Z,-33.49593300,147.76343300,2344.00,
1081,,,,,2012-01-14T03:55:13Z,-33.49635000,147.76278300,2344.00,
1082,,,,,2012-01-14T03:55:17Z,-33.49676700,147.76225000,2344.00,
1083,,,,,2012-01-14T03:55:21Z,-33.49733300,147.76176700,2347.00,
1084,,,,,2012-01-14T03:55:25Z,-33.49798300,147.76150000,2352.00,
1085,,,,,2012-01-14T03:55:29Z,-33.49860000,147.76125000,2355.00,
1086,,,,,2012-01-14T03:55:33Z,-33.49916700,147.76091700,2355.00,
1087,,,,,2012-01-14T03:55:37Z,-33.49965000,147.76038300,2355.00,
1088,,,,,2012-01-14T03:55:41Z,-33.50011700,147.75978300,2355.00,
1089,,,,,2012-01-14T03:55:45Z,-33.50055000,147.75923300,2355.00,
1090,,,,,2012-01-14T03:55:49Z,-33.50103300,147.75871700,2355.00,
1091,,,,,2012-01-14T03:55:53Z,-33.50151700,147.75820000,2355.00,
1092,,,,,2012-01-14T03:55:57Z,-33.50211700,147.75781700,2355.00,
1093,,,,,2012-01-14T03:56:01Z,-33.50271700,147.75735000,2355.00,
1094,,,,,2012-01-14T03:56:05Z,-33.50328300,147.75685000,2355.00,
1095,,,,,2012-01-14T03:56:09Z,-33.50378300,147.75633300,2355.00,
1096,,,,,2012-01-14T03:56:13Z,-33.50430000,147.75570000,2356.00,
1097,,,,,2012-01-14T03:56:17Z,-33.50471700,147.75511700,2359.00,
1098,,,,,2012-01-14T03:56:21Z,-33.50511700,147.75458300,2360.00,
1099,,,,,2012-01-14T03:56:25Z,-33.50551700,147.75403300,2362.00,
1100,,,,,2012-01-14T03:56:29Z,-33.50593300,147.75348300,2363.00,
1101,,,,,2012-01-14T03:56:33Z,-33.50640000,147.75293300,2363.00,
1102,,,,,2012-01-14T03:56:37Z,-33.50686700,147.75240000,2363.00,
1103,,,,,2012-01-14T03:56:41Z,-33.50735000,147.75188300,2363.00,
1104,,,,,2012-01-14T03:56:45Z,-33.50785000,147.75140000,2363.00,
1105,,,,,2012-01-14T03:56:49Z,-33.50840000,147.75093300,2363.00,
1106,,,,,2012-01-14T03:56:53Z,-33.50893300,147.75035000,2365.00,
1107,,,,,2012-01-14T03:56:57Z,-33.50935000,147.74963300,2365.00,
1108,,,,,2012-01-14T03:57:01Z,-33.50970000,147.74891700,2365.00,
1109,,,,,2012-01-14T03:57:06Z,-33.51011700,147.74801700,2365.00,
1110,,,,,2012-01-14T03:57:10Z,-33.51046700,147.74736700,2367.00,
1111,,,,,2012-01-14T03:57:14Z,-33.51086700,147.74671700,2368.00,
1112,,,,,2012-01-14T03:57:18Z,-33.51133300,147.74611700,2369.00,
1113,,,,,2012-01-14T03:57:22Z,-33.51181700,147.74555000,2369.00,
1114,,,,,2012-01-14T03:57:26Z,-33.51225000,147.74500000,2369.00,
1115,,,,,2012-01-14T03:57:30Z,-33.51271700,147.74441700,2369.00,
1116,,,,,2012-01-14T03:57:34Z,-33.51323300,147.74381700,2369.00,
1117,,,,,2012-01-14T03:57:38Z,-33.51371700,147.74320000,2369.00,
1118,,,,,2012-01-14T03:57:42Z,-33.51415000,147.74271700,2370.00,
1119,,,,,2012-01-14T03:57:46Z,-33.51458300,147.74225000,2370.00,
1120,,,,,2012-01-14T03:57:50Z,-33.51488300,147.74186700,2370.00,
1121,,,,,2012-01-14T03:57:54Z,-33.51528300,147.74116700,2370.00,
1122,,,,,2012-01-14T03:57:58Z,-33.51560000,147.74058300,2370.00,
1123,,,,,2012-01-14T03:58:02Z,-33.51600000,147.74005000,2370.00,
1124,,,,,2012-01-14T03:58:06Z,-33.51645000,147.73948300,2370.00,
1125,,,,,2012-01-14T03:58:10Z,-33.51683300,147.73880000,2370.00,
1126,,,,,2012-01-14T03:58:14Z,-33.51711700,147.73806700,2370.00,
1127,,,,,2012-01-14T03:58:18Z,-33.51728300,147.73726700,2369.00,
1128,,,,,2012-01-14T03:58:22Z,-33.51743300,147.73650000,2369.00,
1129,,,,,2012-01-14T03:58:26Z,-33.51760000,147.73580000,2368.00,
1130,,,,,2012-01-14T03:58:30Z,-33.51780000,147.73520000,2364.00,
1131,,,,,2012-01-14T03:58:34Z,-33.51806700,147.73458300,2359.00,
1132,,,,,2012-01-14T03:58:38Z,-33.51835000,147.73388300,2352.00,
1133,,,,,2012-01-14T03:58:42Z,-33.51870000,147.73330000,2349.00,
1134,,,,,2012-01-14T03:58:46Z,-33.51905000,147.73271700,2349.00,
1135,,,,,2012-01-14T03:58:50Z,-33.51926700,147.73226700,2346.00,
1136,,,,,2012-01-14T03:58:54Z,-33.51975000,147.73161700,2346.00,
1137,,,,,2012-01-14T03:58:58Z,-33.52023300,147.73118300,2346.00,
1138,,,,,2012-01-14T03:59:02Z,-33.52075000,147.73083300,2346.00,
1139,,,,,2012-01-14T03:59:06Z,-33.52123300,147.73040000,2346.00,
1140,,,,,2012-01-14T03:59:10Z,-33.52161700,147.72983300,2346.00,
1141,,,,,2012-01-14T03:59:14Z,-33.52188300,147.72905000,2345.00,
1142,,,,,2012-01-14T03:59:18Z,-33.52221700,147.72846700,2345.00,
1143,,,,,2012-01-14T03:59:22Z,-33.52240000,147.72793300,2342.00,
1144,,,,,2012-01-14T03:59:26Z,-33.52240000,147.72793300,2342.00,
1145,,,,,2012-01-14T03:59:30Z,-33.52300000,147.72640000,2332.00,
1146,,,,,2012-01-14T03:59:34Z,-33.52333300,147.72578300,2332.00,
1147,,,,,2012-01-14T03:59:38Z,-33.52360000,147.72511700,2332.00,
1148,,,,,2012-01-14T03:59:42Z,-33.52393300,147.72455000,2326.00,
1149,,,,,2012-01-14T03:59:46Z,-33.52430000,147.72403300,2326.00,
1150,,,,,2012-01-14T03:59:50Z,-33.52465000,147.72351700,2324.00,
1151,,,,,2012-01-14T03:59:54Z,-33.52513300,147.72310000,2324.00,
1152,,,,,2012-01-14T03:59:58Z,-33.52563300,147.72273300,2324.00,
1153,,,,,2012-01-14T04:00:02Z,-33.52613300,147.72235000,2324.00,
1154,,,,,2012-01-14T04:00:06Z,-33.52660000,147.72200000,2324.00,
1155,,,,,2012-01-14T04:00:10Z,-33.52705000,147.72161700,2324.00,
1156,,,,,2012-01-14T04:00:14Z,-33.52750000,147.72121700,2324.00,
1157,,,,,2012-01-14T04:00:19Z,-33.52805000,147.72086700,2324.00,
1158,,,,,2012-01-14T04:00:23Z,-33.52823300,147.72116700,2323.00,
1159,,,,,2012-01-14T04:00:27Z,-33.52786700,147.72175000,2316.00,
1160,,,,,2012-01-14T04:00:31Z,-33.52743300,147.72183300,2309.00,
1161,,,,,2012-01-14T04:00:35Z,-33.52725000,147.72141700,2303.00,
1162,,,,,2012-01-14T04:00:39Z,-33.52745000,147.72101700,2300.00,
1163,,,,,2012-01-14T04:00:43Z,-33.52793300,147.72078300,2299.00,
1164,,,,,2012-01-14T04:00:47Z,-33.52841700,147.72080000,2296.00,
1165,,,,,2012-01-14T04:00:51Z,-33.52846700,147.72148300,2295.00,
1166,,,,,2012-01-14T04:00:55Z,-33.52811700,147.72181700,2295.00,
1167,,,,,2012-01-14T04:00:59Z,-33.52781700,147.72155000,2296.00,
1168,,,,,2012-01-14T04:01:03Z,-33.52801700,147.72108300,2299.00,
1169,,,,,2012-01-14T04:01:07Z,-33.52853300,147.72081700,2302.00,
1170,,,,,2012-01-14T04:01:11Z,-33.52906700,147.72138300,2304.00,
1171,,,,,2012-01-14T04:01:15Z,-33.52911700,147.72220000,2310.00,
1172,,,,,2012-01-14T04:01:19Z,-33.52876700,147.72263300,2316.00,
1173,,,,,2012-01-14T04:01:23Z,-33.52838300,147.72256700,2322.00,
1174,,,,,2012-01-14T04:01:27Z,-33.52825000,147.72215000,2329.00,
1175,,,,,2012-01-14T04:01:31Z,-33.52866700,147.72175000,2336.00,
1176,,,,,2012-01-14T04:01:35Z,-33.52938300,147.72195000,2338.00,
1177,,,,,2012-01-14T04:01:39Z,-33.52991700,147.72251700,2342.00,
1178,,,,,2012-01-14T04:01:43Z,-33.52995000,147.72323300,2350.00,
1179,,,,,2012-01-14T04:01:47Z,-33.52961700,147.72351700,2358.00,
1180,,,,,2012-01-14T04:01:51Z,-33.52916700,147.72336700,2361.00,
1181,,,,,2012-01-14T04:01:55Z,-33.52875000,147.72315000,2364.00,
1182,,,,,2012-01-14T04:01:59Z,-33.52836700,147.72295000,2368.00,
1183,,,,,2012-01-14T04:02:03Z,-33.52833300,147.72248300,2368.00,
1184,,,,,2012-01-14T04:02:07Z,-33.52858300,147.72190000,2368.00,
1185,,,,,2012-01-14T04:02:11Z,-33.52883300,147.72131700,2370.00,
1186,,,,,2012-01-14T04:02:15Z,-33.52923300,147.72081700,2373.00,
1187,,,,,2012-01-14T04:02:19Z,-33.52973300,147.72031700,2375.00,
1188,,,,,2012-01-14T04:02:23Z,-33.53026700,147.71981700,2379.00,
1189,,,,,2012-01-14T04:02:27Z,-33.53075000,147.71923300,2380.00,
1190,,,,,2012-01-14T04:02:31Z,-33.53108300,147.71853300,2383.00,
1191,,,,,2012-01-14T04:02:35Z,-33.53126700,147.71783300,2385.00,
1192,,,,,2012-01-14T04:02:39Z,-33.53130000,147.71710000,2387.00,
1193,,,,,2012-01-14T04:02:43Z,-33.53126700,147.71633300,2389.00,
1194,,,,,2012-01-14T04:02:47Z,-33.53141700,147.71556700,2390.00,
1195,,,,,2012-01-14T04:02:51Z,-33.53171700,147.71485000,2392.00,
1196,,,,,2012-01-14T04:02:55Z,-33.53205000,147.71415000,2393.00,
1197,,,,,2012-01-14T04:02:59Z,-33.53230000,147.71355000,2395.00,
1198,,,,,2012-01-14T04:03:03Z,-33.53253300,147.71293300,2395.00,
1199,,,,,2012-01-14T04:03:07Z,-33.53280000,147.71226700,2395.00,
1200,,,,,2012-01-14T04:03:11Z,-33.53308300,147.71163300,2395.00,
1201,,,,,2012-01-14T04:03:15Z,-33.53338300,147.71100000,2395.00,
1202,,,,,2012-01-14T04:03:19Z,-33.53363300,147.71038300,2395.00,
1203,,,,,2012-01-14T04:03:23Z,-33.53385000,147.70976700,2395.00,
1204,,,,,2012-01-14T04:03:27Z,-33.53405000,147.70913300,2395.00,
1205,,,,,2012-01-14T04:03:31Z,-33.53423300,147.70843300,2395.00,
1206,,,,,2012-01-14T04:03:35Z,-33.53446700,147.70775000,2395.00,
1207,,,,,2012-01-14T04:03:40Z,-33.53466700,147.70725000,2395.00,
1208,,,,,2012-01-14T04:03:44Z,-33.53510000,147.70621700,2394.00,
1209,,,,,2012-01-14T04:03:48Z,-33.53536700,147.70551700,2390.00,
1210,,,,,2012-01-14T04:03:52Z,-33.53561700,147.70478300,2383.00,
1211,,,,,2012-01-14T04:03:56Z,-33.53590000,147.70410000,2378.00,
1212,,,,,2012-01-14T04:04:00Z,-33.53620000,147.70340000,2371.00,
1213,,,,,2012-01-14T04:04:04Z,-33.53650000,147.70266700,2365.00,
1214,,,,,2012-01-14T04:04:08Z,-33.53681700,147.70195000,2357.00,
1215,,,,,2012-01-14T04:04:12Z,-33.53708300,147.70143300,2353.00,
1216,,,,,2012-01-14T04:04:16Z,-33.53735000,147.70088300,2351.00,
1217,,,,,2012-01-14T04:04:20Z,-33.53781700,147.69978300,2351.00,
1218,,,,,2012-01-14T04:04:24Z,-33.53811700,147.69901700,2341.00,
1219,,,,,2012-01-14T04:04:28Z,-33.53848300,147.69833300,2332.00,
1220,,,,,2012-01-14T04:04:32Z,-33.53895000,147.69775000,2332.00,
1221,,,,,2012-01-14T04:04:36Z,-33.53943300,147.69705000,2330.00,
1222,,,,,2012-01-14T04:04:40Z,-33.53981700,147.69643300,2319.00,
1223,,,,,2012-01-14T04:04:44Z,-33.54018300,147.69581700,2307.00,
1224,,,,,2012-01-14T04:04:48Z,-33.54046700,147.69513300,2294.00,
1225,,,,,2012-01-14T04:04:52Z,-33.54081700,147.69460000,2294.00,
1226,,,,,2012-01-14T04:04:56Z,-33.54110000,147.69401700,2289.00,
1227,,,,,2012-01-14T04:05:00Z,-33.54143300,147.69358300,2289.00,
1228,,,,,2012-01-14T04:05:04Z,-33.54183300,147.69308300,2289.00,
1229,,,,,2012-01-14T04:05:08Z,-33.54226700,147.69273300,2286.00,
1230,,,,,2012-01-14T04:05:12Z,-33.54268300,147.69238300,2286.00,
1231,,,,,2012-01-14T04:05:16Z,-33.54310000,147.69205000,2286.00,
1232,,,,,2012-01-14T04:05:20Z,-33.54345000,147.69168300,2286.00,
1233,,,,,2012-01-14T04:05:24Z,-33.54375000,147.69126700,2286.00,
1234,,,,,2012-01-14T04:05:28Z,-33.54408300,147.69091700,2286.00,
1235,,,,,2012-01-14T04:05:32Z,-33.54446700,147.69063300,2286.00,
1236,,,,,2012-01-14T04:05:36Z,-33.54490000,147.69045000,2286.00,
1237,,,,,2012-01-14T04:05:40Z,-33.54540000,147.69031700,2286.00,
1238,,,,,2012-01-14T04:05:44Z,-33.54590000,147.69023300,2286.00,
1239,,,,,2012-01-14T04:05:48Z,-33.54646700,147.69015000,2286.00,
1240,,,,,2012-01-14T04:05:52Z,-33.54715000,147.69011700,2286.00,
1241,,,,,2012-01-14T04:05:56Z,-33.54790000,147.69018300,2286.00,
1242,,,,,2012-01-14T04:06:00Z,-33.54863300,147.69013300,2286.00,
1243,,,,,2012-01-14T04:06:04Z,-33.54938300,147.69005000,2286.00,
1244,,,,,2012-01-14T04:06:08Z,-33.55018300,147.69006700,2286.00,
1245,,,,,2012-01-14T04:06:12Z,-33.55090000,147.69001700,2286.00,
1246,,,,,2012-01-14T04:06:16Z,-33.55158300,147.68990000,2286.00,
1247,,,,,2012-01-14T04:06:20Z,-33.55216700,147.68980000,2286.00,
1248,,,,,2012-01-14T04:06:24Z,-33.55278300,147.68981700,2286.00,
1249,,,,,2012-01-14T04:06:28Z,-33.55338300,147.68986700,2286.00,
1250,,,,,2012-01-14T04:06:32Z,-33.55376700,147.69011700,2284.00,
1251,,,,,2012-01-14T04:06:36Z,-33.55370000,147.69075000,2277.00,
1252,,,,,2012-01-14T04:06:40Z,-33.55313300,147.69108300,2275.00,
1253,,,,,2012-01-14T04:06:44Z,-33.55271700,147.69081700,2268.00,
1254,,,,,2012-01-14T04:06:48Z,-33.55275000,147.69033300,2261.00,
1255,,,,,2012-01-14T04:06:52Z,-33.55316700,147.69018300,2255.00,
1256,,,,,2012-01-14T04:06:56Z,-33.55366700,147.69051700,2255.00,
1257,,,,,2012-01-14T04:07:00Z,-33.55381700,147.69115000,2253.00,
1258,,,,,2012-01-14T04:07:05Z,-33.55346700,147.69166700,2248.00,
1259,,,,,2012-01-14T04:07:09Z,-33.55293300,147.69160000,2244.00,
1260,,,,,2012-01-14T04:07:13Z,-33.55281700,147.69121700,2242.00,
1261,,,,,2012-01-14T04:07:17Z,-33.55301700,147.69070000,2241.00,
1262,,,,,2012-01-14T04:07:21Z,-33.55350000,147.69073300,2241.00,
1263,,,,,2012-01-14T04:07:25Z,-33.55396700,147.69118300,2241.00,
1264,,,,,2012-01-14T04:07:29Z,-33.55443300,147.69171700,2242.00,
1265,,,,,2012-01-14T04:07:33Z,-33.55480000,147.69236700,2244.00,
1266,,,,,2012-01-14T04:07:37Z,-33.55491700,147.69315000,2246.00,
1267,,,,,2012-01-14T04:07:41Z,-33.55470000,147.69376700,2250.00,
1268,,,,,2012-01-14T04:07:45Z,-33.55428300,147.69408300,2253.00,
1269,,,,,2012-01-14T04:07:49Z,-33.55383300,147.69420000,2254.00,
1270,,,,,2012-01-14T04:07:53Z,-33.55361700,147.69381700,2256.00,
1271,,,,,2012-01-14T04:07:57Z,-33.55370000,147.69331700,2256.00,
1272,,,,,2012-01-14T04:08:01Z,-33.55408300,147.69286700,2257.00,
1273,,,,,2012-01-14T04:08:05Z,-33.55460000,147.69246700,2258.00,
1274,,,,,2012-01-14T04:08:09Z,-33.55508300,147.69211700,2262.00,
1275,,,,,2012-01-14T04:08:13Z,-33.55556700,147.69180000,2263.00,
1276,,,,,2012-01-14T04:08:17Z,-33.55606700,147.69143300,2263.00,
1277,,,,,2012-01-14T04:08:21Z,-33.55660000,147.69106700,2263.00,
1278,,,,,2012-01-14T04:08:25Z,-33.55703300,147.69073300,2264.00,
1279,,,,,2012-01-14T04:08:29Z,-33.55736700,147.69025000,2264.00,
1280,,,,,2012-01-14T04:08:33Z,-33.55766700,147.68970000,2266.00,
1281,,,,,2012-01-14T04:08:37Z,-33.55806700,147.68925000,2266.00,
1282,,,,,2012-01-14T04:08:41Z,-33.55855000,147.68888300,2269.00,
1283,,,,,2012-01-14T04:08:45Z,-33.55901700,147.68888300,2272.00,
1284,,,,,2012-01-14T04:08:49Z,-33.55926700,147.68940000,2278.00,
1285,,,,,2012-01-14T04:08:53Z,-33.55905000,147.68996700,2285.00,
1286,,,,,2012-01-14T04:08:57Z,-33.55860000,147.69006700,2293.00,
1287,,,,,2012-01-14T04:09:01Z,-33.55826700,147.68973300,2302.00,
1288,,,,,2012-01-14T04:09:05Z,-33.55806700,147.68923300,2304.00,
1289,,,,,2012-01-14T04:09:09Z,-33.55840000,147.68885000,2313.00,
1290,,,,,2012-01-14T04:09:13Z,-33.55891700,147.68861700,2318.00,
1291,,,,,2012-01-14T04:09:17Z,-33.55951700,147.68841700,2327.00,
1292,,,,,2012-01-14T04:09:21Z,-33.56008300,147.68835000,2336.00,
1293,,,,,2012-01-14T04:09:25Z,-33.56060000,147.68856700,2340.00,
1294,,,,,2012-01-14T04:09:29Z,-33.56110000,147.68903300,2347.00,
1295,,,,,2012-01-14T04:09:33Z,-33.56163300,147.68943300,2355.00,
1296,,,,,2012-01-14T04:09:37Z,-33.56218300,147.68963300,2355.00,
1297,,,,,2012-01-14T04:09:41Z,-33.56278300,147.68975000,2355.00,
1298,,,,,2012-01-14T04:09:45Z,-33.56335000,147.68971700,2355.00,
1299,,,,,2012-01-14T04:09:49Z,-33.56385000,147.68938300,2355.00,
1300,,,,,2012-01-14T04:09:53Z,-33.56425000,147.68883300,2360.00,
1301,,,,,2012-01-14T04:09:57Z,-33.56448300,147.68821700,2363.00,
1302,,,,,2012-01-14T04:10:01Z,-33.56461700,147.68758300,2363.00,
1303,,,,,2012-01-14T04:10:06Z,-33.56453300,147.68713300,2365.00,
1304,,,,,2012-01-14T04:10:10Z,-33.56446700,147.68656700,2365.00,
1305,,,,,2012-01-14T04:10:13Z,-33.56425000,147.68585000,2365.00,
1306,,,,,2012-01-14T04:10:17Z,-33.56410000,147.68518300,2371.00,
1307,,,,,2012-01-14T04:10:22Z,-33.56398300,147.68433300,2380.00,
1308,,,,,2012-01-14T04:10:26Z,-33.56371700,147.68375000,2384.00,
1309,,,,,2012-01-14T04:10:30Z,-33.56335000,147.68358300,2389.00,
1310,,,,,2012-01-14T04:10:34Z,-33.56325000,147.68380000,2395.00,
1311,,,,,2012-01-14T04:10:38Z,-33.56320000,147.68435000,2402.00,
1312,,,,,2012-01-14T04:10:42Z,-33.56345000,147.68441700,2402.00,
1313,,,,,2012-01-14T04:10:46Z,-33.56355000,147.68430000,2402.00,
1314,,,,,2012-01-14T04:10:50Z,-33.56355000,147.68430000,2402.00,
1315,,,,,2012-01-14T04:10:54Z,-33.56398300,147.68375000,2402.00,
1316,,,,,2012-01-14T04:10:58Z,-33.56330000,147.68318300,2410.00,
1317,,,,,2012-01-14T04:11:02Z,-33.56275000,147.68331700,2419.00,
1318,,,,,2012-01-14T04:11:06Z,-33.56271700,147.68376700,2419.00,
1319,,,,,2012-01-14T04:11:10Z,-33.56300000,147.68386700,2419.00,
1320,,,,,2012-01-14T04:11:14Z,-33.56311700,147.68371700,2419.00,
1321,,,,,2012-01-14T04:11:18Z,-33.56313300,147.68293300,2430.00,
1322,,,,,2012-01-14T04:11:22Z,-33.56263300,147.68255000,2442.00,
1323,,,,,2012-01-14T04:11:26Z,-33.56211700,147.68253300,2452.00,
1324,,,,,2012-01-14T04:11:30Z,-33.56171700,147.68250000,2461.00,
1325,,,,,2012-01-14T04:11:34Z,-33.56110000,147.68228300,2473.00,
1326,,,,,2012-01-14T04:11:38Z,-33.56101700,147.68156700,2482.00,
1327,,,,,2012-01-14T04:11:42Z,-33.56123300,147.68070000,2498.00,
1328,,,,,2012-01-14T04:11:46Z,-33.56145000,147.67980000,2505.00,
1329,,,,,2012-01-14T04:11:50Z,-33.56160000,147.67881700,2518.00,
1330,,,,,2012-01-14T04:11:54Z,-33.56163300,147.67791700,2524.00,
1331,,,,,2012-01-14T04:11:58Z,-33.56165000,147.67708300,2524.00,
1332,,,,,2012-01-14T04:12:02Z,-33.56155000,147.67631700,2529.00,
1333,,,,,2012-01-14T04:12:06Z,-33.56136700,147.67561700,2529.00,
1334,,,,,2012-01-14T04:12:10Z,-33.56126700,147.67493300,2535.00,
1335,,,,,2012-01-14T04:12:14Z,-33.56130000,147.67425000,2541.00,
1336,,,,,2012-01-14T04:12:18Z,-33.56145000,147.67360000,2547.00,
1337,,,,,2012-01-14T04:12:22Z,-33.56165000,147.67291700,2553.00,
1338,,,,,2012-01-14T04:12:26Z,-33.56186700,147.67223300,2555.00,
1339,,,,,2012-01-14T04:12:30Z,-33.56201700,147.67155000,2558.00,
1340,,,,,2012-01-14T04:12:34Z,-33.56220000,147.67083300,2559.00,
1341,,,,,2012-01-14T04:12:38Z,-33.56240000,147.67011700,2558.00,
1342,,,,,2012-01-14T04:12:42Z,-33.56263300,147.66933300,2558.00,
1343,,,,,2012-01-14T04:12:46Z,-33.56290000,147.66850000,2556.00,
1344,,,,,2012-01-14T04:12:50Z,-33.56320000,147.66763300,2552.00,
1345,,,,,2012-01-14T04:12:54Z,-33.56353300,147.66673300,2550.00,
1346,,,,,2012-01-14T04:12:58Z,-33.56385000,147.66580000,2545.00,
1347,,,,,2012-01-14T04:13:02Z,-33.56413300,147.66491700,2541.00,
1348,,,,,2012-01-14T04:13:06Z,-33.56446700,147.66406700,2539.00,
1349,,,,,2012-01-14T04:13:10Z,-33.56480000,147.66325000,2536.00,
1350,,,,,2012-01-14T04:13:14Z,-33.56513300,147.66246700,2533.00,
1351,,,,,2012-01-14T04:13:18Z,-33.56551700,147.66165000,2528.00,
1352,,,,,2012-01-14T04:13:22Z,-33.56585000,147.66078300,2521.00,
1353,,,,,2012-01-14T04:13:26Z,-33.56610000,147.65998300,2514.00,
1354,,,,,2012-01-14T04:13:30Z,-33.56641700,147.65923300,2512.00,
1355,,,,,2012-01-14T04:13:34Z,-33.56673300,147.65843300,2511.00,
1356,,,,,2012-01-14T04:13:38Z,-33.56700000,147.65761700,2511.00,
1357,,,,,2012-01-14T04:13:43Z,-33.56738300,147.65665000,2511.00,
1358,,,,,2012-01-14T04:13:47Z,-33.56766700,147.65591700,2511.00,
1359,,,,,2012-01-14T04:13:51Z,-33.56796700,147.65526700,2508.00,
1360,,,,,2012-01-14T04:13:55Z,-33.56836700,147.65461700,2508.00,
1361,,,,,2012-01-14T04:13:59Z,-33.56876700,147.65390000,2508.00,
1362,,,,,2012-01-14T04:14:03Z,-33.56915000,147.65323300,2508.00,
1363,,,,,2012-01-14T04:14:07Z,-33.56953300,147.65258300,2508.00,
1364,,,,,2012-01-14T04:14:11Z,-33.56980000,147.65201700,2507.00,
1365,,,,,2012-01-14T04:14:15Z,-33.57013300,147.65146700,2505.00,
1366,,,,,2012-01-14T04:14:19Z,-33.57051700,147.65086700,2502.00,
1367,,,,,2012-01-14T04:14:23Z,-33.57090000,147.65025000,2495.00,
1368,,,,,2012-01-14T04:14:27Z,-33.57131700,147.64961700,2485.00,
1369,,,,,2012-01-14T04:14:31Z,-33.57176700,147.64903300,2477.00,
1370,,,,,2012-01-14T04:14:35Z,-33.57221700,147.64840000,2466.00,
1371,,,,,2012-01-14T04:14:39Z,-33.57265000,147.64766700,2454.00,
1372,,,,,2012-01-14T04:14:43Z,-33.57320000,147.64695000,2452.00,
1373,,,,,2012-01-14T04:14:47Z,-33.57365000,147.64616700,2446.00,
1374,,,,,2012-01-14T04:14:51Z,-33.57393300,147.64536700,2434.00,
1375,,,,,2012-01-14T04:14:55Z,-33.57428300,147.64466700,2422.00,
1376,,,,,2012-01-14T04:14:59Z,-33.57468300,147.64400000,2412.00,
1377,,,,,2012-01-14T04:15:03Z,-33.57515000,147.64333300,2405.00,
1378,,,,,2012-01-14T04:15:07Z,-33.57563300,147.64266700,2398.00,
1379,,,,,2012-01-14T04:15:11Z,-33.57611700,147.64200000,2390.00,
1380,,,,,2012-01-14T04:15:15Z,-33.57660000,147.64140000,2385.00,
1381,,,,,2012-01-14T04:15:19Z,-33.57710000,147.64080000,2377.00,
1382,,,,,2012-01-14T04:15:23Z,-33.57763300,147.64020000,2374.00,
1383,,,,,2012-01-14T04:15:27Z,-33.57816700,147.63955000,2368.00,
1384,,,,,2012-01-14T04:15:31Z,-33.57873300,147.63895000,2368.00,
1385,,,,,2012-01-14T04:15:35Z,-33.57931700,147.63836700,2368.00,
1386,,,,,2012-01-14T04:15:39Z,-33.57988300,147.63780000,2368.00,
1387,,,,,2012-01-14T04:15:43Z,-33.58048300,147.63723300,2368.00,
1388,,,,,2012-01-14T04:15:47Z,-33.58100000,147.63658300,2368.00,
1389,,,,,2012-01-14T04:15:51Z,-33.58150000,147.63598300,2368.00,
1390,,,,,2012-01-14T04:15:55Z,-33.58196700,147.63541700,2368.00,
1391,,,,,2012-01-14T04:15:59Z,-33.58248300,147.63488300,2368.00,
1392,,,,,2012-01-14T04:16:03Z,-33.58301700,147.63438300,2368.00,
1393,,,,,2012-01-14T04:16:07Z,-33.58356700,147.63390000,2368.00,
1394,,,,,2012-01-14T04:16:11Z,-33.58385000,147.63368300,2368.00,
1395,,,,,2012-01-14T04:16:15Z,-33.58385000,147.63368300,2368.00,
1396,,,,,2012-01-14T04:16:19Z,-33.58385000,147.63368300,2368.00,
1397,,,,,2012-01-14T04:16:23Z,-33.58385000,147.63368300,2368.00,
1398,,,,,2012-01-14T04:16:27Z,-33.58385000,147.63368300,2368.00,
1399,,,,,2012-01-14T04:16:31Z,-33.58455000,147.63340000,2368.00,
1400,,,,,2012-01-14T04:16:35Z,-33.58598300,147.63295000,2368.00,
1401,,,,,2012-01-14T04:16:39Z,-33.58720000,147.63263300,2368.00,
1402,,,,,2012-01-14T04:16:43Z,-33.58835000,147.63236700,2368.00,
1403,,,,,2012-01-14T04:16:47Z,-33.58946700,147.63220000,2368.00,
1404,,,,,2012-01-14T04:16:51Z,-33.59058300,147.63218300,2368.00,
1405,,,,,2012-01-14T04:16:56Z,-33.59113300,147.63221700,2368.00,
1406,,,,,2012-01-14T04:17:00Z,-33.59228300,147.63236700,2368.00,
1407,,,,,2012-01-14T04:17:04Z,-33.59256700,147.63240000,2368.00,
1408,,,,,2012-01-14T04:17:08Z,-33.59343300,147.63250000,2368.00,
1409,,,,,2012-01-14T04:17:12Z,-33.59411700,147.63260000,2368.00,
1410,,,,,2012-01-14T04:17:16Z,-33.59411700,147.63260000,2368.00,
1411,,,,,2012-01-14T04:17:20Z,-33.59411700,147.63260000,2368.00,
1412,,,,,2012-01-14T04:17:24Z,-33.59411700,147.63260000,2368.00,
1413,,,,,2012-01-14T04:17:28Z,-33.59581700,147.63283300,2368.00,
1414,,,,,2012-01-14T04:17:32Z,-33.59581700,147.63283300,2368.00,
1415,,,,,2012-01-14T04:17:36Z,-33.59615000,147.63278300,2368.00,
1416,,,,,2012-01-14T04:17:40Z,-33.59653300,147.63338300,2364.00,
1417,,,,,2012-01-14T04:17:44Z,-33.59671700,147.63418300,2347.00,
1418,,,,,2012-01-14T04:17:48Z,-33.59653300,147.63461700,2324.00,
1419,,,,,2012-01-14T04:17:52Z,-33.59611700,147.63471700,2318.00,
1420,,,,,2012-01-14T04:17:56Z,-33.59608300,147.63440000,2301.00,
1421,,,,,2012-01-14T04:18:00Z,-33.59646700,147.63383300,2301.00,
1422,,,,,2012-01-14T04:18:04Z,-33.59695000,147.63338300,2291.00,
1423,,,,,2012-01-14T04:18:08Z,-33.59758300,147.63298300,2286.00,
1424,,,,,2012-01-14T04:18:12Z,-33.59820000,147.63278300,2282.00,
1425,,,,,2012-01-14T04:18:16Z,-33.59886700,147.63255000,2277.00,
1426,,,,,2012-01-14T04:18:20Z,-33.59955000,147.63241700,2277.00,
1427,,,,,2012-01-14T04:18:24Z,-33.60018300,147.63226700,2277.00,
1428,,,,,2012-01-14T04:18:28Z,-33.60090000,147.63218300,2277.00,
1429,,,,,2012-01-14T04:18:32Z,-33.60158300,147.63216700,2277.00,
1430,,,,,2012-01-14T04:18:36Z,-33.60223300,147.63210000,2268.00,
1431,,,,,2012-01-14T04:18:40Z,-33.60288300,147.63196700,2254.00,
1432,,,,,2012-01-14T04:18:44Z,-33.60346700,147.63173300,2240.00,
1433,,,,,2012-01-14T04:18:48Z,-33.60405000,147.63146700,2240.00,
1434,,,,,2012-01-14T04:18:52Z,-33.60456700,147.63111700,2232.00,
1435,,,,,2012-01-14T04:18:56Z,-33.60511700,147.63081700,2229.00,
1436,,,,,2012-01-14T04:19:00Z,-33.60563300,147.63061700,2219.00,
1437,,,,,2012-01-14T04:19:04Z,-33.60616700,147.63046700,2209.00,
1438,,,,,2012-01-14T04:19:08Z,-33.60673300,147.63030000,2203.00,
1439,,,,,2012-01-14T04:19:12Z,-33.60728300,147.63006700,2201.00,
1440,,,,,2012-01-14T04:19:16Z,-33.60778300,147.62990000,2192.00,
1441,,,,,2012-01-14T04:19:20Z,-33.60831700,147.62975000,2184.00,
1442,,,,,2012-01-14T04:19:24Z,-33.60891700,147.62951700,2175.00,
1443,,,,,2012-01-14T04:19:28Z,-33.60950000,147.62918300,2171.00,
1444,,,,,2012-01-14T04:19:32Z,-33.60996700,147.62866700,2169.00,
1445,,,,,2012-01-14T04:19:36Z,-33.61046700,147.62813300,2164.00,
1446,,,,,2012-01-14T04:19:40Z,-33.61095000,147.62756700,2156.00,
1447,,,,,2012-01-14T04:19:44Z,-33.61143300,147.62705000,2151.00,
1448,,,,,2012-01-14T04:19:48Z,-33.61195000,147.62656700,2149.00,
1449,,,,,2012-01-14T04:19:52Z,-33.61246700,147.62605000,2142.00,
1450,,,,,2012-01-14T04:19:56Z,-33.61296700,147.62548300,2142.00,
1451,,,,,2012-01-14T04:20:00Z,-33.61346700,147.62495000,2139.00,
1452,,,,,2012-01-14T04:20:04Z,-33.61403300,147.62453300,2139.00,
1453,,,,,2012-01-14T04:20:08Z,-33.61463300,147.62416700,2139.00,
1454,,,,,2012-01-14T04:20:12Z,-33.61525000,147.62378300,2139.00,
1455,,,,,2012-01-14T04:20:16Z,-33.61586700,147.62335000,2139.00,
1456,,,,,2012-01-14T04:20:20Z,-33.61653300,147.62303300,2139.00,
1457,,,,,2012-01-14T04:20:24Z,-33.61718300,147.62296700,2139.00,
1458,,,,,2012-01-14T04:20:29Z,-33.61793300,147.62300000,2139.00,
1459,,,,,2012-01-14T04:20:33Z,-33.61840000,147.62286700,2139.00,
1460,,,,,2012-01-14T04:20:37Z,-33.61846700,147.62255000,2139.00,
1461,,,,,2012-01-14T04:20:41Z,-33.61830000,147.62153300,2139.00,
1462,,,,,2012-01-14T04:20:45Z,-33.61793300,147.62135000,2138.00,
1463,,,,,2012-01-14T04:20:49Z,-33.61753300,147.62171700,2135.00,
1464,,,,,2012-01-14T04:20:53Z,-33.61741700,147.62218300,2134.00,
1465,,,,,2012-01-14T04:20:57Z,-33.61775000,147.62258300,2132.00,
1466,,,,,2012-01-14T04:21:01Z,-33.61825000,147.62275000,2131.00,
1467,,,,,2012-01-14T04:21:05Z,-33.61866700,147.62261700,2131.00,
1468,,,,,2012-01-14T04:21:09Z,-33.61865000,147.62215000,2131.00,
1469,,,,,2012-01-14T04:21:13Z,-33.61818300,147.62191700,2132.00,
1470,,,,,2012-01-14T04:21:17Z,-33.61768300,147.62218300,2135.00,
1471,,,,,2012-01-14T04:21:21Z,-33.61740000,147.62275000,2135.00,
1472,,,,,2012-01-14T04:21:25Z,-33.61720000,147.62338300,2135.00,
1473,,,,,2012-01-14T04:21:29Z,-33.61718300,147.62415000,2140.00,
1474,,,,,2012-01-14T04:21:33Z,-33.61728300,147.62490000,2144.00,
1475,,,,,2012-01-14T04:21:37Z,-33.61753300,147.62566700,2146.00,
1476,,,,,2012-01-14T04:21:41Z,-33.61801700,147.62565000,2146.00,
1477,,,,,2012-01-14T04:21:45Z,-33.61843300,147.62538300,2146.00,
1478,,,,,2012-01-14T04:21:49Z,-33.61850000,147.62515000,2146.00,
1479,,,,,2012-01-14T04:21:53Z,-33.61863300,147.62445000,2149.00,
1480,,,,,2012-01-14T04:21:57Z,-33.61836700,147.62468300,2161.00,
1481,,,,,2012-01-14T04:22:01Z,-33.61816700,147.62545000,2172.00,
1482,,,,,2012-01-14T04:22:05Z,-33.61836700,147.62606700,2184.00,
1483,,,,,2012-01-14T04:22:09Z,-33.61873300,147.62631700,2184.00,
1484,,,,,2012-01-14T04:22:13Z,-33.61905000,147.62600000,2188.00,
1485,,,,,2012-01-14T04:22:17Z,-33.61910000,147.62535000,2195.00,
1486,,,,,2012-01-14T04:22:21Z,-33.61885000,147.62486700,2198.00,
1487,,,,,2012-01-14T04:22:25Z,-33.61831700,147.62471700,2204.00,
1488,,,,,2012-01-14T04:22:29Z,-33.61773300,147.62491700,2219.00,
1489,,,,,2012-01-14T04:22:33Z,-33.61731700,147.62543300,2235.00,
1490,,,,,2012-01-14T04:22:37Z,-33.61725000,147.62578300,2243.00,
1491,,,,,2012-01-14T04:22:41Z,-33.61738300,147.62666700,2243.00,
1492,,,,,2012-01-14T04:22:45Z,-33.61785000,147.62686700,2253.00,
1493,,,,,2012-01-14T04:22:49Z,-33.61826700,147.62678300,2259.00,
1494,,,,,2012-01-14T04:22:53Z,-33.61850000,147.62646700,2259.00,
1495,,,,,2012-01-14T04:22:57Z,-33.61845000,147.62613300,2261.00,
1496,,,,,2012-01-14T04:23:01Z,-33.61793300,147.62590000,2270.00,
1497,,,,,2012-01-14T04:23:05Z,-33.61753300,147.62618300,2274.00,
1498,,,,,2012-01-14T04:23:09Z,-33.61705000,147.62663300,2274.00,
1499,,,,,2012-01-14T04:23:14Z,-33.61730000,147.62696700,2277.00,
1500,,,,,2012-01-14T04:23:17Z,-33.61780000,147.62745000,2277.00,
1501,,,,,2012-01-14T04:23:21Z,-33.61831700,147.62755000,2289.00,
1502,,,,,2012-01-14T04:23:25Z,-33.61885000,147.62733300,2305.00,
1503,,,,,2012-01-14T04:23:29Z,-33.61925000,147.62698300,2305.00,
1504,,,,,2012-01-14T04:23:33Z,-33.61948300,147.62645000,2305.00,
1505,,,,,2012-01-14T04:23:38Z,-33.61915000,147.62590000,2305.00,
1506,,,,,2012-01-14T04:23:42Z,-33.61870000,147.62590000,2316.00,
1507,,,,,2012-01-14T04:23:46Z,-33.61828300,147.62630000,2330.00,
1508,,,,,2012-01-14T04:23:50Z,-33.61793300,147.62685000,2330.00,
1509,,,,,2012-01-14T04:23:54Z,-33.61793300,147.62748300,2334.00,
1510,,,,,2012-01-14T04:23:58Z,-33.61821700,147.62793300,2338.00,
1511,,,,,2012-01-14T04:24:02Z,-33.61896700,147.62850000,2341.00,
1512,,,,,2012-01-14T04:24:06Z,-33.61945000,147.62823300,2345.00,
1513,,,,,2012-01-14T04:24:10Z,-33.61978300,147.62773300,2345.00,
1514,,,,,2012-01-14T04:24:14Z,-33.62001700,147.62706700,2345.00,
1515,,,,,2012-01-14T04:24:18Z,-33.61993300,147.62640000,2353.00,
1516,,,,,2012-01-14T04:24:22Z,-33.61986700,147.62573300,2353.00,
1517,,,,,2012-01-14T04:24:26Z,-33.61970000,147.62506700,2353.00,
1518,,,,,2012-01-14T04:24:30Z,-33.61896700,147.62445000,2381.00,
1519,,,,,2012-01-14T04:24:34Z,-33.61865000,147.62378300,2392.00,
1520,,,,,2012-01-14T04:24:38Z,-33.61803300,147.62286700,2423.00,
1521,,,,,2012-01-14T04:24:42Z,-33.61773300,147.62320000,2423.00,
1522,,,,,2012-01-14T04:24:46Z,-33.61720000,147.62360000,2423.00,
1523,,,,,2012-01-14T04:24:50Z,-33.61685000,147.62393300,2423.00,
1524,,,,,2012-01-14T04:24:54Z,-33.61703300,147.62403300,2440.00,
1525,,,,,2012-01-14T04:24:58Z,-33.61738300,147.62350000,2460.00,
1526,,,,,2012-01-14T04:25:02Z,-33.61775000,147.62288300,2468.00,
1527,,,,,2012-01-14T04:25:06Z,-33.61795000,147.62225000,2468.00,
1528,,,,,2012-01-14T04:25:10Z,-33.61828300,147.62158300,2468.00,
1529,,,,,2012-01-14T04:25:14Z,-33.61873300,147.62098300,2468.00,
1530,,,,,2012-01-14T04:25:18Z,-33.61926700,147.62048300,2468.00,
1531,,,,,2012-01-14T04:25:22Z,-33.61985000,147.61995000,2479.00,
1532,,,,,2012-01-14T04:25:26Z,-33.62041700,147.61945000,2485.00,
1533,,,,,2012-01-14T04:25:30Z,-33.62091700,147.61895000,2485.00,
1534,,,,,2012-01-14T04:25:34Z,-33.62138300,147.61843300,2485.00,
1535,,,,,2012-01-14T04:25:38Z,-33.62186700,147.61791700,2487.00,
1536,,,,,2012-01-14T04:25:42Z,-33.62240000,147.61736700,2487.00,
1537,,,,,2012-01-14T04:25:46Z,-33.62295000,147.61676700,2487.00,
1538,,,,,2012-01-14T04:25:50Z,-33.62353300,147.61613300,2487.00,
1539,,,,,2012-01-14T04:25:54Z,-33.62410000,147.61548300,2487.00,
1540,,,,,2012-01-14T04:25:58Z,-33.62465000,147.61485000,2487.00,
1541,,,,,2012-01-14T04:26:02Z,-33.62521700,147.61416700,2487.00,
1542,,,,,2012-01-14T04:26:06Z,-33.62575000,147.61350000,2492.00,
1543,,,,,2012-01-14T04:26:10Z,-33.62625000,147.61285000,2494.00,
1544,,,,,2012-01-14T04:26:14Z,-33.62675000,147.61215000,2499.00,
1545,,,,,2012-01-14T04:26:18Z,-33.62721700,147.61140000,2502.00,
1546,,,,,2012-01-14T04:26:22Z,-33.62766700,147.61065000,2504.00,
1547,,,,,2012-01-14T04:26:26Z,-33.62810000,147.60993300,2506.00,
1548,,,,,2012-01-14T04:26:30Z,-33.62851700,147.60925000,2507.00,
1549,,,,,2012-01-14T04:26:34Z,-33.62895000,147.60856700,2506.00,
1550,,,,,2012-01-14T04:26:38Z,-33.62943300,147.60796700,2505.00,
1551,,,,,2012-01-14T04:26:42Z,-33.62991700,147.60738300,2503.00,
1552,,,,,2012-01-14T04:26:46Z,-33.63043300,147.60676700,2500.00,
1553,,,,,2012-01-14T04:26:50Z,-33.63095000,147.60618300,2497.00,
1554,,,,,2012-01-14T04:26:54Z,-33.63138300,147.60561700,2497.00,
1555,,,,,2012-01-14T04:26:58Z,-33.63176700,147.60506700,2497.00,
1556,,,,,2012-01-14T04:27:03Z,-33.63221700,147.60441700,2496.00,
1557,,,,,2012-01-14T04:27:07Z,-33.63260000,147.60398300,2494.00,
1558,,,,,2012-01-14T04:27:11Z,-33.63305000,147.60360000,2493.00,
1559,,,,,2012-01-14T04:27:15Z,-33.63350000,147.60320000,2491.00,
1560,,,,,2012-01-14T04:27:19Z,-33.63395000,147.60275000,2488.00,
1561,,,,,2012-01-14T04:27:23Z,-33.63436700,147.60228300,2484.00,
1562,,,,,2012-01-14T04:27:27Z,-33.63478300,147.60178300,2479.00,
1563,,,,,2012-01-14T04:27:31Z,-33.63520000,147.60131700,2473.00,
1564,,,,,2012-01-14T04:27:35Z,-33.63563300,147.60086700,2468.00,
1565,,,,,2012-01-14T04:27:39Z,-33.63611700,147.60041700,2468.00,
1566,,,,,2012-01-14T04:27:43Z,-33.63663300,147.60000000,2466.00,
1567,,,,,2012-01-14T04:27:47Z,-33.63718300,147.59958300,2466.00,
1568,,,,,2012-01-14T04:27:51Z,-33.63773300,147.59916700,2466.00,
1569,,,,,2012-01-14T04:27:55Z,-33.63823300,147.59873300,2466.00,
1570,,,,,2012-01-14T04:27:59Z,-33.63871700,147.59826700,2466.00,
1571,,,,,2012-01-14T04:28:03Z,-33.63918300,147.59776700,2465.00,
1572,,,,,2012-01-14T04:28:07Z,-33.63965000,147.59718300,2463.00,
1573,,,,,2012-01-14T04:28:11Z,-33.64003300,147.59656700,2461.00,
1574,,,,,2012-01-14T04:28:15Z,-33.64036700,147.59590000,2461.00,
1575,,,,,2012-01-14T04:28:19Z,-33.64073300,147.59525000,2461.00,
1576,,,,,2012-01-14T04:28:23Z,-33.64110000,147.59460000,2458.00,
1577,,,,,2012-01-14T04:28:27Z,-33.64146700,147.59396700,2454.00,
1578,,,,,2012-01-14T04:28:31Z,-33.64185000,147.59330000,2453.00,
1579,,,,,2012-01-14T04:28:35Z,-33.64218300,147.59256700,2453.00,
1580,,,,,2012-01-14T04:28:39Z,-33.64250000,147.59183300,2452.00,
1581,,,,,2012-01-14T04:28:43Z,-33.64278300,147.59116700,2452.00,
1582,,,,,2012-01-14T04:28:47Z,-33.64311700,147.59060000,2447.00,
1583,,,,,2012-01-14T04:28:51Z,-33.64356700,147.59001700,2445.00,
1584,,,,,2012-01-14T04:28:55Z,-33.64415000,147.58943300,2444.00,
1585,,,,,2012-01-14T04:28:59Z,-33.64480000,147.58881700,2444.00,
1586,,,,,2012-01-14T04:29:03Z,-33.64543300,147.58815000,2444.00,
1587,,,,,2012-01-14T04:29:07Z,-33.64603300,147.58750000,2439.00,
1588,,,,,2012-01-14T04:29:11Z,-33.64656700,147.58686700,2434.00,
1589,,,,,2012-01-14T04:29:15Z,-33.64706700,147.58621700,2431.00,
1590,,,,,2012-01-14T04:29:19Z,-33.64753300,147.58553300,2425.00,
1591,,,,,2012-01-14T04:29:23Z,-33.64801700,147.58485000,2424.00,
1592,,,,,2012-01-14T04:29:27Z,-33.64855000,147.58420000,2424.00,
1593,,,,,2012-01-14T04:29:31Z,-33.64910000,147.58355000,2422.00,
1594,,,,,2012-01-14T04:29:35Z,-33.64963300,147.58295000,2417.00,
1595,,,,,2012-01-14T04:29:39Z,-33.65011700,147.58236700,2412.00,
1596,,,,,2012-01-14T04:29:43Z,-33.65063300,147.58178300,2412.00,
1597,,,,,2012-01-14T04:29:47Z,-33.65113300,147.58123300,2405.00,
1598,,,,,2012-01-14T04:29:51Z,-33.65165000,147.58066700,2401.00,
1599,,,,,2012-01-14T04:29:55Z,-33.65211700,147.58013300,2393.00,
1600,,,,,2012-01-14T04:29:59Z,-33.65260000,147.57960000,2386.00,
1601,,,,,2012-01-14T04:30:03Z,-33.65306700,147.57905000,2377.00,
1602,,,,,2012-01-14T04:30:07Z,-33.65350000,147.57845000,2370.00,
1603,,,,,2012-01-14T04:30:11Z,-33.65383300,147.57781700,2370.00,
1604,,,,,2012-01-14T04:30:15Z,-33.65401700,147.57720000,2370.00,
1605,,,,,2012-01-14T04:30:19Z,-33.65418300,147.57651700,2370.00,
1606,,,,,2012-01-14T04:30:24Z,-33.65436700,147.57570000,2370.00,
1607,,,,,2012-01-14T04:30:28Z,-33.65455000,147.57506700,2369.00,
1608,,,,,2012-01-14T04:30:32Z,-33.65473300,147.57443300,2369.00,
1609,,,,,2012-01-14T04:30:36Z,-33.65491700,147.57371700,2369.00,
1610,,,,,2012-01-14T04:30:40Z,-33.65525000,147.57301700,2369.00,
1611,,,,,2012-01-14T04:30:44Z,-33.65568300,147.57240000,2368.00,
1612,,,,,2012-01-14T04:30:48Z,-33.65621700,147.57178300,2364.00,
1613,,,,,2012-01-14T04:30:52Z,-33.65675000,147.57111700,2361.00,
1614,,,,,2012-01-14T04:30:56Z,-33.65731700,147.57048300,2361.00,
1615,,,,,2012-01-14T04:31:00Z,-33.65778300,147.56986700,2361.00,
1616,,,,,2012-01-14T04:31:04Z,-33.65815000,147.56921700,2361.00,
1617,,,,,2012-01-14T04:31:08Z,-33.65853300,147.56856700,2361.00,
1618,,,,,2012-01-14T04:31:12Z,-33.65888300,147.56790000,2353.00,
1619,,,,,2012-01-14T04:31:16Z,-33.65923300,147.56716700,2336.00,
1620,,,,,2012-01-14T04:31:20Z,-33.65961700,147.56650000,2322.00,
1621,,,,,2012-01-14T04:31:24Z,-33.66013300,147.56591700,2322.00,
1622,,,,,2012-01-14T04:31:28Z,-33.66068300,147.56533300,2322.00,
1623,,,,,2012-01-14T04:31:32Z,-33.66116700,147.56460000,2322.00,
1624,,,,,2012-01-14T04:31:36Z,-33.66148300,147.56378300,2322.00,
1625,,,,,2012-01-14T04:31:40Z,-33.66175000,147.56295000,2322.00,
1626,,,,,2012-01-14T04:31:44Z,-33.66203300,147.56213300,2322.00,
1627,,,,,2012-01-14T04:31:48Z,-33.66235000,147.56138300,2322.00,
1628,,,,,2012-01-14T04:31:52Z,-33.66276700,147.56063300,2322.00,
1629,,,,,2012-01-14T04:31:56Z,-33.66306700,147.56005000,2322.00,
1630,,,,,2012-01-14T04:32:00Z,-33.66326700,147.55966700,2322.00,
1631,,,,,2012-01-14T04:32:04Z,-33.66393300,147.55830000,2322.00,
1632,,,,,2012-01-14T04:32:08Z,-33.66433300,147.55756700,2322.00,
1633,,,,,2012-01-14T04:32:12Z,-33.66475000,147.55681700,2322.00,
1634,,,,,2012-01-14T04:32:16Z,-33.66516700,147.55608300,2322.00,
1635,,,,,2012-01-14T04:32:20Z,-33.66560000,147.55533300,2322.00,
1636,,,,,2012-01-14T04:32:24Z,-33.66613300,147.55461700,2322.00,
1637,,,,,2012-01-14T04:32:28Z,-33.66668300,147.55388300,2322.00,
1638,,,,,2012-01-14T04:32:32Z,-33.66723300,147.55311700,2322.00,
1639,,,,,2012-01-14T04:32:36Z,-33.66778300,147.55236700,2322.00,
1640,,,,,2012-01-14T04:32:40Z,-33.66831700,147.55163300,2322.00,
1641,,,,,2012-01-14T04:32:44Z,-33.66875000,147.55093300,2321.00,
1642,,,,,2012-01-14T04:32:48Z,-33.66923300,147.55025000,2321.00,
1643,,,,,2012-01-14T04:32:52Z,-33.66973300,147.54958300,2321.00,
1644,,,,,2012-01-14T04:32:56Z,-33.67026700,147.54896700,2321.00,
1645,,,,,2012-01-14T04:33:00Z,-33.67083300,147.54838300,2321.00,
1646,,,,,2012-01-14T04:33:04Z,-33.67138300,147.54785000,2321.00,
1647,,,,,2012-01-14T04:33:08Z,-33.67190000,147.54728300,2321.00,
1648,,,,,2012-01-14T04:33:12Z,-33.67240000,147.54668300,2321.00,
1649,,,,,2012-01-14T04:33:16Z,-33.67290000,147.54601700,2321.00,
1650,,,,,2012-01-14T04:33:20Z,-33.67340000,147.54531700,2321.00,
1651,,,,,2012-01-14T04:33:24Z,-33.67390000,147.54465000,2321.00,
1652,,,,,2012-01-14T04:33:28Z,-33.67440000,147.54398300,2321.00,
1653,,,,,2012-01-14T04:33:32Z,-33.67490000,147.54338300,2321.00,
1654,,,,,2012-01-14T04:33:36Z,-33.67543300,147.54283300,2321.00,
1655,,,,,2012-01-14T04:33:40Z,-33.67601700,147.54226700,2321.00,
1656,,,,,2012-01-14T04:33:45Z,-33.67670000,147.54160000,2321.00,
1657,,,,,2012-01-14T04:33:49Z,-33.67718300,147.54110000,2321.00,
1658,,,,,2012-01-14T04:33:53Z,-33.67773300,147.54065000,2321.00,
1659,,,,,2012-01-14T04:33:57Z,-33.67818300,147.54020000,2313.00,
1660,,,,,2012-01-14T04:34:01Z,-33.67866700,147.53981700,2290.00,
1661,,,,,2012-01-14T04:34:05Z,-33.67918300,147.53946700,2272.00,
1662,,,,,2012-01-14T04:34:09Z,-33.67971700,147.53913300,2247.00,
1663,,,,,2012-01-14T04:34:13Z,-33.68025000,147.53881700,2225.00,
1664,,,,,2012-01-14T04:34:17Z,-33.68081700,147.53858300,2204.00,
1665,,,,,2012-01-14T04:34:21Z,-33.68138300,147.53840000,2184.00,
1666,,,,,2012-01-14T04:34:25Z,-33.68196700,147.53826700,2165.00,
1667,,,,,2012-01-14T04:34:29Z,-33.68256700,147.53816700,2148.00,
1668,,,,,2012-01-14T04:34:33Z,-33.68318300,147.53805000,2131.00,
1669,,,,,2012-01-14T04:34:37Z,-33.68383300,147.53790000,2114.00,
1670,,,,,2012-01-14T04:34:41Z,-33.68445000,147.53780000,2102.00,
1671,,,,,2012-01-14T04:34:45Z,-33.68505000,147.53766700,2087.00,
1672,,,,,2012-01-14T04:34:49Z,-33.68563300,147.53753300,2072.00,
1673,,,,,2012-01-14T04:34:53Z,-33.68623300,147.53738300,2063.00,
1674,,,,,2012-01-14T04:34:57Z,-33.68690000,147.53720000,2055.00,
1675,,,,,2012-01-14T04:35:01Z,-33.68748300,147.53730000,2032.00,
1676,,,,,2012-01-14T04:35:05Z,-33.68811700,147.53750000,2006.00,
1677,,,,,2012-01-14T04:35:09Z,-33.68873300,147.53770000,1979.00,
1678,,,,,2012-01-14T04:35:13Z,-33.68941700,147.53786700,1966.00,
1679,,,,,2012-01-14T04:35:17Z,-33.68998300,147.53803300,1960.00,
1680,,,,,2012-01-14T04:35:21Z,-33.69051700,147.53818300,1960.00,
1681,,,,,2012-01-14T04:35:25Z,-33.69093300,147.53815000,1960.00,
1682,,,,,2012-01-14T04:35:29Z,-33.69103300,147.53813300,1960.00,
1683,,,,,2012-01-14T04:35:33Z,-33.69268300,147.53811700,1960.00,
1684,,,,,2012-01-14T04:35:37Z,-33.69316700,147.53841700,1960.00,
1685,,,,,2012-01-14T04:35:41Z,-33.69331700,147.53856700,1960.00,
1686,,,,,2012-01-14T04:35:45Z,-33.69400000,147.53895000,1958.00,
1687,,,,,2012-01-14T04:35:49Z,-33.69400000,147.53895000,1958.00,
1688,,,,,2012-01-14T04:35:53Z,-33.69536700,147.53938300,1958.00,
1689,,,,,2012-01-14T04:35:57Z,-33.69610000,147.53950000,1958.00,
1690,,,,,2012-01-14T04:36:01Z,-33.69678300,147.53950000,1958.00,
1691,,,,,2012-01-14T04:36:05Z,-33.69745000,147.53943300,1958.00,
1692,,,,,2012-01-14T04:36:09Z,-33.69806700,147.53928300,1955.00,
1693,,,,,2012-01-14T04:36:13Z,-33.69865000,147.53896700,1953.00,
1694,,,,,2012-01-14T04:36:17Z,-33.69918300,147.53866700,1945.00,
1695,,,,,2012-01-14T04:36:21Z,-33.69968300,147.53836700,1938.00,
1696,,,,,2012-01-14T04:36:25Z,-33.70015000,147.53800000,1938.00,
1697,,,,,2012-01-14T04:36:29Z,-33.70026700,147.53790000,1938.00,
1698,,,,,2012-01-14T04:36:33Z,-33.70063300,147.53766700,1931.00,
1699,,,,,2012-01-14T04:36:37Z,-33.70111700,147.53740000,1921.00,
1700,,,,,2012-01-14T04:36:41Z,-33.70161700,147.53716700,1909.00,
1701,,,,,2012-01-14T04:36:45Z,-33.70210000,147.53693300,1898.00,
1702,,,,,2012-01-14T04:36:49Z,-33.70258300,147.53666700,1886.00,
1703,,,,,2012-01-14T04:36:53Z,-33.70308300,147.53635000,1873.00,
1704,,,,,2012-01-14T04:36:58Z,-33.70335000,147.53618300,1873.00,
1705,,,,,2012-01-14T04:37:01Z,-33.70386700,147.53588300,1862.00,
1706,,,,,2012-01-14T04:37:05Z,-33.70400000,147.53581700,1859.00,
1707,,,,,2012-01-14T04:37:10Z,-33.70468300,147.53541700,1850.00,
1708,,,,,2012-01-14T04:37:14Z,-33.70481700,147.53535000,1848.00,
1709,,,,,2012-01-14T04:37:17Z,-33.70536700,147.53513300,1836.00,
1710,,,,,2012-01-14T04:37:22Z,-33.70605000,147.53486700,1822.00,
1711,,,,,2012-01-14T04:37:26Z,-33.70658300,147.53468300,1817.00,
1712,,,,,2012-01-14T04:37:30Z,-33.70710000,147.53458300,1806.00,
1713,,,,,2012-01-14T04:37:34Z,-33.70771700,147.53456700,1800.00,
1714,,,,,2012-01-14T04:37:38Z,-33.70833300,147.53471700,1795.00,
1715,,,,,2012-01-14T04:37:41Z,-33.70875000,147.53493300,1788.00,
1716,,,,,2012-01-14T04:37:42Z,-33.70891700,147.53510000,1788.00,
1717,,,,,2012-01-14T04:37:46Z,-33.70905000,147.53520000,1786.00,
1718,,,,,2012-01-14T04:37:50Z,-33.70988300,147.53585000,1783.00,
1719,,,,,2012-01-14T04:37:54Z,-33.71025000,147.53655000,1777.00,
1720,,,,,2012-01-14T04:37:58Z,-33.71013300,147.53740000,1765.00,
1721,,,,,2012-01-14T04:38:02Z,-33.70968300,147.53808300,1746.00,
1722,,,,,2012-01-14T04:38:06Z,-33.70908300,147.53861700,1746.00,
1723,,,,,2012-01-14T04:38:10Z,-33.70845000,147.53905000,1742.00,
1724,,,,,2012-01-14T04:38:14Z,-33.70780000,147.53950000,1742.00,
1725,,,,,2012-01-14T04:38:18Z,-33.70711700,147.53995000,1742.00,
1726,,,,,2012-01-14T04:38:22Z,-33.70643300,147.54033300,1742.00,
1727,,,,,2012-01-14T04:38:26Z,-33.70578300,147.54066700,1742.00,
1728,,,,,2012-01-14T04:38:30Z,-33.70515000,147.54103300,1742.00,
1729,,,,,2012-01-14T04:38:34Z,-33.70450000,147.54141700,1742.00,
1730,,,,,2012-01-14T04:38:38Z,-33.70385000,147.54173300,1742.00,
1731,,,,,2012-01-14T04:38:42Z,-33.70318300,147.54200000,1739.00,
1732,,,,,2012-01-14T04:38:46Z,-33.70248300,147.54225000,1731.00,
1733,,,,,2012-01-14T04:38:50Z,-33.70175000,147.54251700,1718.00,
1734,,,,,2012-01-14T04:38:54Z,-33.70095000,147.54281700,1709.00,
1735,,,,,2012-01-14T04:38:58Z,-33.70013300,147.54313300,1700.00,
1736,,,,,2012-01-14T04:39:02Z,-33.69928300,147.54336700,1700.00,
1737,,,,,2012-01-14T04:39:06Z,-33.69851700,147.54373300,1686.00,
1738,,,,,2012-01-14T04:39:10Z,-33.69776700,147.54426700,1686.00,
1739,,,,,2012-01-14T04:39:14Z,-33.69711700,147.54473300,1686.00,
1740,,,,,2012-01-14T04:39:18Z,-33.69653300,147.54528300,1666.00,
1741,,,,,2012-01-14T04:39:22Z,-33.69588300,147.54581700,1653.00,
1742,,,,,2012-01-14T04:39:26Z,-33.69520000,147.54641700,1648.00,
1743,,,,,2012-01-14T04:39:30Z,-33.69455000,147.54686700,1636.00,
1744,,,,,2012-01-14T04:39:34Z,-33.69390000,147.54721700,1630.00,
1745,,,,,2012-01-14T04:39:38Z,-33.69321700,147.54760000,1625.00,
1746,,,,,2012-01-14T04:39:42Z,-33.69253300,147.54786700,1619.00,
1747,,,,,2012-01-14T04:39:46Z,-33.69188300,147.54805000,1619.00,
1748,,,,,2012-01-14T04:39:50Z,-33.69130000,147.54833300,1598.00,
1749,,,,,2012-01-14T04:39:54Z,-33.69061700,147.54865000,1592.00,
1750,,,,,2012-01-14T04:39:58Z,-33.69000000,147.54886700,1586.00,
1751,,,,,2012-01-14T04:40:02Z,-33.68940000,147.54918300,1586.00,
1752,,,,,2012-01-14T04:40:06Z,-33.68888300,147.54940000,1570.00,
1753,,,,,2012-01-14T04:40:10Z,-33.68828300,147.54960000,1570.00,
1754,,,,,2012-01-14T04:40:14Z,-33.68766700,147.54981700,1570.00,
1755,,,,,2012-01-14T04:40:18Z,-33.68700000,147.55021700,1570.00,
1756,,,,,2012-01-14T04:40:22Z,-33.68633300,147.55075000,1566.00,
1757,,,,,2012-01-14T04:40:26Z,-33.68571700,147.55118300,1566.00,
1758,,,,,2012-01-14T04:40:30Z,-33.68498300,147.55180000,1566.00,
1759,,,,,2012-01-14T04:40:35Z,-33.68446700,147.55233300,1554.00,
1760,,,,,2012-01-14T04:40:39Z,-33.68446700,147.55233300,1554.00,
1761,,,,,2012-01-14T04:40:42Z,-33.68410000,147.55263300,1542.00,
1762,,,,,2012-01-14T04:40:47Z,-33.68325000,147.55326700,1529.00,
1763,,,,,2012-01-14T04:40:51Z,-33.68261700,147.55385000,1529.00,
1764,,,,,2012-01-14T04:40:55Z,-33.68261700,147.55385000,1529.00,
1765,,,,,2012-01-14T04:40:59Z,-33.68240000,147.55398300,1529.00,
1766,,,,,2012-01-14T04:41:03Z,-33.68193300,147.55423300,1523.00,
1767,,,,,2012-01-14T04:41:07Z,-33.68168300,147.55433300,1523.00,
1768,,,,,2012-01-14T04:41:11Z,-33.68070000,147.55480000,1523.00,
1769,,,,,2012-01-14T04:41:15Z,-33.68021700,147.55503300,1523.00,
1770,,,,,2012-01-14T04:41:19Z,-33.67998300,147.55515000,1523.00,
1771,,,,,2012-01-14T04:41:23Z,-33.67998300,147.55515000,1523.00,
1772,,,,,2012-01-14T04:41:27Z,-33.67975000,147.55550000,1523.00,
1773,,,,,2012-01-14T04:41:31Z,-33.67916700,147.55665000,1523.00,
1774,,,,,2012-01-14T04:41:35Z,-33.67861700,147.55743300,1507.00,
1775,,,,,2012-01-14T04:41:39Z,-33.67790000,147.55841700,1479.00,
1776,,,,,2012-01-14T04:41:43Z,-33.67751700,147.55890000,1463.00,
1777,,,,,2012-01-14T04:41:47Z,-33.67656700,147.55958300,1457.00,
1778,,,,,2012-01-14T04:41:51Z,-33.67575000,147.55975000,1450.00,
1779,,,,,2012-01-14T04:41:55Z,-33.67588300,147.55971700,1425.00,
1780,,,,,2012-01-14T04:41:59Z,-33.67636700,147.56001700,1419.00,
1781,,,,,2012-01-14T04:42:03Z,-33.67665000,147.56083300,1402.00,
1782,,,,,2012-01-14T04:42:07Z,-33.67661700,147.56131700,1392.00,
1783,,,,,2012-01-14T04:42:11Z,-33.67616700,147.56210000,1372.00,
1784,,,,,2012-01-14T04:42:15Z,-33.67551700,147.56236700,1354.00,
1785,,,,,2012-01-14T04:42:19Z,-33.67506700,147.56236700,1350.00,
1786,,,,,2012-01-14T04:42:23Z,-33.67510000,147.56205000,1340.00,
1787,,,,,2012-01-14T04:42:27Z,-33.67533300,147.56180000,1337.00,
1788,,,,,2012-01-14T04:42:31Z,-33.67575000,147.56173300,1327.00,
1789,,,,,2012-01-14T04:42:35Z,-33.67631700,147.56180000,1327.00,
1790,,,,,2012-01-14T04:42:39Z,-33.67690000,147.56208300,1327.00,
1791,,,,,2012-01-14T04:42:43Z,-33.67746700,147.56253300,1321.00,
1792,,,,,2012-01-14T04:42:47Z,-33.67808300,147.56300000,1318.00,
1793,,,,,2012-01-14T04:42:51Z,-33.67873300,147.56326700,1318.00,
1794,,,,,2012-01-14T04:42:55Z,-33.67933300,147.56316700,1318.00,
1795,,,,,2012-01-14T04:42:59Z,-33.67951700,147.56270000,1318.00,
1796,,,,,2012-01-14T04:43:03Z,-33.67933300,147.56236700,1318.00,
1797,,,,,2012-01-14T04:43:07Z,-33.67916700,147.56238300,1318.00,
1798,,,,,2012-01-14T04:43:11Z,-33.67843300,147.56400000,1322.00,
1799,,,,,2012-01-14T04:43:15Z,-33.67878300,147.56445000,1323.00,
1800,,,,,2012-01-14T04:43:19Z,-33.67878300,147.56445000,1323.00,
1801,,,,,2012-01-14T04:43:24Z,-33.67878300,147.56445000,1323.00,
1802,,,,,2012-01-14T04:43:28Z,-33.67878300,147.56445000,1323.00,
1803,,,,,2012-01-14T04:43:32Z,-33.67878300,147.56445000,1323.00,
1804,,,,,2012-01-14T04:43:35Z,-33.68003300,147.56528300,1340.00,
1805,,,,,2012-01-14T04:43:39Z,-33.68061700,147.56563300,1361.00,
1806,,,,,2012-01-14T04:43:44Z,-33.68125000,147.56553300,1372.00,
1807,,,,,2012-01-14T04:43:48Z,-33.68123300,147.56510000,1372.00,
1808,,,,,2012-01-14T04:43:52Z,-33.68088300,147.56500000,1372.00,
1809,,,,,2012-01-14T04:43:56Z,-33.68051700,147.56541700,1375.00,
1810,,,,,2012-01-14T04:44:00Z,-33.68038300,147.56611700,1386.00,
1811,,,,,2012-01-14T04:44:04Z,-33.68071700,147.56678300,1397.00,
1812,,,,,2012-01-14T04:44:08Z,-33.68125000,147.56693300,1404.00,
1813,,,,,2012-01-14T04:44:12Z,-33.68140000,147.56650000,1404.00,
1814,,,,,2012-01-14T04:44:16Z,-33.68115000,147.56625000,1404.00,
1815,,,,,2012-01-14T04:44:20Z,-33.69356700,147.57126700,708.00,
1816,,,,,2012-01-14T04:44:24Z,-33.69351700,147.57158300,0.00,
1817,,,,,2012-01-14T04:44:28Z,-33.69351700,147.57158300,0.00,
1818,,,,,2012-01-14T04:44:32Z,-33.69446700,147.57310000,0.00,
1819,,,,,2012-01-14T04:44:36Z,-33.69420000,147.57335000,0.00,
1820,,,,,2012-01-14T04:44:40Z,-33.69390000,147.57305000,0.00,
1821,,,,,2012-01-14T04:44:44Z,-33.69356700,147.57275000,0.00,
1822,,,,,2012-01-14T04:44:48Z,-33.69236700,147.57223300,0.00,
1823,,,,,2012-01-14T04:44:52Z,-33.68698300,147.57328300,0.00,
1824,,,,,2012-01-14T04:44:56Z,-33.68626700,147.57558300,0.00,
1825,,,,,2012-01-14T04:45:00Z,-33.68603300,147.57546700,0.00,
1826,,,,,2012-01-14T04:45:04Z,-33.68628300,147.57516700,0.00,
1827,,,,,2012-01-14T04:45:08Z,-33.68621700,147.57491700,0.00,
1828,,,,,2012-01-14T04:45:12Z,-33.68656700,147.57493300,0.00,
1829,,,,,2012-01-14T04:45:16Z,-33.67038300,147.57676700,0.00,
1830,,,,,2012-01-14T04:45:20Z,-33.67118300,147.57616700,0.00,
1831,,,,,2012-01-14T04:45:24Z,-33.68333300,147.56946700,0.00,
1832,,,,,2012-01-14T04:45:28Z,-33.68323300,147.56910000,0.00,
1833,,,,,2012-01-14T04:45:32Z,-33.68826700,147.56533300,0.00,
1834,,,,,2012-01-14T04:45:36Z,-33.68701700,147.57048300,0.00,
1835,,,,,2012-01-14T04:45:40Z,-33.68680000,147.57076700,0.00,
1836,,,,,2012-01-14T04:45:44Z,-33.68675000,147.57110000,0.00,
1837,,,,,2012-01-14T04:45:48Z,-33.68683300,147.57143300,0.00,
1838,,,,,2012-01-14T04:45:52Z,-33.68685000,147.57155000,0.00,
1839,,,,,2012-01-14T04:45:56Z,-33.68665000,147.57166700,0.00,
1840,,,,,2012-01-14T04:46:00Z,-33.68698300,147.57083300,0.00,
1841,,,,,2012-01-14T04:46:04Z,-33.68698300,147.57083300,0.00,
1842,,,,,2012-01-14T04:46:08Z,-33.68655000,147.57088300,0.00,
1843,,,,,2012-01-14T04:46:12Z,-33.68610000,147.57158300,0.00,
1844,,,,,2012-01-14T04:46:16Z,-33.68600000,147.57228300,0.00,
1845,,,,,2012-01-14T04:46:20Z,-33.68623300,147.57280000,0.00,
1846,,,,,2012-01-14T04:46:24Z,-33.68673300,147.57298300,0.00,
1847,,,,,2012-01-14T04:46:28Z,-33.68711700,147.57261700,137.00,
1848,,,,,2012-01-14T04:46:32Z,-33.68743300,147.57220000,137.00,
1849,,,,,2012-01-14T04:46:36Z,-33.68736700,147.57156700,175.00,
1850,,,,,2012-01-14T04:46:40Z,-33.68718300,147.57131700,208.00,
1851,,,,,2012-01-14T04:46:44Z,-33.68670000,147.57055000,208.00,
1852,,,,,2012-01-14T04:46:49Z,-33.70233300,147.56028300,0.00,
1853,,,,,2012-01-14T04:46:52Z,-33.70291700,147.55900000,0.00,
1854,,,,,2012-01-14T04:46:56Z,-33.70003300,147.56065000,0.00,
1855,,,,,2012-01-14T04:47:01Z,-33.69853300,147.56131700,0.00,
1856,,,,,2012-01-14T04:47:04Z,-33.69721700,147.56200000,0.00,
1857,,,,,2012-01-14T04:47:09Z,-33.69503300,147.56330000,0.00,
1858,,,,,2012-01-14T04:47:13Z,-33.69368300,147.56413300,0.00,
1859,,,,,2012-01-14T04:47:17Z,-33.69368300,147.56413300,0.00,
1860,,,,,2012-01-14T04:47:21Z,-33.69368300,147.56413300,0.00,
1861,,,,,2012-01-14T04:47:25Z,-33.69351700,147.56458300,0.00,
1862,,,,,2012-01-14T04:47:29Z,-33.69311700,147.56481700,0.00,
1863,,,,,2012-01-14T04:47:33Z,-33.69311700,147.56481700,0.00,
1864,,,,,2012-01-14T04:47:37Z,-33.69311700,147.56481700,0.00,
1865,,,,,2012-01-14T04:47:41Z,-33.69311700,147.56481700,0.00,
1866,,,,,2012-01-14T04:47:45Z,-33.69181700,147.56513300,0.00,
1867,,,,,2012-01-14T04:47:49Z,-33.69151700,147.56523300,0.00,
1868,,,,,2012-01-14T04:47:53Z,-33.69120000,147.56538300,0.00,
1869,,,,,2012-01-14T04:47:57Z,-33.69031700,147.56581700,0.00,
1870,,,,,2012-01-14T04:48:01Z,-33.68923300,147.56641700,0.00,
1871,,,,,2012-01-14T04:48:05Z,-33.68923300,147.56641700,0.00,
1872,,,,,2012-01-14T04:48:09Z,-33.68895000,147.56656700,0.00,
1873,,,,,2012-01-14T04:48:13Z,-33.68888300,147.56660000,0.00,
1874,,,,,2012-01-14T04:48:17Z,-33.68788300,147.56700000,0.00,
1875,,,,,2012-01-14T04:48:21Z,-33.68803300,147.56670000,0.00,
1876,,,,,2012-01-14T04:48:25Z,-33.68676700,147.56678300,0.00,
1877,,,,,2012-01-14T04:48:29Z,-33.68521700,147.56748300,0.00,
1878,,,,,2012-01-14T04:48:33Z,-33.68348300,147.56815000,0.00,
1879,,,,,2012-01-14T04:48:37Z,-33.67083300,147.57733300,0.00,
1880,,,,,2012-01-14T04:48:41Z,-33.67020000,147.57728300,0.00,
1881,,,,,2012-01-14T04:48:45Z,-33.66958300,147.57716700,0.00,
1882,,,,,2012-01-14T04:48:49Z,-33.66893300,147.57700000,307.00,
1883,,,,,2012-01-14T04:48:53Z,-33.66831700,147.57688300,744.00,
1884,,,,,2012-01-14T04:48:57Z,-33.66771700,147.57681700,1029.00,
1885,,,,,2012-01-14T04:49:01Z,-33.66713300,147.57676700,1216.00,
1886,,,,,2012-01-14T04:49:05Z,-33.66660000,147.57668300,1336.00,
1887,,,,,2012-01-14T04:49:09Z,-33.66598300,147.57648300,1396.00,
1888,,,,,2012-01-14T04:49:13Z,-33.66536700,147.57621700,1425.00,
1889,,,,,2012-01-14T04:49:17Z,-33.66490000,147.57608300,1425.00,
1890,,,,,2012-01-14T04:49:21Z,-33.66430000,147.57578300,1454.00,
1891,,,,,2012-01-14T04:49:25Z,-33.66371700,147.57548300,1467.00,
1892,,,,,2012-01-14T04:49:29Z,-33.66315000,147.57518300,1485.00,
1893,,,,,2012-01-14T04:49:33Z,-33.66255000,147.57493300,1496.00,
1894,,,,,2012-01-14T04:49:37Z,-33.66191700,147.57476700,1500.00,
1895,,,,,2012-01-14T04:49:41Z,-33.66130000,147.57460000,1502.00,
1896,,,,,2012-01-14T04:49:45Z,-33.66073300,147.57436700,1503.00,
1897,,,,,2012-01-14T04:49:49Z,-33.66018300,147.57405000,1502.00,
1898,,,,,2012-01-14T04:49:53Z,-33.65963300,147.57371700,1502.00,
1899,,,,,2012-01-14T04:49:57Z,-33.65913300,147.57330000,1500.00,
1900,,,,,2012-01-14T04:50:01Z,-33.65868300,147.57290000,1497.00,
1901,,,,,2012-01-14T04:50:05Z,-33.65823300,147.57258300,1494.00,
1902,,,,,2012-01-14T04:50:09Z,-33.65780000,147.57231700,1494.00,
1903,,,,,2012-01-14T04:50:13Z,-33.65748300,147.57198300,1493.00,
1904,,,,,2012-01-14T04:50:17Z,-33.65738300,147.57161700,1492.00,
1905,,,,,2012-01-14T04:50:21Z,-33.65755000,147.57130000,1491.00,
1906,,,,,2012-01-14T04:50:25Z,-33.65795000,147.57118300,1491.00,
1907,,,,,2012-01-14T04:50:29Z,-33.65841700,147.57128300,1490.00,
1908,,,,,2012-01-14T04:50:34Z,-33.65900000,147.57178300,1490.00,
1909,,,,,2012-01-14T04:50:38Z,-33.65925000,147.57253300,1490.00,
1910,,,,,2012-01-14T04:50:42Z,-33.65921700,147.57331700,1490.00,
1911,,,,,2012-01-14T04:50:46Z,-33.65896700,147.57395000,1490.00,
1912,,,,,2012-01-14T04:50:50Z,-33.65861700,147.57456700,1490.00,
1913,,,,,2012-01-14T04:50:54Z,-33.65823300,147.57508300,1491.00,
1914,,,,,2012-01-14T04:50:58Z,-33.65781700,147.57541700,1491.00,
1915,,,,,2012-01-14T04:51:02Z,-33.65736700,147.57553300,1491.00,
1916,,,,,2012-01-14T04:51:06Z,-33.65693300,147.57548300,1491.00,
1917,,,,,2012-01-14T04:51:10Z,-33.65651700,147.57525000,1491.00,
1918,,,,,2012-01-14T04:51:14Z,-33.65613300,147.57498300,1491.00,
1919,,,,,2012-01-14T04:51:18Z,-33.65580000,147.57466700,1491.00,
1920,,,,,2012-01-14T04:51:22Z,-33.65548300,147.57428300,1491.00,
1921,,,,,2012-01-14T04:51:26Z,-33.65513300,147.57390000,1490.00,
1922,,,,,2012-01-14T04:51:30Z,-33.65471700,147.57358300,1490.00,
1923,,,,,2012-01-14T04:51:34Z,-33.65421700,147.57333300,1489.00,
1924,,,,,2012-01-14T04:51:38Z,-33.65363300,147.57316700,1489.00,
1925,,,,,2012-01-14T04:51:42Z,-33.65305000,147.57320000,1487.00,
1926,,,,,2012-01-14T04:51:46Z,-33.65250000,147.57343300,1487.00,
1927,,,,,2012-01-14T04:51:50Z,-33.65196700,147.57381700,1487.00,
1928,,,,,2012-01-14T04:51:54Z,-33.65145000,147.57410000,1487.00,
1929,,,,,2012-01-14T04:51:58Z,-33.65088300,147.57441700,1487.00,
1930,,,,,2012-01-14T04:52:02Z,-33.65031700,147.57460000,1487.00,
1931,,,,,2012-01-14T04:52:06Z,-33.64976700,147.57478300,1487.00,
1932,,,,,2012-01-14T04:52:10Z,-33.64921700,147.57493300,1486.00,
1933,,,,,2012-01-14T04:52:14Z,-33.64863300,147.57503300,1486.00,
1934,,,,,2012-01-14T04:52:18Z,-33.64801700,147.57501700,1486.00,
1935,,,,,2012-01-14T04:52:22Z,-33.64745000,147.57498300,1486.00,
1936,,,,,2012-01-14T04:52:26Z,-33.64686700,147.57491700,1486.00,
1937,,,,,2012-01-14T04:52:30Z,-33.64621700,147.57473300,1485.00,
1938,,,,,2012-01-14T04:52:34Z,-33.64560000,147.57446700,1480.00,
1939,,,,,2012-01-14T04:52:38Z,-33.64496700,147.57428300,1474.00,
1940,,,,,2012-01-14T04:52:42Z,-33.64436700,147.57411700,1469.00,
1941,,,,,2012-01-14T04:52:46Z,-33.64381700,147.57386700,1464.00,
1942,,,,,2012-01-14T04:52:50Z,-33.64328300,147.57363300,1454.00,
1943,,,,,2012-01-14T04:52:54Z,-33.64270000,147.57350000,1444.00,
1944,,,,,2012-01-14T04:52:58Z,-33.64206700,147.57363300,1432.00,
1945,,,,,2012-01-14T04:53:02Z,-33.64138300,147.57390000,1429.00,
1946,,,,,2012-01-14T04:53:06Z,-33.64075000,147.57425000,1417.00,
1947,,,,,2012-01-14T04:53:10Z,-33.64013300,147.57461700,1405.00,
1948,,,,,2012-01-14T04:53:14Z,-33.63953300,147.57498300,1393.00,
1949,,,,,2012-01-14T04:53:18Z,-33.63891700,147.57533300,1380.00,
1950,,,,,2012-01-14T04:53:22Z,-33.63830000,147.57561700,1371.00,
1951,,,,,2012-01-14T04:53:26Z,-33.63760000,147.57591700,1358.00,
1952,,,,,2012-01-14T04:53:30Z,-33.63686700,147.57626700,1345.00,
1953,,,,,2012-01-14T04:53:34Z,-33.63618300,147.57660000,1331.00,
1954,,,,,2012-01-14T04:53:38Z,-33.63548300,147.57695000,1331.00,
1955,,,,,2012-01-14T04:53:42Z,-33.63476700,147.57721700,1329.00,
1956,,,,,2012-01-14T04:53:46Z,-33.63410000,147.57741700,1317.00,
1957,,,,,2012-01-14T04:53:50Z,-33.63338300,147.57751700,1306.00,
1958,,,,,2012-01-14T04:53:54Z,-33.63266700,147.57756700,1299.00,
1959,,,,,2012-01-14T04:53:59Z,-33.63186700,147.57760000,1286.00,
1960,,,,,2012-01-14T04:54:03Z,-33.63118300,147.57761700,1277.00,
1961,,,,,2012-01-14T04:54:07Z,-33.63045000,147.57760000,1269.00,
1962,,,,,2012-01-14T04:54:11Z,-33.62968300,147.57758300,1261.00,
1963,,,,,2012-01-14T04:54:15Z,-33.62888300,147.57760000,1250.00,
1964,,,,,2012-01-14T04:54:19Z,-33.62813300,147.57766700,1237.00,
1965,,,,,2012-01-14T04:54:23Z,-33.62738300,147.57771700,1227.00,
1966,,,,,2012-01-14T04:54:27Z,-33.62663300,147.57778300,1216.00,
1967,,,,,2012-01-14T04:54:31Z,-33.62590000,147.57780000,1207.00,
1968,,,,,2012-01-14T04:54:35Z,-33.62521700,147.57776700,1195.00,
1969,,,,,2012-01-14T04:54:39Z,-33.62448300,147.57768300,1195.00,
1970,,,,,2012-01-14T04:54:43Z,-33.62383300,147.57760000,1187.00,
1971,,,,,2012-01-14T04:54:47Z,-33.62328300,147.57741700,1178.00,
1972,,,,,2012-01-14T04:54:51Z,-33.62273300,147.57708300,1170.00,
1973,,,,,2012-01-14T04:54:55Z,-33.62223300,147.57666700,1163.00,
1974,,,,,2012-01-14T04:54:59Z,-33.62175000,147.57621700,1159.00,
1975,,,,,2012-01-14T04:55:03Z,-33.62130000,147.57570000,1154.00,
1976,,,,,2012-01-14T04:55:07Z,-33.62078300,147.57558300,1151.00,
1977,,,,,2012-01-14T04:55:11Z,-33.62063300,147.57608300,1151.00,
1978,,,,,2012-01-14T04:55:15Z,-33.62071700,147.57695000,1149.00,
1979,,,,,2012-01-14T04:55:19Z,-33.62116700,147.57698300,1147.00,
1980,,,,,2012-01-14T04:55:23Z,-33.62138300,147.57655000,1147.00,
1981,,,,,2012-01-14T04:55:27Z,-33.62113300,147.57616700,1144.00,
1982,,,,,2012-01-14T04:55:31Z,-33.62065000,147.57621700,1143.00,
1983,,,,,2012-01-14T04:55:35Z,-33.62025000,147.57663300,1143.00,
1984,,,,,2012-01-14T04:55:39Z,-33.62006700,147.57730000,1143.00,
1985,,,,,2012-01-14T04:55:43Z,-33.62003300,147.57808300,1143.00,
1986,,,,,2012-01-14T04:55:47Z,-33.61998300,147.57881700,1143.00,
1987,,,,,2012-01-14T04:55:51Z,-33.61993300,147.57958300,1143.00,
1988,,,,,2012-01-14T04:55:55Z,-33.61975000,147.58041700,1143.00,
1989,,,,,2012-01-14T04:55:59Z,-33.61940000,147.58106700,1143.00,
1990,,,,,2012-01-14T04:56:03Z,-33.61900000,147.58100000,1143.00,
1991,,,,,2012-01-14T04:56:07Z,-33.61915000,147.58066700,1143.00,
1992,,,,,2012-01-14T04:56:11Z,-33.61971700,147.58071700,1145.00,
1993,,,,,2012-01-14T04:56:15Z,-33.62026700,147.58125000,1146.00,
1994,,,,,2012-01-14T04:56:19Z,-33.62076700,147.58186700,1148.00,
1995,,,,,2012-01-14T04:56:23Z,-33.62128300,147.58226700,1150.00,
1996,,,,,2012-01-14T04:56:27Z,-33.62171700,147.58216700,1150.00,
1997,,,,,2012-01-14T04:56:31Z,-33.62190000,147.58173300,1152.00,
1998,,,,,2012-01-14T04:56:35Z,-33.62186700,147.58121700,1155.00,
1999,,,,,2012-01-14T04:56:39Z,-33.62146700,147.58096700,1158.00,
2000,,,,,2012-01-14T04:56:43Z,-33.62098300,147.58101700,1160.00,
2001,,,,,2012-01-14T04:56:47Z,-33.62053300,147.58141700,1160.00,
2002,,,,,2012-01-14T04:56:51Z,-33.62021700,147.58218300,1160.00,
2003,,,,,2012-01-14T04:56:55Z,-33.62000000,147.58296700,1162.00,
2004,,,,,2012-01-14T04:56:59Z,-33.61980000,147.58380000,1162.00,
2005,,,,,2012-01-14T04:57:03Z,-33.61951700,147.58465000,1163.00,
2006,,,,,2012-01-14T04:57:07Z,-33.61946700,147.58546700,1163.00,
2007,,,,,2012-01-14T04:57:11Z,-33.61976700,147.58620000,1163.00,
2008,,,,,2012-01-14T04:57:16Z,-33.62040000,147.58683300,1164.00,
2009,,,,,2012-01-14T04:57:20Z,-33.62093300,147.58708300,1164.00,
2010,,,,,2012-01-14T04:57:24Z,-33.62148300,147.58711700,1165.00,
2011,,,,,2012-01-14T04:57:28Z,-33.62198300,147.58706700,1165.00,
2012,,,,,2012-01-14T04:57:32Z,-33.62223300,147.58675000,1165.00,
2013,,,,,2012-01-14T04:57:36Z,-33.62201700,147.58641700,1165.00,
2014,,,,,2012-01-14T04:57:40Z,-33.62153300,147.58631700,1165.00,
2015,,,,,2012-01-14T04:57:44Z,-33.62098300,147.58655000,1165.00,
2016,,,,,2012-01-14T04:57:48Z,-33.62045000,147.58701700,1165.00,
2017,,,,,2012-01-14T04:57:52Z,-33.61990000,147.58746700,1164.00,
2018,,,,,2012-01-14T04:57:56Z,-33.61935000,147.58766700,1164.00,
2019,,,,,2012-01-14T04:58:00Z,-33.61906700,147.58733300,1165.00,
2020,,,,,2012-01-14T04:58:04Z,-33.61938300,147.58690000,1166.00,
2021,,,,,2012-01-14T04:58:08Z,-33.61998300,147.58683300,1167.00,
2022,,,,,2012-01-14T04:58:12Z,-33.62058300,147.58711700,1167.00,
2023,,,,,2012-01-14T04:58:16Z,-33.62110000,147.58750000,1167.00,
2024,,,,,2012-01-14T04:58:20Z,-33.62143300,147.58816700,1167.00,
2025,,,,,2012-01-14T04:58:24Z,-33.62126700,147.58891700,1167.00,
2026,,,,,2012-01-14T04:58:28Z,-33.62078300,147.58933300,1167.00,
2027,,,,,2012-01-14T04:58:32Z,-33.62030000,147.58940000,1167.00,
2028,,,,,2012-01-14T04:58:36Z,-33.61995000,147.58913300,1166.00,
2029,,,,,2012-01-14T04:58:40Z,-33.61963300,147.58878300,1166.00,
2030,,,,,2012-01-14T04:58:44Z,-33.61930000,147.58840000,1166.00,
2031,,,,,2012-01-14T04:58:48Z,-33.61891700,147.58805000,1165.00,
2032,,,,,2012-01-14T04:58:52Z,-33.61846700,147.58778300,1164.00,
2033,,,,,2012-01-14T04:58:56Z,-33.61796700,147.58751700,1162.00,
2034,,,,,2012-01-14T04:59:00Z,-33.61741700,147.58733300,1161.00,
2035,,,,,2012-01-14T04:59:04Z,-33.61680000,147.58723300,1160.00,
2036,,,,,2012-01-14T04:59:08Z,-33.61621700,147.58715000,1158.00,
2037,,,,,2012-01-14T04:59:12Z,-33.61561700,147.58701700,1156.00,
2038,,,,,2012-01-14T04:59:16Z,-33.61498300,147.58693300,1153.00,
2039,,,,,2012-01-14T04:59:20Z,-33.61431700,147.58681700,1150.00,
2040,,,,,2012-01-14T04:59:24Z,-33.61368300,147.58671700,1146.00,
2041,,,,,2012-01-14T04:59:28Z,-33.61306700,147.58660000,1143.00,
2042,,,,,2012-01-14T04:59:32Z,-33.61246700,147.58633300,1141.00,
2043,,,,,2012-01-14T04:59:36Z,-33.61190000,147.58590000,1139.00,
2044,,,,,2012-01-14T04:59:40Z,-33.61133300,147.58556700,1139.00,
2045,,,,,2012-01-14T04:59:44Z,-33.61080000,147.58521700,1136.00,
2046,,,,,2012-01-14T04:59:48Z,-33.61025000,147.58486700,1133.00,
2047,,,,,2012-01-14T04:59:52Z,-33.60980000,147.58443300,1122.00,
2048,,,,,2012-01-14T04:59:56Z,-33.60926700,147.58413300,1119.00,
2049,,,,,2012-01-14T05:00:00Z,-33.60866700,147.58375000,1109.00,
2050,,,,,2012-01-14T05:00:04Z,-33.60810000,147.58338300,1099.00,
2051,,,,,2012-01-14T05:00:08Z,-33.60756700,147.58306700,1095.00,
2052,,,,,2012-01-14T05:00:12Z,-33.60716700,147.58263300,1079.00,
2053,,,,,2012-01-14T05:00:16Z,-33.60663300,147.58231700,1065.00,
2054,,,,,2012-01-14T05:00:20Z,-33.60593300,147.58218300,1061.00,
2055,,,,,2012-01-14T05:00:24Z,-33.60523300,147.58225000,1047.00,
2056,,,,,2012-01-14T05:00:28Z,-33.60453300,147.58243300,1035.00,
2057,,,,,2012-01-14T05:00:32Z,-33.60386700,147.58275000,1025.00,
2058,,,,,2012-01-14T05:00:36Z,-33.60323300,147.58345000,1018.00,
2059,,,,,2012-01-14T05:00:40Z,-33.60261700,147.58410000,1007.00,
2060,,,,,2012-01-14T05:00:45Z,-33.60193300,147.58513300,1003.00,
2061,,,,,2012-01-14T05:00:49Z,-33.60146700,147.58590000,996.00,
2062,,,,,2012-01-14T05:00:53Z,-33.60103300,147.58666700,984.00,
2063,,,,,2012-01-14T05:00:57Z,-33.60060000,147.58746700,967.00,
2064,,,,,2012-01-14T05:01:01Z,-33.60020000,147.58823300,950.00,
2065,,,,,2012-01-14T05:01:05Z,-33.59978300,147.58893300,939.00,
2066,,,,,2012-01-14T05:01:09Z,-33.59926700,147.58951700,935.00,
2067,,,,,2012-01-14T05:01:13Z,-33.59865000,147.59021700,935.00,
2068,,,,,2012-01-14T05:01:17Z,-33.59803300,147.59086700,930.00,
2069,,,,,2012-01-14T05:01:21Z,-33.59741700,147.59140000,920.00,
2070,,,,,2012-01-14T05:01:25Z,-33.59675000,147.59186700,916.00,
2071,,,,,2012-01-14T05:01:29Z,-33.59605000,147.59233300,909.00,
2072,,,,,2012-01-14T05:01:33Z,-33.59540000,147.59291700,904.00,
2073,,,,,2012-01-14T05:01:37Z,-33.59486700,147.59366700,904.00,
2074,,,,,2012-01-14T05:01:41Z,-33.59460000,147.59446700,902.00,
2075,,,,,2012-01-14T05:01:45Z,-33.59445000,147.59531700,899.00,
2076,,,,,2012-01-14T05:01:49Z,-33.59433300,147.59618300,895.00,
2077,,,,,2012-01-14T05:01:53Z,-33.59426700,147.59703300,892.00,
2078,,,,,2012-01-14T05:01:57Z,-33.59425000,147.59785000,891.00,
2079,,,,,2012-01-14T05:02:01Z,-33.59420000,147.59868300,891.00,
2080,,,,,2012-01-14T05:02:05Z,-33.59430000,147.59953300,890.00,
2081,,,,,2012-01-14T05:02:09Z,-33.59446700,147.60035000,888.00,
2082,,,,,2012-01-14T05:02:13Z,-33.59461700,147.60120000,887.00,
2083,,,,,2012-01-14T05:02:17Z,-33.59458300,147.60205000,886.00,
2084,,,,,2012-01-14T05:02:21Z,-33.59428300,147.60278300,886.00,
2085,,,,,2012-01-14T05:02:25Z,-33.59376700,147.60321700,885.00,
2086,,,,,2012-01-14T05:02:29Z,-33.59320000,147.60361700,884.00,
2087,,,,,2012-01-14T05:02:33Z,-33.59263300,147.60416700,884.00,
2088,,,,,2012-01-14T05:02:37Z,-33.59213300,147.60463300,883.00,
2089,,,,,2012-01-14T05:02:41Z,-33.59163300,147.60465000,882.00,
2090,,,,,2012-01-14T05:02:45Z,-33.59161700,147.60430000,881.00,
2091,,,,,2012-01-14T05:02:49Z,-33.59213300,147.60421700,881.00,
2092,,,,,2012-01-14T05:02:53Z,-33.59266700,147.60466700,878.00,
2093,,,,,2012-01-14T05:02:57Z,-33.59318300,147.60520000,876.00,
2094,,,,,2012-01-14T05:03:01Z,-33.59370000,147.60573300,873.00,
2095,,,,,2012-01-14T05:03:05Z,-33.59425000,147.60603300,872.00,
2096,,,,,2012-01-14T05:03:09Z,-33.59463300,147.60581700,872.00,
2097,,,,,2012-01-14T05:03:13Z,-33.59458300,147.60538300,871.00,
2098,,,,,2012-01-14T05:03:17Z,-33.59420000,147.60518300,871.00,
2099,,,,,2012-01-14T05:03:21Z,-33.59371700,147.60531700,873.00,
2100,,,,,2012-01-14T05:03:25Z,-33.59338300,147.60606700,874.00,
2101,,,,,2012-01-14T05:03:29Z,-33.59335000,147.60695000,875.00,
2102,,,,,2012-01-14T05:03:33Z,-33.59368300,147.60753300,875.00,
2103,,,,,2012-01-14T05:03:37Z,-33.59410000,147.60758300,878.00,
2104,,,,,2012-01-14T05:03:41Z,-33.59423300,147.60726700,878.00,
2105,,,,,2012-01-14T05:03:45Z,-33.59406700,147.60701700,878.00,
2106,,,,,2012-01-14T05:03:49Z,-33.59361700,147.60700000,880.00,
2107,,,,,2012-01-14T05:03:53Z,-33.59310000,147.60735000,883.00,
2108,,,,,2012-01-14T05:03:58Z,-33.59296700,147.60796700,883.00,
2109,,,,,2012-01-14T05:04:02Z,-33.59331700,147.60898300,887.00,
2110,,,,,2012-01-14T05:04:06Z,-33.59361700,147.60918300,887.00,
2111,,,,,2012-01-14T05:04:10Z,-33.59400000,147.60933300,887.00,
2112,,,,,2012-01-14T05:04:14Z,-33.59405000,147.60940000,888.00,
2113,,,,,2012-01-14T05:04:18Z,-33.59403300,147.60943300,889.00,
2114,,,,,2012-01-14T05:04:22Z,-33.59381700,147.61010000,893.00,
2115,,,,,2012-01-14T05:04:26Z,-33.59395000,147.61065000,902.00,
2116,,,,,2012-01-14T05:04:30Z,-33.59425000,147.61091700,913.00,
2117,,,,,2012-01-14T05:04:34Z,-33.59451700,147.61083300,916.00,
2118,,,,,2012-01-14T05:04:38Z,-33.59451700,147.61061700,925.00,
2119,,,,,2012-01-14T05:04:42Z,-33.59445000,147.61051700,925.00,
2120,,,,,2012-01-14T05:04:46Z,-33.59436700,147.61050000,925.00,
2121,,,,,2012-01-14T05:04:50Z,-33.59381700,147.61025000,937.00,
2122,,,,,2012-01-14T05:04:54Z,-33.59375000,147.60991700,942.00,
2123,,,,,2012-01-14T05:04:58Z,-33.59400000,147.60980000,945.00,
2124,,,,,2012-01-14T05:05:02Z,-33.59428300,147.61018300,952.00,
2125,,,,,2012-01-14T05:05:06Z,-33.59438300,147.61110000,958.00,
2126,,,,,2012-01-14T05:05:10Z,-33.59426700,147.61206700,963.00,
2127,,,,,2012-01-14T05:05:14Z,-33.59380000,147.61286700,968.00,
2128,,,,,2012-01-14T05:05:18Z,-33.59321700,147.61328300,978.00,
2129,,,,,2012-01-14T05:05:22Z,-33.59270000,147.61318300,988.00,
2130,,,,,2012-01-14T05:05:26Z,-33.59246700,147.61281700,999.00,
2131,,,,,2012-01-14T05:05:30Z,-33.59253300,147.61250000,1002.00,
2132,,,,,2012-01-14T05:05:34Z,-33.59291700,147.61263300,1006.00,
2133,,,,,2012-01-14T05:05:38Z,-33.59315000,147.61331700,1016.00,
2134,,,,,2012-01-14T05:05:42Z,-33.59288300,147.61410000,1016.00,
2135,,,,,2012-01-14T05:05:46Z,-33.59235000,147.61463300,1025.00,
2136,,,,,2012-01-14T05:05:50Z,-33.59185000,147.61471700,1034.00,
2137,,,,,2012-01-14T05:05:54Z,-33.59168300,147.61443300,1042.00,
2138,,,,,2012-01-14T05:05:58Z,-33.59198300,147.61431700,1052.00,
2139,,,,,2012-01-14T05:06:02Z,-33.59238300,147.61471700,1061.00,
2140,,,,,2012-01-14T05:06:06Z,-33.59255000,147.61543300,1066.00,
2141,,,,,2012-01-14T05:06:10Z,-33.59248300,147.61630000,1072.00,
2142,,,,,2012-01-14T05:06:14Z,-33.59203300,147.61706700,1076.00,
2143,,,,,2012-01-14T05:06:18Z,-33.59143300,147.61746700,1084.00,
2144,,,,,2012-01-14T05:06:22Z,-33.59081700,147.61763300,1089.00,
2145,,,,,2012-01-14T05:06:26Z,-33.59021700,147.61770000,1097.00,
2146,,,,,2012-01-14T05:06:30Z,-33.58965000,147.61785000,1105.00,
2147,,,,,2012-01-14T05:06:34Z,-33.58903300,147.61810000,1110.00,
2148,,,,,2012-01-14T05:06:38Z,-33.58846700,147.61846700,1115.00,
2149,,,,,2012-01-14T05:06:42Z,-33.58793300,147.61890000,1120.00,
2150,,,,,2012-01-14T05:06:46Z,-33.58753300,147.61958300,1125.00,
2151,,,,,2012-01-14T05:06:50Z,-33.58740000,147.62038300,1125.00,
2152,,,,,2012-01-14T05:06:54Z,-33.58750000,147.62121700,1127.00,
2153,,,,,2012-01-14T05:06:58Z,-33.58771700,147.62188300,1128.00,
2154,,,,,2012-01-14T05:07:02Z,-33.58811700,147.62236700,1128.00,
2155,,,,,2012-01-14T05:07:06Z,-33.58870000,147.62258300,1128.00,
2156,,,,,2012-01-14T05:07:10Z,-33.58933300,147.62243300,1128.00,
2157,,,,,2012-01-14T05:07:14Z,-33.58975000,147.62210000,1128.00,
2158,,,,,2012-01-14T05:07:18Z,-33.59010000,147.62166700,1128.00,
2159,,,,,2012-01-14T05:07:23Z,-33.59051700,147.62106700,1128.00,
2160,,,,,2012-01-14T05:07:27Z,-33.59085000,147.62066700,1128.00,
2161,,,,,2012-01-14T05:07:31Z,-33.59126700,147.62030000,1128.00,
2162,,,,,2012-01-14T05:07:35Z,-33.59168300,147.62001700,1128.00,
2163,,,,,2012-01-14T05:07:39Z,-33.59218300,147.61993300,1128.00,
2164,,,,,2012-01-14T05:07:43Z,-33.59270000,147.61996700,1128.00,
2165,,,,,2012-01-14T05:07:47Z,-33.59308300,147.62045000,1129.00,
2166,,,,,2012-01-14T05:07:51Z,-33.59288300,147.62126700,1133.00,
2167,,,,,2012-01-14T05:07:55Z,-33.59236700,147.62156700,1140.00,
2168,,,,,2012-01-14T05:07:59Z,-33.59238300,147.62131700,1147.00,
2169,,,,,2012-01-14T05:08:03Z,-33.59280000,147.62148300,1153.00,
2170,,,,,2012-01-14T05:08:07Z,-33.59295000,147.62226700,1159.00,
2171,,,,,2012-01-14T05:08:11Z,-33.59256700,147.62320000,1159.00,
2172,,,,,2012-01-14T05:08:15Z,-33.59206700,147.62381700,1170.00,
2173,,,,,2012-01-14T05:08:19Z,-33.59166700,147.62391700,1178.00,
2174,,,,,2012-01-14T05:08:23Z,-33.59190000,147.62365000,1185.00,
2175,,,,,2012-01-14T05:08:27Z,-33.59225000,147.62378300,1187.00,
2176,,,,,2012-01-14T05:08:31Z,-33.59215000,147.62468300,1197.00,
2177,,,,,2012-01-14T05:08:35Z,-33.59175000,147.62516700,1200.00,
2178,,,,,2012-01-14T05:08:39Z,-33.59156700,147.62495000,1209.00,
2179,,,,,2012-01-14T05:08:43Z,-33.59203300,147.62486700,1221.00,
2180,,,,,2012-01-14T05:08:47Z,-33.59251700,147.62538300,1229.00,
2181,,,,,2012-01-14T05:08:51Z,-33.59246700,147.62635000,1238.00,
2182,,,,,2012-01-14T05:08:55Z,-33.59205000,147.62698300,1251.00,
2183,,,,,2012-01-14T05:08:59Z,-33.59165000,147.62701700,1265.00,
2184,,,,,2012-01-14T05:09:03Z,-33.59160000,147.62666700,1277.00,
2185,,,,,2012-01-14T05:09:07Z,-33.59198300,147.62651700,1283.00,
2186,,,,,2012-01-14T05:09:11Z,-33.59253300,147.62683300,1286.00,
2187,,,,,2012-01-14T05:09:15Z,-33.59293300,147.62771700,1289.00,
2188,,,,,2012-01-14T05:09:19Z,-33.59285000,147.62863300,1297.00,
2189,,,,,2012-01-14T05:09:23Z,-33.59236700,147.62916700,1310.00,
2190,,,,,2012-01-14T05:09:27Z,-33.59193300,147.62920000,1322.00,
2191,,,,,2012-01-14T05:09:31Z,-33.59180000,147.62881700,1334.00,
2192,,,,,2012-01-14T05:09:35Z,-33.59208300,147.62845000,1346.00,
2193,,,,,2012-01-14T05:09:39Z,-33.59250000,147.62840000,1351.00,
2194,,,,,2012-01-14T05:09:43Z,-33.59291700,147.62891700,1358.00,
2195,,,,,2012-01-14T05:09:47Z,-33.59280000,147.62983300,1366.00,
2196,,,,,2012-01-14T05:09:51Z,-33.59235000,147.63055000,1377.00,
2197,,,,,2012-01-14T05:09:55Z,-33.59185000,147.63090000,1387.00,
2198,,,,,2012-01-14T05:09:59Z,-33.59161700,147.63071700,1389.00,
2199,,,,,2012-01-14T05:10:03Z,-33.59173300,147.63028300,1391.00,
2200,,,,,2012-01-14T05:10:07Z,-33.59218300,147.63000000,1395.00,
2201,,,,,2012-01-14T05:10:11Z,-33.59268300,147.62983300,1399.00,
2202,,,,,2012-01-14T05:10:15Z,-33.59295000,147.62978300,1402.00,
2203,,,,,2012-01-14T05:10:19Z,-33.59370000,147.62963300,1408.00,
2204,,,,,2012-01-14T05:10:23Z,-33.59413300,147.62933300,1415.00,
2205,,,,,2012-01-14T05:10:27Z,-33.59428300,147.62885000,1420.00,
2206,,,,,2012-01-14T05:10:31Z,-33.59411700,147.62848300,1422.00,
2207,,,,,2012-01-14T05:10:35Z,-33.59376700,147.62826700,1427.00,
2208,,,,,2012-01-14T05:10:39Z,-33.59330000,147.62813300,1429.00,
2209,,,,,2012-01-14T05:10:43Z,-33.59276700,147.62796700,1435.00,
2210,,,,,2012-01-14T05:10:48Z,-33.59216700,147.62756700,1441.00,
2211,,,,,2012-01-14T05:10:52Z,-33.59173300,147.62721700,1446.00,
2212,,,,,2012-01-14T05:10:56Z,-33.59125000,147.62690000,1453.00,
2213,,,,,2012-01-14T05:11:00Z,-33.59078300,147.62651700,1458.00,
2214,,,,,2012-01-14T05:11:04Z,-33.59028300,147.62618300,1463.00,
2215,,,,,2012-01-14T05:11:08Z,-33.58980000,147.62588300,1467.00,
2216,,,,,2012-01-14T05:11:12Z,-33.58930000,147.62558300,1470.00,
2217,,,,,2012-01-14T05:11:16Z,-33.58881700,147.62523300,1472.00,
2218,,,,,2012-01-14T05:11:20Z,-33.58836700,147.62480000,1473.00,
2219,,,,,2012-01-14T05:11:24Z,-33.58798300,147.62438300,1475.00,
2220,,,,,2012-01-14T05:11:28Z,-33.58758300,147.62405000,1477.00,
2221,,,,,2012-01-14T05:11:33Z,-33.58720000,147.62383300,1478.00,
2222,,,,,2012-01-14T05:11:36Z,-33.58648300,147.62355000,1478.00,
2223,,,,,2012-01-14T05:11:40Z,-33.58611700,147.62323300,1478.00,
2224,,,,,2012-01-14T05:11:44Z,-33.58628300,147.62293300,1478.00,
2225,,,,,2012-01-14T05:11:49Z,-33.58668300,147.62350000,1481.00,
2226,,,,,2012-01-14T05:11:53Z,-33.58678300,147.62441700,1482.00,
2227,,,,,2012-01-14T05:11:57Z,-33.58666700,147.62536700,1485.00,
2228,,,,,2012-01-14T05:12:01Z,-33.58628300,147.62616700,1485.00,
2229,,,,,2012-01-14T05:12:05Z,-33.58573300,147.62655000,1488.00,
2230,,,,,2012-01-14T05:12:09Z,-33.58521700,147.62656700,1491.00,
2231,,,,,2012-01-14T05:12:13Z,-33.58501700,147.62616700,1495.00,
2232,,,,,2012-01-14T05:12:17Z,-33.58523300,147.62583300,1499.00,
2233,,,,,2012-01-14T05:12:21Z,-33.58568300,147.62596700,1503.00,
2234,,,,,2012-01-14T05:12:25Z,-33.58600000,147.62653300,1508.00,
2235,,,,,2012-01-14T05:12:29Z,-33.58606700,147.62725000,1511.00,
2236,,,,,2012-01-14T05:12:33Z,-33.58570000,147.62785000,1517.00,
2237,,,,,2012-01-14T05:12:37Z,-33.58513300,147.62805000,1523.00,
2238,,,,,2012-01-14T05:12:41Z,-33.58471700,147.62773300,1528.00,
2239,,,,,2012-01-14T05:12:45Z,-33.58450000,147.62723300,1529.00,
2240,,,,,2012-01-14T05:12:49Z,-33.58458300,147.62675000,1532.00,
2241,,,,,2012-01-14T05:12:53Z,-33.58505000,147.62670000,1536.00,
2242,,,,,2012-01-14T05:12:57Z,-33.58553300,147.62710000,1541.00,
2243,,,,,2012-01-14T05:13:01Z,-33.58591700,147.62773300,1546.00,
2244,,,,,2012-01-14T05:13:05Z,-33.58620000,147.62845000,1552.00,
2245,,,,,2012-01-14T05:13:09Z,-33.58636700,147.62928300,1558.00,
2246,,,,,2012-01-14T05:13:13Z,-33.58611700,147.62998300,1561.00,
2247,,,,,2012-01-14T05:13:17Z,-33.58568300,147.63026700,1564.00,
2248,,,,,2012-01-14T05:13:21Z,-33.58520000,147.63016700,1569.00,
2249,,,,,2012-01-14T05:13:25Z,-33.58506700,147.62965000,1572.00,
2250,,,,,2012-01-14T05:13:29Z,-33.58528300,147.62926700,1573.00,
2251,,,,,2012-01-14T05:13:33Z,-33.58576700,147.62926700,1577.00,
2252,,,,,2012-01-14T05:13:37Z,-33.58616700,147.62975000,1582.00,
2253,,,,,2012-01-14T05:13:41Z,-33.58633300,147.63043300,1588.00,
2254,,,,,2012-01-14T05:13:45Z,-33.58633300,147.63096700,1590.00,
2255,,,,,2012-01-14T05:13:49Z,-33.58593300,147.63145000,1595.00,
2256,,,,,2012-01-14T05:13:53Z,-33.58540000,147.63151700,1602.00,
2257,,,,,2012-01-14T05:13:57Z,-33.58491700,147.63131700,1610.00,
2258,,,,,2012-01-14T05:14:01Z,-33.58448300,147.63100000,1617.00,
2259,,,,,2012-01-14T05:14:05Z,-33.58406700,147.63060000,1622.00,
2260,,,,,2012-01-14T05:14:09Z,-33.58360000,147.63011700,1627.00,
2261,,,,,2012-01-14T05:14:13Z,-33.58311700,147.62966700,1628.00,
2262,,,,,2012-01-14T05:14:17Z,-33.58251700,147.62923300,1633.00,
2263,,,,,2012-01-14T05:14:21Z,-33.58190000,147.62885000,1638.00,
2264,,,,,2012-01-14T05:14:25Z,-33.58126700,147.62846700,1641.00,
2265,,,,,2012-01-14T05:14:29Z,-33.58053300,147.62800000,1641.00,
2266,,,,,2012-01-14T05:14:33Z,-33.57975000,147.62748300,1642.00,
2267,,,,,2012-01-14T05:14:37Z,-33.57901700,147.62696700,1641.00,
2268,,,,,2012-01-14T05:14:41Z,-33.57835000,147.62645000,1639.00,
2269,,,,,2012-01-14T05:14:45Z,-33.57776700,147.62593300,1635.00,
2270,,,,,2012-01-14T05:14:49Z,-33.57706700,147.62541700,1635.00,
2271,,,,,2012-01-14T05:14:53Z,-33.57646700,147.62485000,1632.00,
2272,,,,,2012-01-14T05:14:57Z,-33.57586700,147.62436700,1629.00,
2273,,,,,2012-01-14T05:15:01Z,-33.57525000,147.62403300,1621.00,
2274,,,,,2012-01-14T05:15:05Z,-33.57456700,147.62381700,1612.00,
2275,,,,,2012-01-14T05:15:09Z,-33.57390000,147.62361700,1603.00,
2276,,,,,2012-01-14T05:15:14Z,-33.57305000,147.62350000,1590.00,
2277,,,,,2012-01-14T05:15:18Z,-33.57236700,147.62340000,1581.00,
2278,,,,,2012-01-14T05:15:22Z,-33.57165000,147.62330000,1572.00,
2279,,,,,2012-01-14T05:15:26Z,-33.57095000,147.62333300,1564.00,
2280,,,,,2012-01-14T05:15:30Z,-33.57030000,147.62345000,1557.00,
2281,,,,,2012-01-14T05:15:34Z,-33.56973300,147.62351700,1553.00,
2282,,,,,2012-01-14T05:15:38Z,-33.56925000,147.62341700,1552.00,
2283,,,,,2012-01-14T05:15:42Z,-33.56883300,147.62316700,1552.00,
2284,,,,,2012-01-14T05:15:46Z,-33.56860000,147.62266700,1550.00,
2285,,,,,2012-01-14T05:15:50Z,-33.56853300,147.62211700,1550.00,
2286,,,,,2012-01-14T05:15:54Z,-33.56853300,147.62158300,1547.00,
2287,,,,,2012-01-14T05:15:58Z,-33.56846700,147.62100000,1545.00,
2288,,,,,2012-01-14T05:16:02Z,-33.56831700,147.62041700,1543.00,
2289,,,,,2012-01-14T05:16:06Z,-33.56806700,147.61991700,1542.00,
2290,,,,,2012-01-14T05:16:10Z,-33.56773300,147.61958300,1542.00,
2291,,,,,2012-01-14T05:16:14Z,-33.56733300,147.61928300,1540.00,
2292,,,,,2012-01-14T05:16:18Z,-33.56716700,147.61876700,1540.00,
2293,,,,,2012-01-14T05:16:22Z,-33.56751700,147.61823300,1540.00,
2294,,,,,2012-01-14T05:16:26Z,-33.56813300,147.61821700,1540.00,
2295,,,,,2012-01-14T05:16:30Z,-33.56853300,147.61878300,1540.00,
2296,,,,,2012-01-14T05:16:34Z,-33.56835000,147.61928300,1539.00,
2297,,,,,2012-01-14T05:16:38Z,-33.56791700,147.61933300,1538.00,
2298,,,,,2012-01-14T05:16:42Z,-33.56750000,147.61933300,1538.00,
2299,,,,,2012-01-14T05:16:46Z,-33.56708300,147.61956700,1537.00,
2300,,,,,2012-01-14T05:16:50Z,-33.56671700,147.62000000,1538.00,
2301,,,,,2012-01-14T05:16:54Z,-33.56633300,147.62035000,1539.00,
2302,,,,,2012-01-14T05:16:58Z,-33.56586700,147.62050000,1540.00,
2303,,,,,2012-01-14T05:17:02Z,-33.56540000,147.62043300,1540.00,
2304,,,,,2012-01-14T05:17:06Z,-33.56493300,147.62028300,1539.00,
2305,,,,,2012-01-14T05:17:10Z,-33.56446700,147.62010000,1538.00,
2306,,,,,2012-01-14T05:17:14Z,-33.56396700,147.61998300,1535.00,
2307,,,,,2012-01-14T05:17:18Z,-33.56345000,147.61993300,1532.00,
2308,,,,,2012-01-14T05:17:22Z,-33.56291700,147.61981700,1529.00,
2309,,,,,2012-01-14T05:17:26Z,-33.56236700,147.61955000,1524.00,
2310,,,,,2012-01-14T05:17:30Z,-33.56181700,147.61931700,1520.00,
2311,,,,,2012-01-14T05:17:34Z,-33.56126700,147.61908300,1515.00,
2312,,,,,2012-01-14T05:17:38Z,-33.56068300,147.61881700,1512.00,
2313,,,,,2012-01-14T05:17:42Z,-33.56013300,147.61851700,1509.00,
2314,,,,,2012-01-14T05:17:46Z,-33.55958300,147.61823300,1505.00,
2315,,,,,2012-01-14T05:17:50Z,-33.55900000,147.61781700,1503.00,
2316,,,,,2012-01-14T05:17:54Z,-33.55848300,147.61731700,1501.00,
2317,,,,,2012-01-14T05:17:58Z,-33.55796700,147.61686700,1501.00,
2318,,,,,2012-01-14T05:18:02Z,-33.55741700,147.61643300,1501.00,
2319,,,,,2012-01-14T05:18:06Z,-33.55701700,147.61581700,1498.00,
2320,,,,,2012-01-14T05:18:10Z,-33.55668300,147.61525000,1494.00,
2321,,,,,2012-01-14T05:18:14Z,-33.55641700,147.61475000,1488.00,
2322,,,,,2012-01-14T05:18:18Z,-33.55625000,147.61421700,1482.00,
2323,,,,,2012-01-14T05:18:22Z,-33.55616700,147.61356700,1476.00,
2324,,,,,2012-01-14T05:18:26Z,-33.55606700,147.61285000,1473.00,
2325,,,,,2012-01-14T05:18:30Z,-33.55585000,147.61215000,1468.00,
2326,,,,,2012-01-14T05:18:35Z,-33.55570000,147.61128300,1467.00,
2327,,,,,2012-01-14T05:18:39Z,-33.55593300,147.61075000,1466.00,
2328,,,,,2012-01-14T05:18:43Z,-33.55635000,147.61045000,1465.00,
2329,,,,,2012-01-14T05:18:47Z,-33.55685000,147.61080000,1464.00,
2330,,,,,2012-01-14T05:18:51Z,-33.55693300,147.61138300,1465.00,
2331,,,,,2012-01-14T05:18:55Z,-33.55646700,147.61173300,1466.00,
2332,,,,,2012-01-14T05:18:59Z,-33.55591700,147.61170000,1467.00,
2333,,,,,2012-01-14T05:19:03Z,-33.55550000,147.61128300,1468.00,
2334,,,,,2012-01-14T05:19:07Z,-33.55543300,147.61068300,1469.00,
2335,,,,,2012-01-14T05:19:11Z,-33.55551700,147.61005000,1470.00,
2336,,,,,2012-01-14T05:19:15Z,-33.55546700,147.60945000,1470.00,
2337,,,,,2012-01-14T05:19:19Z,-33.55526700,147.60895000,1469.00,
2338,,,,,2012-01-14T05:19:23Z,-33.55493300,147.60851700,1467.00,
2339,,,,,2012-01-14T05:19:27Z,-33.55443300,147.60823300,1466.00,
2340,,,,,2012-01-14T05:19:31Z,-33.55390000,147.60800000,1464.00,
2341,,,,,2012-01-14T05:19:35Z,-33.55338300,147.60783300,1460.00,
2342,,,,,2012-01-14T05:19:39Z,-33.55283300,147.60771700,1456.00,
2343,,,,,2012-01-14T05:19:43Z,-33.55228300,147.60773300,1451.00,
2344,,,,,2012-01-14T05:19:47Z,-33.55160000,147.60783300,1445.00,
2345,,,,,2012-01-14T05:19:51Z,-33.55088300,147.60788300,1439.00,
2346,,,,,2012-01-14T05:19:55Z,-33.55010000,147.60790000,1432.00,
2347,,,,,2012-01-14T05:19:59Z,-33.54935000,147.60791700,1425.00,
2348,,,,,2012-01-14T05:20:03Z,-33.54865000,147.60786700,1417.00,
2349,,,,,2012-01-14T05:20:07Z,-33.54796700,147.60773300,1410.00,
2350,,,,,2012-01-14T05:20:11Z,-33.54728300,147.60760000,1404.00,
2351,,,,,2012-01-14T05:20:15Z,-33.54661700,147.60745000,1398.00,
2352,,,,,2012-01-14T05:20:19Z,-33.54596700,147.60726700,1393.00,
2353,,,,,2012-01-14T05:20:23Z,-33.54528300,147.60711700,1388.00,
2354,,,,,2012-01-14T05:20:27Z,-33.54460000,147.60693300,1382.00,
2355,,,,,2012-01-14T05:20:31Z,-33.54385000,147.60676700,1374.00,
2356,,,,,2012-01-14T05:20:35Z,-33.54311700,147.60653300,1367.00,
2357,,,,,2012-01-14T05:20:39Z,-33.54238300,147.60623300,1363.00,
2358,,,,,2012-01-14T05:20:43Z,-33.54166700,147.60600000,1356.00,
2359,,,,,2012-01-14T05:20:47Z,-33.54090000,147.60585000,1351.00,
2360,,,,,2012-01-14T05:20:51Z,-33.54013300,147.60583300,1348.00,
2361,,,,,2012-01-14T05:20:55Z,-33.53936700,147.60583300,1348.00,
2362,,,,,2012-01-14T05:20:59Z,-33.53865000,147.60573300,1346.00,
2363,,,,,2012-01-14T05:21:03Z,-33.53796700,147.60568300,1339.00,
2364,,,,,2012-01-14T05:21:07Z,-33.53723300,147.60578300,1332.00,
2365,,,,,2012-01-14T05:21:11Z,-33.53651700,147.60593300,1325.00,
2366,,,,,2012-01-14T05:21:15Z,-33.53588300,147.60611700,1321.00,
2367,,,,,2012-01-14T05:21:19Z,-33.53523300,147.60633300,1315.00,
2368,,,,,2012-01-14T05:21:23Z,-33.53455000,147.60660000,1309.00,
2369,,,,,2012-01-14T05:21:27Z,-33.53386700,147.60690000,1308.00,
2370,,,,,2012-01-14T05:21:31Z,-33.53321700,147.60735000,1307.00,
2371,,,,,2012-01-14T05:21:35Z,-33.53265000,147.60785000,1303.00,
2372,,,,,2012-01-14T05:21:39Z,-33.53203300,147.60820000,1300.00,
2373,,,,,2012-01-14T05:21:43Z,-33.53135000,147.60833300,1296.00,
2374,,,,,2012-01-14T05:21:47Z,-33.53063300,147.60838300,1292.00,
2375,,,,,2012-01-14T05:21:51Z,-33.52995000,147.60845000,1288.00,
2376,,,,,2012-01-14T05:21:55Z,-33.52930000,147.60856700,1284.00,
2377,,,,,2012-01-14T05:22:00Z,-33.52851700,147.60876700,1279.00,
2378,,,,,2012-01-14T05:22:04Z,-33.52790000,147.60895000,1274.00,
2379,,,,,2012-01-14T05:22:08Z,-33.52731700,147.60943300,1271.00,
2380,,,,,2012-01-14T05:22:12Z,-33.52685000,147.61026700,1271.00,
2381,,,,,2012-01-14T05:22:16Z,-33.52660000,147.61111700,1269.00,
2382,,,,,2012-01-14T05:22:20Z,-33.52646700,147.61200000,1266.00,
2383,,,,,2012-01-14T05:22:24Z,-33.52646700,147.61296700,1264.00,
2384,,,,,2012-01-14T05:22:28Z,-33.52650000,147.61388300,1261.00,
2385,,,,,2012-01-14T05:22:32Z,-33.52651700,147.61478300,1260.00,
2386,,,,,2012-01-14T05:22:36Z,-33.52661700,147.61571700,1258.00,
2387,,,,,2012-01-14T05:22:40Z,-33.52680000,147.61658300,1252.00,
2388,,,,,2012-01-14T05:22:44Z,-33.52705000,147.61736700,1250.00,
2389,,,,,2012-01-14T05:22:48Z,-33.52728300,147.61810000,1246.00,
2390,,,,,2012-01-14T05:22:52Z,-33.52756700,147.61888300,1245.00,
2391,,,,,2012-01-14T05:22:56Z,-33.52781700,147.61971700,1244.00,
2392,,,,,2012-01-14T05:23:00Z,-33.52790000,147.62060000,1244.00,
2393,,,,,2012-01-14T05:23:04Z,-33.52788300,147.62148300,1244.00,
2394,,,,,2012-01-14T05:23:08Z,-33.52763300,147.62231700,1241.00,
2395,,,,,2012-01-14T05:23:12Z,-33.52730000,147.62313300,1240.00,
2396,,,,,2012-01-14T05:23:16Z,-33.52685000,147.62401700,1239.00,
2397,,,,,2012-01-14T05:23:20Z,-33.52650000,147.62491700,1239.00,
2398,,,,,2012-01-14T05:23:24Z,-33.52630000,147.62553300,1239.00,
2399,,,,,2012-01-14T05:23:28Z,-33.52586700,147.62615000,1236.00,
2400,,,,,2012-01-14T05:23:32Z,-33.52540000,147.62611700,1233.00,
2401,,,,,2012-01-14T05:23:36Z,-33.52521700,147.62558300,1230.00,
2402,,,,,2012-01-14T05:23:40Z,-33.52565000,147.62533300,1228.00,
2403,,,,,2012-01-14T05:23:44Z,-33.52605000,147.62565000,1226.00,
2404,,,,,2012-01-14T05:23:48Z,-33.52581700,147.62618300,1224.00,
2405,,,,,2012-01-14T05:23:52Z,-33.52551700,147.62605000,1223.00,
2406,,,,,2012-01-14T05:23:56Z,-33.52578300,147.62561700,1222.00,
2407,,,,,2012-01-14T05:24:00Z,-33.52628300,147.62543300,1223.00,
2408,,,,,2012-01-14T05:24:04Z,-33.52671700,147.62578300,1223.00,
2409,,,,,2012-01-14T05:24:08Z,-33.52663300,147.62648300,1224.00,
2410,,,,,2012-01-14T05:24:12Z,-33.52618300,147.62668300,1224.00,
2411,,,,,2012-01-14T05:24:16Z,-33.52588300,147.62635000,1226.00,
2412,,,,,2012-01-14T05:24:20Z,-33.52591700,147.62593300,1227.00,
2413,,,,,2012-01-14T05:24:24Z,-33.52625000,147.62586700,1231.00,
2414,,,,,2012-01-14T05:24:28Z,-33.52665000,147.62625000,1236.00,
2415,,,,,2012-01-14T05:24:32Z,-33.52690000,147.62696700,1238.00,
2416,,,,,2012-01-14T05:24:36Z,-33.52695000,147.62773300,1238.00,
2417,,,,,2012-01-14T05:24:40Z,-33.52653300,147.62821700,1243.00,
2418,,,,,2012-01-14T05:24:44Z,-33.52606700,147.62816700,1248.00,
2419,,,,,2012-01-14T05:24:48Z,-33.52581700,147.62773300,1253.00,
2420,,,,,2012-01-14T05:24:52Z,-33.52588300,147.62730000,1257.00,
2421,,,,,2012-01-14T05:24:56Z,-33.52618300,147.62701700,1261.00,
2422,,,,,2012-01-14T05:25:00Z,-33.52653300,147.62723300,1266.00,
2423,,,,,2012-01-14T05:25:04Z,-33.52668300,147.62790000,1272.00,
2424,,,,,2012-01-14T05:25:08Z,-33.52648300,147.62866700,1273.00,
2425,,,,,2012-01-14T05:25:12Z,-33.52618300,147.62931700,1273.00,
2426,,,,,2012-01-14T05:25:16Z,-33.52575000,147.62960000,1275.00,
2427,,,,,2012-01-14T05:25:21Z,-33.52513300,147.62958300,1284.00,
2428,,,,,2012-01-14T05:25:25Z,-33.52481700,147.62925000,1292.00,
2429,,,,,2012-01-14T05:25:29Z,-33.52478300,147.62878300,1302.00,
2430,,,,,2012-01-14T05:25:33Z,-33.52516700,147.62860000,1311.00,
2431,,,,,2012-01-14T05:25:37Z,-33.52558300,147.62906700,1316.00,
2432,,,,,2012-01-14T05:25:41Z,-33.52573300,147.62971700,1318.00,
2433,,,,,2012-01-14T05:25:45Z,-33.52533300,147.63018300,1325.00,
2434,,,,,2012-01-14T05:25:49Z,-33.52481700,147.63043300,1335.00,
2435,,,,,2012-01-14T05:25:53Z,-33.52426700,147.63045000,1345.00,
2436,,,,,2012-01-14T05:25:57Z,-33.52373300,147.63018300,1349.00,
2437,,,,,2012-01-14T05:26:01Z,-33.52323300,147.62991700,1356.00,
2438,,,,,2012-01-14T05:26:05Z,-33.52313300,147.62948300,1362.00,
2439,,,,,2012-01-14T05:26:09Z,-33.52365000,147.62935000,1371.00,
2440,,,,,2012-01-14T05:26:13Z,-33.52426700,147.62973300,1375.00,
2441,,,,,2012-01-14T05:26:17Z,-33.52480000,147.63033300,1375.00,
2442,,,,,2012-01-14T05:26:21Z,-33.52481700,147.63095000,1375.00,
2443,,,,,2012-01-14T05:26:25Z,-33.52428300,147.63136700,1379.00,
2444,,,,,2012-01-14T05:26:29Z,-33.52365000,147.63148300,1389.00,
2445,,,,,2012-01-14T05:26:33Z,-33.52306700,147.63131700,1398.00,
2446,,,,,2012-01-14T05:26:37Z,-33.52255000,147.63103300,1405.00,
2447,,,,,2012-01-14T05:26:41Z,-33.52211700,147.63065000,1409.00,
2448,,,,,2012-01-14T05:26:45Z,-33.52171700,147.63011700,1411.00,
2449,,,,,2012-01-14T05:26:49Z,-33.52136700,147.62950000,1415.00,
2450,,,,,2012-01-14T05:26:53Z,-33.52116700,147.62880000,1417.00,
2451,,,,,2012-01-14T05:26:57Z,-33.52105000,147.62806700,1419.00,
2452,,,,,2012-01-14T05:27:01Z,-33.52091700,147.62733300,1420.00,
2453,,,,,2012-01-14T05:27:05Z,-33.52080000,147.62668300,1421.00,
2454,,,,,2012-01-14T05:27:09Z,-33.52071700,147.62611700,1421.00,
2455,,,,,2012-01-14T05:27:13Z,-33.52061700,147.62555000,1424.00,
2456,,,,,2012-01-14T05:27:17Z,-33.52065000,147.62500000,1425.00,
2457,,,,,2012-01-14T05:27:21Z,-33.52085000,147.62450000,1427.00,
2458,,,,,2012-01-14T05:27:25Z,-33.52098300,147.62395000,1428.00,
2459,,,,,2012-01-14T05:27:29Z,-33.52098300,147.62338300,1428.00,
2460,,,,,2012-01-14T05:27:33Z,-33.52078300,147.62281700,1429.00,
2461,,,,,2012-01-14T05:27:37Z,-33.52040000,147.62235000,1429.00,
2462,,,,,2012-01-14T05:27:41Z,-33.51996700,147.62195000,1430.00,
2463,,,,,2012-01-14T05:27:45Z,-33.51955000,147.62145000,1430.00,
2464,,,,,2012-01-14T05:27:49Z,-33.51926700,147.62085000,1432.00,
2465,,,,,2012-01-14T05:27:53Z,-33.51906700,147.62021700,1434.00,
2466,,,,,2012-01-14T05:27:57Z,-33.51893300,147.61956700,1434.00,
2467,,,,,2012-01-14T05:28:01Z,-33.51896700,147.61891700,1434.00,
2468,,,,,2012-01-14T05:28:05Z,-33.51916700,147.61830000,1434.00,
2469,,,,,2012-01-14T05:28:09Z,-33.51948300,147.61775000,1436.00,
2470,,,,,2012-01-14T05:28:13Z,-33.51998300,147.61778300,1439.00,
2471,,,,,2012-01-14T05:28:17Z,-33.52020000,147.61830000,1440.00,
2472,,,,,2012-01-14T05:28:21Z,-33.51971700,147.61848300,1445.00,
2473,,,,,2012-01-14T05:28:25Z,-33.51936700,147.61801700,1453.00,
2474,,,,,2012-01-14T05:28:29Z,-33.51948300,147.61751700,1457.00,
2475,,,,,2012-01-14T05:28:33Z,-33.51988300,147.61746700,1466.00,
2476,,,,,2012-01-14T05:28:37Z,-33.52016700,147.61796700,1474.00,
2477,,,,,2012-01-14T05:28:41Z,-33.52006700,147.61853300,1484.00,
2478,,,,,2012-01-14T05:28:45Z,-33.51950000,147.61883300,1495.00,
2479,,,,,2012-01-14T05:28:50Z,-33.51881700,147.61853300,1510.00,
2480,,,,,2012-01-14T05:28:54Z,-33.51850000,147.61801700,1519.00,
2481,,,,,2012-01-14T05:28:58Z,-33.51845000,147.61746700,1522.00,
2482,,,,,2012-01-14T05:29:02Z,-33.51863300,147.61705000,1527.00,
2483,,,,,2012-01-14T05:29:06Z,-33.51901700,147.61700000,1536.00,
2484,,,,,2012-01-14T05:29:10Z,-33.51923300,147.61745000,1549.00,
2485,,,,,2012-01-14T05:29:14Z,-33.51900000,147.61810000,1556.00,
2486,,,,,2012-01-14T05:29:18Z,-33.51851700,147.61840000,1556.00,
2487,,,,,2012-01-14T05:29:22Z,-33.51791700,147.61830000,1564.00,
2488,,,,,2012-01-14T05:29:26Z,-33.51756700,147.61780000,1577.00,
2489,,,,,2012-01-14T05:29:30Z,-33.51755000,147.61721700,1590.00,
2490,,,,,2012-01-14T05:29:34Z,-33.51785000,147.61673300,1604.00,
2491,,,,,2012-01-14T05:29:38Z,-33.51826700,147.61653300,1619.00,
2492,,,,,2012-01-14T05:29:42Z,-33.51865000,147.61686700,1633.00,
2493,,,,,2012-01-14T05:29:46Z,-33.51868300,147.61758300,1646.00,
2494,,,,,2012-01-14T05:29:50Z,-33.51831700,147.61816700,1659.00,
2495,,,,,2012-01-14T05:29:54Z,-33.51771700,147.61838300,1671.00,
2496,,,,,2012-01-14T05:29:58Z,-33.51720000,147.61821700,1684.00,
2497,,,,,2012-01-14T05:30:02Z,-33.51691700,147.61773300,1695.00,
2498,,,,,2012-01-14T05:30:06Z,-33.51693300,147.61718300,1698.00,
2499,,,,,2012-01-14T05:30:10Z,-33.51715000,147.61678300,1703.00,
2500,,,,,2012-01-14T05:30:14Z,-33.51751700,147.61675000,1710.00,
2501,,,,,2012-01-14T05:30:18Z,-33.51785000,147.61691700,1716.00,
2502,,,,,2012-01-14T05:30:22Z,-33.51830000,147.61741700,1724.00,
2503,,,,,2012-01-14T05:30:26Z,-33.51843300,147.61803300,1735.00,
2504,,,,,2012-01-14T05:30:30Z,-33.51833300,147.61876700,1745.00,
2505,,,,,2012-01-14T05:30:34Z,-33.51795000,147.61941700,1757.00,
2506,,,,,2012-01-14T05:30:38Z,-33.51738300,147.61970000,1768.00,
2507,,,,,2012-01-14T05:30:42Z,-33.51686700,147.61948300,1777.00,
2508,,,,,2012-01-14T05:30:46Z,-33.51660000,147.61900000,1777.00,
2509,,,,,2012-01-14T05:30:50Z,-33.51650000,147.61841700,1786.00,
2510,,,,,2012-01-14T05:30:54Z,-33.51658300,147.61796700,1791.00,
2511,,,,,2012-01-14T05:30:58Z,-33.51691700,147.61776700,1802.00,
2512,,,,,2012-01-14T05:31:02Z,-33.51733300,147.61801700,1811.00,
2513,,,,,2012-01-14T05:31:06Z,-33.51765000,147.61843300,1819.00,
2514,,,,,2012-01-14T05:31:10Z,-33.51775000,147.61901700,1826.00,
2515,,,,,2012-01-14T05:31:14Z,-33.51736700,147.61961700,1831.00,
2516,,,,,2012-01-14T05:31:18Z,-33.51666700,147.61990000,1839.00,
2517,,,,,2012-01-14T05:31:22Z,-33.51601700,147.61968300,1848.00,
2518,,,,,2012-01-14T05:31:26Z,-33.51566700,147.61920000,1855.00,
2519,,,,,2012-01-14T05:31:30Z,-33.51558300,147.61866700,1859.00,
2520,,,,,2012-01-14T05:31:34Z,-33.51573300,147.61826700,1867.00,
2521,,,,,2012-01-14T05:31:38Z,-33.51603300,147.61805000,1876.00,
2522,,,,,2012-01-14T05:31:42Z,-33.51641700,147.61818300,1884.00,
2523,,,,,2012-01-14T05:31:46Z,-33.51666700,147.61871700,1890.00,
2524,,,,,2012-01-14T05:31:50Z,-33.51670000,147.61941700,1896.00,
2525,,,,,2012-01-14T05:31:54Z,-33.51641700,147.62013300,1904.00,
2526,,,,,2012-01-14T05:31:58Z,-33.51586700,147.62071700,1913.00,
2527,,,,,2012-01-14T05:32:02Z,-33.51521700,147.62080000,1918.00,
2528,,,,,2012-01-14T05:32:07Z,-33.51468300,147.62020000,1926.00,
2529,,,,,2012-01-14T05:32:11Z,-33.51448300,147.61955000,1932.00,
2530,,,,,2012-01-14T05:32:15Z,-33.51431700,147.61891700,1937.00,
2531,,,,,2012-01-14T05:32:19Z,-33.51405000,147.61825000,1941.00,
2532,,,,,2012-01-14T05:32:23Z,-33.51366700,147.61765000,1941.00,
2533,,,,,2012-01-14T05:32:27Z,-33.51311700,147.61713300,1943.00,
2534,,,,,2012-01-14T05:32:31Z,-33.51256700,147.61661700,1943.00,
2535,,,,,2012-01-14T05:32:35Z,-33.51213300,147.61603300,1945.00,
2536,,,,,2012-01-14T05:32:39Z,-33.51183300,147.61535000,1948.00,
2537,,,,,2012-01-14T05:32:43Z,-33.51148300,147.61463300,1949.00,
2538,,,,,2012-01-14T05:32:47Z,-33.51113300,147.61396700,1951.00,
2539,,,,,2012-01-14T05:32:51Z,-33.51073300,147.61331700,1952.00,
2540,,,,,2012-01-14T05:32:55Z,-33.51033300,147.61265000,1953.00,
2541,,,,,2012-01-14T05:32:59Z,-33.50995000,147.61201700,1954.00,
2542,,,,,2012-01-14T05:33:03Z,-33.50956700,147.61136700,1953.00,
2543,,,,,2012-01-14T05:33:07Z,-33.50925000,147.61065000,1951.00,
2544,,,,,2012-01-14T05:33:11Z,-33.50896700,147.60990000,1948.00,
2545,,,,,2012-01-14T05:33:15Z,-33.50851700,147.60915000,1944.00,
2546,,,,,2012-01-14T05:33:19Z,-33.50800000,147.60843300,1939.00,
2547,,,,,2012-01-14T05:33:23Z,-33.50746700,147.60771700,1934.00,
2548,,,,,2012-01-14T05:33:27Z,-33.50685000,147.60698300,1926.00,
2549,,,,,2012-01-14T05:33:31Z,-33.50618300,147.60630000,1918.00,
2550,,,,,2012-01-14T05:33:35Z,-33.50553300,147.60571700,1916.00,
2551,,,,,2012-01-14T05:33:39Z,-33.50491700,147.60518300,1912.00,
2552,,,,,2012-01-14T05:33:43Z,-33.50425000,147.60468300,1910.00,
2553,,,,,2012-01-14T05:33:47Z,-33.50358300,147.60430000,1906.00,
2554,,,,,2012-01-14T05:33:51Z,-33.50298300,147.60400000,1901.00,
2555,,,,,2012-01-14T05:33:55Z,-33.50248300,147.60366700,1901.00,
2556,,,,,2012-01-14T05:33:59Z,-33.50241700,147.60321700,1895.00,
2557,,,,,2012-01-14T05:34:03Z,-33.50256700,147.60275000,1891.00,
2558,,,,,2012-01-14T05:34:07Z,-33.50268300,147.60221700,1887.00,
2559,,,,,2012-01-14T05:34:11Z,-33.50258300,147.60161700,1884.00,
2560,,,,,2012-01-14T05:34:15Z,-33.50241700,147.60103300,1884.00,
2561,,,,,2012-01-14T05:34:19Z,-33.50260000,147.60061700,1881.00,
2562,,,,,2012-01-14T05:34:23Z,-33.50308300,147.60078300,1882.00,
2563,,,,,2012-01-14T05:34:27Z,-33.50321700,147.60150000,1883.00,
2564,,,,,2012-01-14T05:34:31Z,-33.50281700,147.60210000,1885.00,
2565,,,,,2012-01-14T05:34:35Z,-33.50225000,147.60210000,1889.00,
2566,,,,,2012-01-14T05:34:39Z,-33.50198300,147.60168300,1893.00,
2567,,,,,2012-01-14T05:34:43Z,-33.50208300,147.60118300,1899.00,
2568,,,,,2012-01-14T05:34:47Z,-33.50246700,147.60081700,1904.00,
2569,,,,,2012-01-14T05:34:51Z,-33.50303300,147.60065000,1908.00,
2570,,,,,2012-01-14T05:34:55Z,-33.50371700,147.60083300,1908.00,
2571,,,,,2012-01-14T05:34:59Z,-33.50411700,147.60130000,1914.00,
2572,,,,,2012-01-14T05:35:03Z,-33.50370000,147.60188300,1919.00,
2573,,,,,2012-01-14T05:35:07Z,-33.50308300,147.60193300,1926.00,
2574,,,,,2012-01-14T05:35:11Z,-33.50273300,147.60150000,1933.00,
2575,,,,,2012-01-14T05:35:15Z,-33.50273300,147.60091700,1941.00,
2576,,,,,2012-01-14T05:35:19Z,-33.50313300,147.60055000,1950.00,
2577,,,,,2012-01-14T05:35:23Z,-33.50356700,147.60106700,1957.00,
2578,,,,,2012-01-14T05:35:27Z,-33.50353300,147.60175000,1966.00,
2579,,,,,2012-01-14T05:35:32Z,-33.50291700,147.60195000,1977.00,
2580,,,,,2012-01-14T05:35:36Z,-33.50268300,147.60145000,1982.00,
2581,,,,,2012-01-14T05:35:40Z,-33.50285000,147.60098300,1991.00,
2582,,,,,2012-01-14T05:35:44Z,-33.50343300,147.60095000,1995.00,
2583,,,,,2012-01-14T05:35:48Z,-33.50401700,147.60126700,2001.00,
2584,,,,,2012-01-14T05:35:52Z,-33.50433300,147.60186700,2006.00,
2585,,,,,2012-01-14T05:35:56Z,-33.50415000,147.60251700,2015.00,
2586,,,,,2012-01-14T05:36:00Z,-33.50360000,147.60286700,2024.00,
2587,,,,,2012-01-14T05:36:04Z,-33.50300000,147.60285000,2031.00,
2588,,,,,2012-01-14T05:36:08Z,-33.50261700,147.60246700,2036.00,
2589,,,,,2012-01-14T05:36:12Z,-33.50230000,147.60198300,2044.00,
2590,,,,,2012-01-14T05:36:16Z,-33.50195000,147.60145000,2048.00,
2591,,,,,2012-01-14T05:36:20Z,-33.50161700,147.60086700,2055.00,
2592,,,,,2012-01-14T05:36:24Z,-33.50121700,147.60036700,2057.00,
2593,,,,,2012-01-14T05:36:28Z,-33.50071700,147.59988300,2065.00,
2594,,,,,2012-01-14T05:36:32Z,-33.50025000,147.59953300,2072.00,
2595,,,,,2012-01-14T05:36:36Z,-33.49966700,147.59930000,2076.00,
2596,,,,,2012-01-14T05:36:40Z,-33.49898300,147.59913300,2081.00,
2597,,,,,2012-01-14T05:36:44Z,-33.49831700,147.59893300,2084.00,
2598,,,,,2012-01-14T05:36:48Z,-33.49763300,147.59875000,2087.00,
2599,,,,,2012-01-14T05:36:52Z,-33.49693300,147.59865000,2090.00,
2600,,,,,2012-01-14T05:36:56Z,-33.49625000,147.59848300,2092.00,
2601,,,,,2012-01-14T05:37:00Z,-33.49565000,147.59818300,2092.00,
2602,,,,,2012-01-14T05:37:04Z,-33.49513300,147.59785000,2092.00,
2603,,,,,2012-01-14T05:37:08Z,-33.49466700,147.59743300,2092.00,
2604,,,,,2012-01-14T05:37:12Z,-33.49416700,147.59695000,2093.00,
2605,,,,,2012-01-14T05:37:16Z,-33.49358300,147.59650000,2093.00,
2606,,,,,2012-01-14T05:37:20Z,-33.49298300,147.59606700,2093.00,
2607,,,,,2012-01-14T05:37:24Z,-33.49246700,147.59568300,2093.00,
2608,,,,,2012-01-14T05:37:28Z,-33.49210000,147.59520000,2093.00,
2609,,,,,2012-01-14T05:37:32Z,-33.49181700,147.59460000,2094.00,
2610,,,,,2012-01-14T05:37:36Z,-33.49193300,147.59406700,2095.00,
2611,,,,,2012-01-14T05:37:40Z,-33.49226700,147.59370000,2097.00,
2612,,,,,2012-01-14T05:37:44Z,-33.49271700,147.59375000,2099.00,
2613,,,,,2012-01-14T05:37:48Z,-33.49308300,147.59405000,2103.00,
2614,,,,,2012-01-14T05:37:52Z,-33.49315000,147.59458300,2106.00,
2615,,,,,2012-01-14T05:37:56Z,-33.49290000,147.59520000,2110.00,
2616,,,,,2012-01-14T05:38:00Z,-33.49238300,147.59563300,2112.00,
2617,,,,,2012-01-14T05:38:04Z,-33.49173300,147.59576700,2116.00,
2618,,,,,2012-01-14T05:38:08Z,-33.49103300,147.59563300,2120.00,
2619,,,,,2012-01-14T05:38:12Z,-33.49036700,147.59545000,2122.00,
2620,,,,,2012-01-14T05:38:16Z,-33.48966700,147.59526700,2124.00,
2621,,,,,2012-01-14T05:38:20Z,-33.48896700,147.59508300,2125.00,
2622,,,,,2012-01-14T05:38:24Z,-33.48828300,147.59493300,2125.00,
2623,,,,,2012-01-14T05:38:28Z,-33.48760000,147.59478300,2124.00,
2624,,,,,2012-01-14T05:38:32Z,-33.48696700,147.59470000,2124.00,
2625,,,,,2012-01-14T05:38:36Z,-33.48651700,147.59450000,2125.00,
2626,,,,,2012-01-14T05:38:40Z,-33.48630000,147.59400000,2126.00,
2627,,,,,2012-01-14T05:38:45Z,-33.48661700,147.59336700,2127.00,
2628,,,,,2012-01-14T05:38:49Z,-33.48716700,147.59331700,2127.00,
2629,,,,,2012-01-14T05:38:53Z,-33.48761700,147.59380000,2128.00,
2630,,,,,2012-01-14T05:38:57Z,-33.48765000,147.59451700,2129.00,
2631,,,,,2012-01-14T05:39:01Z,-33.48730000,147.59510000,2130.00,
2632,,,,,2012-01-14T05:39:05Z,-33.48676700,147.59561700,2130.00,
2633,,,,,2012-01-14T05:39:09Z,-33.48616700,147.59600000,2133.00,
2634,,,,,2012-01-14T05:39:13Z,-33.48553300,147.59635000,2137.00,
2635,,,,,2012-01-14T05:39:17Z,-33.48493300,147.59668300,2141.00,
2636,,,,,2012-01-14T05:39:21Z,-33.48435000,147.59698300,2147.00,
2637,,,,,2012-01-14T05:39:25Z,-33.48373300,147.59711700,2152.00,
2638,,,,,2012-01-14T05:39:29Z,-33.48316700,147.59703300,2157.00,
2639,,,,,2012-01-14T05:39:33Z,-33.48265000,147.59680000,2161.00,
2640,,,,,2012-01-14T05:39:37Z,-33.48215000,147.59650000,2164.00,
2641,,,,,2012-01-14T05:39:41Z,-33.48165000,147.59613300,2166.00,
2642,,,,,2012-01-14T05:39:45Z,-33.48123300,147.59563300,2167.00,
2643,,,,,2012-01-14T05:39:49Z,-33.48085000,147.59510000,2169.00,
2644,,,,,2012-01-14T05:39:53Z,-33.48041700,147.59461700,2170.00,
2645,,,,,2012-01-14T05:39:57Z,-33.48005000,147.59405000,2173.00,
2646,,,,,2012-01-14T05:40:01Z,-33.48021700,147.59351700,2174.00,
2647,,,,,2012-01-14T05:40:05Z,-33.48071700,147.59351700,2177.00,
2648,,,,,2012-01-14T05:40:09Z,-33.48108300,147.59408300,2180.00,
2649,,,,,2012-01-14T05:40:13Z,-33.48093300,147.59476700,2181.00,
2650,,,,,2012-01-14T05:40:17Z,-33.48048300,147.59523300,2182.00,
2651,,,,,2012-01-14T05:40:21Z,-33.47995000,147.59550000,2185.00,
2652,,,,,2012-01-14T05:40:25Z,-33.47938300,147.59546700,2189.00,
2653,,,,,2012-01-14T05:40:29Z,-33.47905000,147.59496700,2194.00,
2654,,,,,2012-01-14T05:40:33Z,-33.47910000,147.59428300,2200.00,
2655,,,,,2012-01-14T05:40:37Z,-33.47938300,147.59368300,2206.00,
2656,,,,,2012-01-14T05:40:41Z,-33.47988300,147.59345000,2211.00,
2657,,,,,2012-01-14T05:40:45Z,-33.48030000,147.59381700,2215.00,
2658,,,,,2012-01-14T05:40:49Z,-33.48035000,147.59450000,2217.00,
2659,,,,,2012-01-14T05:40:53Z,-33.48005000,147.59511700,2220.00,
2660,,,,,2012-01-14T05:40:57Z,-33.47950000,147.59543300,2224.00,
2661,,,,,2012-01-14T05:41:01Z,-33.47885000,147.59548300,2228.00,
2662,,,,,2012-01-14T05:41:05Z,-33.47825000,147.59541700,2229.00,
2663,,,,,2012-01-14T05:41:09Z,-33.47766700,147.59530000,2231.00,
2664,,,,,2012-01-14T05:41:13Z,-33.47710000,147.59510000,2235.00,
2665,,,,,2012-01-14T05:41:17Z,-33.47653300,147.59483300,2236.00,
2666,,,,,2012-01-14T05:41:21Z,-33.47591700,147.59458300,2238.00,
2667,,,,,2012-01-14T05:41:25Z,-33.47530000,147.59435000,2241.00,
2668,,,,,2012-01-14T05:41:29Z,-33.47473300,147.59398300,2243.00,
2669,,,,,2012-01-14T05:41:33Z,-33.47415000,147.59348300,2246.00,
2670,,,,,2012-01-14T05:41:37Z,-33.47350000,147.59311700,2248.00,
2671,,,,,2012-01-14T05:41:41Z,-33.47283300,147.59295000,2250.00,
2672,,,,,2012-01-14T05:41:45Z,-33.47221700,147.59286700,2252.00,
2673,,,,,2012-01-14T05:41:49Z,-33.47151700,147.59271700,2253.00,
2674,,,,,2012-01-14T05:41:53Z,-33.47073300,147.59246700,2253.00,
2675,,,,,2012-01-14T05:41:57Z,-33.46998300,147.59223300,2252.00,
2676,,,,,2012-01-14T05:42:01Z,-33.46923300,147.59205000,2250.00,
2677,,,,,2012-01-14T05:42:05Z,-33.46848300,147.59181700,2247.00,
2678,,,,,2012-01-14T05:42:09Z,-33.46780000,147.59158300,2242.00,
2679,,,,,2012-01-14T05:42:14Z,-33.46701700,147.59138300,2237.00,
2680,,,,,2012-01-14T05:42:18Z,-33.46636700,147.59136700,2230.00,
2681,,,,,2012-01-14T05:42:22Z,-33.46568300,147.59135000,2222.00,
2682,,,,,2012-01-14T05:42:26Z,-33.46501700,147.59141700,2214.00,
2683,,,,,2012-01-14T05:42:30Z,-33.46433300,147.59150000,2205.00,
2684,,,,,2012-01-14T05:42:34Z,-33.46366700,147.59161700,2197.00,
2685,,,,,2012-01-14T05:42:38Z,-33.46303300,147.59186700,2189.00,
2686,,,,,2012-01-14T05:42:42Z,-33.46226700,147.59208300,2182.00,
2687,,,,,2012-01-14T05:42:46Z,-33.46156700,147.59206700,2173.00,
2688,,,,,2012-01-14T05:42:50Z,-33.46086700,147.59200000,2166.00,
2689,,,,,2012-01-14T05:42:54Z,-33.46021700,147.59195000,2157.00,
2690,,,,,2012-01-14T05:42:58Z,-33.45953300,147.59183300,2148.00,
2691,,,,,2012-01-14T05:43:02Z,-33.45883300,147.59161700,2138.00,
2692,,,,,2012-01-14T05:43:06Z,-33.45815000,147.59138300,2127.00,
2693,,,,,2012-01-14T05:43:10Z,-33.45740000,147.59115000,2116.00,
2694,,,,,2012-01-14T05:43:14Z,-33.45666700,147.59091700,2106.00,
2695,,,,,2012-01-14T05:43:18Z,-33.45613300,147.59056700,2096.00,
2696,,,,,2012-01-14T05:43:22Z,-33.45580000,147.59008300,2089.00,
2697,,,,,2012-01-14T05:43:26Z,-33.45548300,147.58956700,2086.00,
2698,,,,,2012-01-14T05:43:30Z,-33.45508300,147.58900000,2086.00,
2699,,,,,2012-01-14T05:43:34Z,-33.45461700,147.58850000,2082.00,
2700,,,,,2012-01-14T05:43:38Z,-33.45403300,147.58796700,2082.00,
2701,,,,,2012-01-14T05:43:42Z,-33.45336700,147.58755000,2082.00,
2702,,,,,2012-01-14T05:43:46Z,-33.45266700,147.58725000,2082.00,
2703,,,,,2012-01-14T05:43:50Z,-33.45201700,147.58698300,2082.00,
2704,,,,,2012-01-14T05:43:54Z,-33.45136700,147.58675000,2082.00,
2705,,,,,2012-01-14T05:43:58Z,-33.45058300,147.58663300,2082.00,
2706,,,,,2012-01-14T05:44:02Z,-33.44975000,147.58641700,2082.00,
2707,,,,,2012-01-14T05:44:06Z,-33.44905000,147.58605000,2082.00,
2708,,,,,2012-01-14T05:44:10Z,-33.44830000,147.58576700,2082.00,
2709,,,,,2012-01-14T05:44:14Z,-33.44748300,147.58558300,2082.00,
2710,,,,,2012-01-14T05:44:18Z,-33.44661700,147.58535000,2082.00,
2711,,,,,2012-01-14T05:44:22Z,-33.44583300,147.58500000,2082.00,
2712,,,,,2012-01-14T05:44:26Z,-33.44530000,147.58450000,2080.00,
2713,,,,,2012-01-14T05:44:30Z,-33.44480000,147.58425000,2080.00,
2714,,,,,2012-01-14T05:44:34Z,-33.44451700,147.58403300,2075.00,
2715,,,,,2012-01-14T05:44:38Z,-33.44405000,147.58345000,2058.00,
2716,,,,,2012-01-14T05:44:42Z,-33.44366700,147.58268300,2049.00,
2717,,,,,2012-01-14T05:44:46Z,-33.44338300,147.58186700,2049.00,
2718,,,,,2012-01-14T05:44:50Z,-33.44306700,147.58110000,2049.00,
2719,,,,,2012-01-14T05:44:54Z,-33.44290000,147.58041700,2036.00,
2720,,,,,2012-01-14T05:44:58Z,-33.44276700,147.57975000,2020.00,
2721,,,,,2012-01-14T05:45:02Z,-33.44258300,147.57903300,2009.00,
2722,,,,,2012-01-14T05:45:06Z,-33.44231700,147.57841700,1999.00,
2723,,,,,2012-01-14T05:45:10Z,-33.44215000,147.57785000,1977.00,
2724,,,,,2012-01-14T05:45:14Z,-33.44206700,147.57720000,1961.00,
2725,,,,,2012-01-14T05:45:18Z,-33.44205000,147.57650000,1942.00,
2726,,,,,2012-01-14T05:45:22Z,-33.44205000,147.57576700,1933.00,
2727,,,,,2012-01-14T05:45:26Z,-33.44210000,147.57503300,1917.00,
2728,,,,,2012-01-14T05:45:30Z,-33.44215000,147.57435000,1902.00,
2729,,,,,2012-01-14T05:45:35Z,-33.44236700,147.57363300,1890.00,
2730,,,,,2012-01-14T05:45:39Z,-33.44280000,147.57315000,1878.00,
2731,,,,,2012-01-14T05:45:43Z,-33.44323300,147.57253300,1873.00,
2732,,,,,2012-01-14T05:45:47Z,-33.44358300,147.57198300,1864.00,
2733,,,,,2012-01-14T05:45:51Z,-33.44391700,147.57145000,1856.00,
2734,,,,,2012-01-14T05:45:55Z,-33.44418300,147.57083300,1855.00,
2735,,,,,2012-01-14T05:45:59Z,-33.44440000,147.57026700,1853.00,
2736,,,,,2012-01-14T05:46:03Z,-33.44456700,147.56970000,1851.00,
2737,,,,,2012-01-14T05:46:07Z,-33.44458300,147.56915000,1851.00,
2738,,,,,2012-01-14T05:46:11Z,-33.44456700,147.56860000,1848.00,
2739,,,,,2012-01-14T05:46:15Z,-33.44475000,147.56801700,1844.00,
2740,,,,,2012-01-14T05:46:19Z,-33.44500000,147.56738300,1841.00,
2741,,,,,2012-01-14T05:46:23Z,-33.44535000,147.56671700,1838.00,
2742,,,,,2012-01-14T05:46:27Z,-33.44578300,147.56613300,1838.00,
2743,,,,,2012-01-14T05:46:31Z,-33.44621700,147.56563300,1838.00,
2744,,,,,2012-01-14T05:46:35Z,-33.44671700,147.56533300,1838.00,
2745,,,,,2012-01-14T05:46:39Z,-33.44723300,147.56560000,1838.00,
2746,,,,,2012-01-14T05:46:43Z,-33.44736700,147.56633300,1838.00,
2747,,,,,2012-01-14T05:46:47Z,-33.44700000,147.56673300,1839.00,
2748,,,,,2012-01-14T05:46:51Z,-33.44676700,147.56638300,1842.00,
2749,,,,,2012-01-14T05:46:55Z,-33.44701700,147.56598300,1848.00,
2750,,,,,2012-01-14T05:46:59Z,-33.44756700,147.56625000,1852.00,
2751,,,,,2012-01-14T05:47:03Z,-33.44791700,147.56685000,1860.00,
2752,,,,,2012-01-14T05:47:07Z,-33.44781700,147.56745000,1868.00,
2753,,,,,2012-01-14T05:47:11Z,-33.44740000,147.56745000,1877.00,
2754,,,,,2012-01-14T05:47:15Z,-33.44746700,147.56688300,1887.00,
2755,,,,,2012-01-14T05:47:19Z,-33.44780000,147.56686700,1887.00,
2756,,,,,2012-01-14T05:47:23Z,-33.44870000,147.56700000,1892.00,
2757,,,,,2012-01-14T05:47:27Z,-33.44881700,147.56753300,1900.00,
2758,,,,,2012-01-14T05:47:31Z,-33.44840000,147.56783300,1912.00,
2759,,,,,2012-01-14T05:47:35Z,-33.44788300,147.56761700,1925.00,
2760,,,,,2012-01-14T05:47:39Z,-33.44783300,147.56705000,1939.00,
2761,,,,,2012-01-14T05:47:43Z,-33.44826700,147.56663300,1954.00,
2762,,,,,2012-01-14T05:47:47Z,-33.44881700,147.56663300,1969.00,
2763,,,,,2012-01-14T05:47:51Z,-33.44908300,147.56706700,1976.00,
2764,,,,,2012-01-14T05:47:55Z,-33.44898300,147.56768300,1991.00,
2765,,,,,2012-01-14T05:47:59Z,-33.44853300,147.56776700,2005.00,
2766,,,,,2012-01-14T05:48:03Z,-33.44843300,147.56725000,2016.00,
2767,,,,,2012-01-14T05:48:07Z,-33.44881700,147.56683300,2026.00,
2768,,,,,2012-01-14T05:48:11Z,-33.44940000,147.56686700,2032.00,
2769,,,,,2012-01-14T05:48:15Z,-33.44988300,147.56718300,2042.00,
2770,,,,,2012-01-14T05:48:19Z,-33.45011700,147.56771700,2051.00,
2771,,,,,2012-01-14T05:48:23Z,-33.44993300,147.56826700,2063.00,
2772,,,,,2012-01-14T05:48:27Z,-33.44936700,147.56851700,2071.00,
2773,,,,,2012-01-14T05:48:31Z,-33.44878300,147.56860000,2071.00,
2774,,,,,2012-01-14T05:48:35Z,-33.44826700,147.56835000,2071.00,
2775,,,,,2012-01-14T05:48:39Z,-33.44813300,147.56773300,2075.00,
2776,,,,,2012-01-14T05:48:43Z,-33.44861700,147.56741700,2085.00,
2777,,,,,2012-01-14T05:48:47Z,-33.44901700,147.56780000,2097.00,
2778,,,,,2012-01-14T05:48:51Z,-33.44891700,147.56836700,2107.00,
2779,,,,,2012-01-14T05:48:56Z,-33.44835000,147.56871700,2116.00,
2780,,,,,2012-01-14T05:49:00Z,-33.44783300,147.56866700,2119.00,
2781,,,,,2012-01-14T05:49:04Z,-33.44748300,147.56820000,2128.00,
2782,,,,,2012-01-14T05:49:08Z,-33.44731700,147.56756700,2139.00,
2783,,,,,2012-01-14T05:49:12Z,-33.44763300,147.56705000,2148.00,
2784,,,,,2012-01-14T05:49:16Z,-33.44811700,147.56706700,2159.00,
2785,,,,,2012-01-14T05:49:20Z,-33.44830000,147.56763300,2159.00,
2786,,,,,2012-01-14T05:49:24Z,-33.44823300,147.56826700,2170.00,
2787,,,,,2012-01-14T05:49:28Z,-33.44785000,147.56866700,2178.00,
2788,,,,,2012-01-14T05:49:32Z,-33.44735000,147.56858300,2188.00,
2789,,,,,2012-01-14T05:49:36Z,-33.44686700,147.56821700,2195.00,
2790,,,,,2012-01-14T05:49:40Z,-33.44658300,147.56771700,2198.00,
2791,,,,,2012-01-14T05:49:44Z,-33.44651700,147.56701700,2211.00,
2792,,,,,2012-01-14T05:49:48Z,-33.44676700,147.56651700,2224.00,
2793,,,,,2012-01-14T05:49:52Z,-33.44725000,147.56650000,2236.00,
2794,,,,,2012-01-14T05:49:56Z,-33.44770000,147.56691700,2247.00,
2795,,,,,2012-01-14T05:50:00Z,-33.44793300,147.56748300,2254.00,
2796,,,,,2012-01-14T05:50:04Z,-33.44771700,147.56805000,2258.00,
2797,,,,,2012-01-14T05:50:08Z,-33.44726700,147.56851700,2260.00,
2798,,,,,2012-01-14T05:50:12Z,-33.44676700,147.56885000,2267.00,
2799,,,,,2012-01-14T05:50:16Z,-33.44620000,147.56908300,2275.00,
2800,,,,,2012-01-14T05:50:20Z,-33.44560000,147.56928300,2282.00,
2801,,,,,2012-01-14T05:50:24Z,-33.44496700,147.56938300,2286.00,
2802,,,,,2012-01-14T05:50:28Z,-33.44433300,147.56955000,2292.00,
2803,,,,,2012-01-14T05:50:32Z,-33.44366700,147.56973300,2297.00,
2804,,,,,2012-01-14T05:50:36Z,-33.44298300,147.56976700,2300.00,
2805,,,,,2012-01-14T05:50:40Z,-33.44231700,147.56955000,2301.00,
2806,,,,,2012-01-14T05:50:44Z,-33.44165000,147.56911700,2303.00,
2807,,,,,2012-01-14T05:50:48Z,-33.44101700,147.56866700,2305.00,
2808,,,,,2012-01-14T05:50:52Z,-33.44045000,147.56818300,2306.00,
2809,,,,,2012-01-14T05:50:56Z,-33.43986700,147.56766700,2306.00,
2810,,,,,2012-01-14T05:51:00Z,-33.43925000,147.56716700,2306.00,
2811,,,,,2012-01-14T05:51:04Z,-33.43858300,147.56673300,2306.00,
2812,,,,,2012-01-14T05:51:08Z,-33.43795000,147.56640000,2306.00,
2813,,,,,2012-01-14T05:51:12Z,-33.43736700,147.56608300,2307.00,
2814,,,,,2012-01-14T05:51:16Z,-33.43680000,147.56570000,2307.00,
2815,,,,,2012-01-14T05:51:20Z,-33.43621700,147.56533300,2306.00,
2816,,,,,2012-01-14T05:51:24Z,-33.43565000,147.56496700,2306.00,
2817,,,,,2012-01-14T05:51:28Z,-33.43525000,147.56450000,2306.00,
2818,,,,,2012-01-14T05:51:32Z,-33.43495000,147.56393300,2306.00,
2819,,,,,2012-01-14T05:51:36Z,-33.43453300,147.56343300,2306.00,
2820,,,,,2012-01-14T05:51:40Z,-33.43405000,147.56306700,2306.00,
2821,,,,,2012-01-14T05:51:44Z,-33.43355000,147.56278300,2306.00,
2822,,,,,2012-01-14T05:51:48Z,-33.43296700,147.56255000,2306.00,
2823,,,,,2012-01-14T05:51:52Z,-33.43235000,147.56243300,2306.00,
2824,,,,,2012-01-14T05:51:56Z,-33.43176700,147.56236700,2306.00,
2825,,,,,2012-01-14T05:52:00Z,-33.43125000,147.56233300,2306.00,
2826,,,,,2012-01-14T05:52:04Z,-33.43071700,147.56225000,2305.00,
2827,,,,,2012-01-14T05:52:08Z,-33.43018300,147.56213300,2305.00,
2828,,,,,2012-01-14T05:52:12Z,-33.42965000,147.56198300,2303.00,
2829,,,,,2012-01-14T05:52:16Z,-33.42908300,147.56188300,2300.00,
2830,,,,,2012-01-14T05:52:20Z,-33.42853300,147.56180000,2300.00,
2831,,,,,2012-01-14T05:52:24Z,-33.42795000,147.56178300,2298.00,
2832,,,,,2012-01-14T05:52:29Z,-33.42721700,147.56185000,2296.00,
2833,,,,,2012-01-14T05:52:33Z,-33.42663300,147.56185000,2296.00,
2834,,,,,2012-01-14T05:52:37Z,-33.42600000,147.56188300,2294.00,
2835,,,,,2012-01-14T05:52:41Z,-33.42538300,147.56200000,2292.00,
2836,,,,,2012-01-14T05:52:45Z,-33.42478300,147.56226700,2287.00,
2837,,,,,2012-01-14T05:52:49Z,-33.42421700,147.56251700,2283.00,
2838,,,,,2012-01-14T05:52:53Z,-33.42366700,147.56286700,2278.00,
2839,,,,,2012-01-14T05:52:57Z,-33.42318300,147.56315000,2272.00,
2840,,,,,2012-01-14T05:53:01Z,-33.42275000,147.56323300,2266.00,
2841,,,,,2012-01-14T05:53:05Z,-33.42231700,147.56315000,2263.00,
2842,,,,,2012-01-14T05:53:09Z,-33.42175000,147.56305000,2260.00,
2843,,,,,2012-01-14T05:53:13Z,-33.42116700,147.56303300,2260.00,
2844,,,,,2012-01-14T05:53:17Z,-33.42056700,147.56326700,2252.00,
2845,,,,,2012-01-14T05:53:21Z,-33.41996700,147.56355000,2242.00,
2846,,,,,2012-01-14T05:53:25Z,-33.41940000,147.56380000,2237.00,
2847,,,,,2012-01-14T05:53:29Z,-33.41878300,147.56411700,2235.00,
2848,,,,,2012-01-14T05:53:33Z,-33.41816700,147.56460000,2230.00,
2849,,,,,2012-01-14T05:53:37Z,-33.41755000,147.56506700,2222.00,
2850,,,,,2012-01-14T05:53:41Z,-33.41690000,147.56548300,2216.00,
2851,,,,,2012-01-14T05:53:45Z,-33.41633300,147.56598300,2212.00,
2852,,,,,2012-01-14T05:53:49Z,-33.41576700,147.56656700,2209.00,
2853,,,,,2012-01-14T05:53:53Z,-33.41526700,147.56713300,2208.00,
2854,,,,,2012-01-14T05:53:57Z,-33.41475000,147.56771700,2206.00,
2855,,,,,2012-01-14T05:54:01Z,-33.41416700,147.56820000,2204.00,
2856,,,,,2012-01-14T05:54:05Z,-33.41356700,147.56865000,2203.00,
2857,,,,,2012-01-14T05:54:09Z,-33.41301700,147.56913300,2203.00,
2858,,,,,2012-01-14T05:54:13Z,-33.41246700,147.56950000,2203.00,
2859,,,,,2012-01-14T05:54:17Z,-33.41208300,147.56948300,2202.00,
2860,,,,,2012-01-14T05:54:21Z,-33.41243300,147.56918300,2203.00,
2861,,,,,2012-01-14T05:54:25Z,-33.41288300,147.56956700,2204.00,
2862,,,,,2012-01-14T05:54:29Z,-33.41278300,147.57018300,2207.00,
2863,,,,,2012-01-14T05:54:33Z,-33.41230000,147.57060000,2210.00,
2864,,,,,2012-01-14T05:54:37Z,-33.41175000,147.57063300,2215.00,
2865,,,,,2012-01-14T05:54:41Z,-33.41146700,147.57023300,2220.00,
2866,,,,,2012-01-14T05:54:45Z,-33.41165000,147.56975000,2225.00,
2867,,,,,2012-01-14T05:54:49Z,-33.41223300,147.56983300,2229.00,
2868,,,,,2012-01-14T05:54:53Z,-33.41255000,147.57045000,2234.00,
2869,,,,,2012-01-14T05:54:57Z,-33.41240000,147.57115000,2240.00,
2870,,,,,2012-01-14T05:55:01Z,-33.41190000,147.57138300,2243.00,
2871,,,,,2012-01-14T05:55:05Z,-33.41160000,147.57096700,2250.00,
2872,,,,,2012-01-14T05:55:09Z,-33.41171700,147.57036700,2257.00,
2873,,,,,2012-01-14T05:55:13Z,-33.41211700,147.57006700,2264.00,
2874,,,,,2012-01-14T05:55:17Z,-33.41263300,147.57038300,2274.00,
2875,,,,,2012-01-14T05:55:21Z,-33.41281700,147.57111700,2281.00,
2876,,,,,2012-01-14T05:55:25Z,-33.41260000,147.57181700,2292.00,
2877,,,,,2012-01-14T05:55:29Z,-33.41218300,147.57228300,2300.00,
2878,,,,,2012-01-14T05:55:33Z,-33.41181700,147.57208300,2308.00,
2879,,,,,2012-01-14T05:55:37Z,-33.41193300,147.57161700,2316.00,
2880,,,,,2012-01-14T05:55:42Z,-33.41231700,147.57148300,2324.00,
2881,,,,,2012-01-14T05:55:45Z,-33.41283300,147.57193300,2337.00,
2882,,,,,2012-01-14T05:55:50Z,-33.41238300,147.57235000,2353.00,
2883,,,,,2012-01-14T05:55:54Z,-33.41235000,147.57186700,2366.00,
2884,,,,,2012-01-14T05:55:58Z,-33.41280000,147.57191700,2376.00,
2885,,,,,2012-01-14T05:56:02Z,-33.41271700,147.57255000,2385.00,
2886,,,,,2012-01-14T05:56:06Z,-33.41206700,147.57276700,2394.00,
2887,,,,,2012-01-14T05:56:10Z,-33.41161700,147.57253300,2402.00,
2888,,,,,2012-01-14T05:56:14Z,-33.41183300,147.57205000,2413.00,
2889,,,,,2012-01-14T05:56:18Z,-33.41230000,147.57200000,2422.00,
2890,,,,,2012-01-14T05:56:22Z,-33.41270000,147.57251700,2434.00,
2891,,,,,2012-01-14T05:56:26Z,-33.41270000,147.57325000,2444.00,
2892,,,,,2012-01-14T05:56:30Z,-33.41235000,147.57385000,2458.00,
2893,,,,,2012-01-14T05:56:34Z,-33.41181700,147.57391700,2472.00,
2894,,,,,2012-01-14T05:56:38Z,-33.41158300,147.57353300,2486.00,
2895,,,,,2012-01-14T05:56:42Z,-33.41181700,147.57315000,2499.00,
2896,,,,,2012-01-14T05:56:46Z,-33.41238300,147.57323300,2508.00,
2897,,,,,2012-01-14T05:56:50Z,-33.41268300,147.57383300,2516.00,
2898,,,,,2012-01-14T05:56:54Z,-33.41270000,147.57466700,2528.00,
2899,,,,,2012-01-14T05:56:58Z,-33.41228300,147.57525000,2537.00,
2900,,,,,2012-01-14T05:57:02Z,-33.41180000,147.57518300,2548.00,
2901,,,,,2012-01-14T05:57:06Z,-33.41173300,147.57475000,2556.00,
2902,,,,,2012-01-14T05:57:10Z,-33.41216700,147.57446700,2567.00,
2903,,,,,2012-01-14T05:57:14Z,-33.41268300,147.57473300,2575.00,
2904,,,,,2012-01-14T05:57:18Z,-33.41298300,147.57535000,2583.00,
2905,,,,,2012-01-14T05:57:22Z,-33.41280000,147.57591700,2593.00,
2906,,,,,2012-01-14T05:57:26Z,-33.41236700,147.57583300,2600.00,
2907,,,,,2012-01-14T05:57:30Z,-33.41236700,147.57541700,2611.00,
2908,,,,,2012-01-14T05:57:34Z,-33.41281700,147.57545000,2623.00,
2909,,,,,2012-01-14T05:57:38Z,-33.41313300,147.57598300,2635.00,
2910,,,,,2012-01-14T05:57:42Z,-33.41303300,147.57670000,2647.00,
2911,,,,,2012-01-14T05:57:46Z,-33.41256700,147.57716700,2659.00,
2912,,,,,2012-01-14T05:57:50Z,-33.41211700,147.57705000,2668.00,
2913,,,,,2012-01-14T05:57:54Z,-33.41201700,147.57660000,2678.00,
2914,,,,,2012-01-14T05:57:58Z,-33.41208300,147.57610000,2688.00,
2915,,,,,2012-01-14T05:58:02Z,-33.41203300,147.57555000,2693.00,
2916,,,,,2012-01-14T05:58:06Z,-33.41186700,147.57500000,2693.00,
2917,,,,,2012-01-14T05:58:10Z,-33.41151700,147.57446700,2695.00,
2918,,,,,2012-01-14T05:58:14Z,-33.41100000,147.57405000,2695.00,
2919,,,,,2012-01-14T05:58:18Z,-33.41053300,147.57365000,2695.00,
2920,,,,,2012-01-14T05:58:22Z,-33.41015000,147.57321700,2695.00,
2921,,,,,2012-01-14T05:58:26Z,-33.40971700,147.57273300,2695.00,
2922,,,,,2012-01-14T05:58:30Z,-33.40916700,147.57225000,2695.00,
2923,,,,,2012-01-14T05:58:34Z,-33.40865000,147.57176700,2695.00,
2924,,,,,2012-01-14T05:58:38Z,-33.40803300,147.57131700,2695.00,
2925,,,,,2012-01-14T05:58:42Z,-33.40738300,147.57098300,2695.00,
2926,,,,,2012-01-14T05:58:46Z,-33.40675000,147.57070000,2695.00,
2927,,,,,2012-01-14T05:58:50Z,-33.40600000,147.57043300,2695.00,
2928,,,,,2012-01-14T05:58:54Z,-33.40515000,147.57025000,2695.00,
2929,,,,,2012-01-14T05:58:58Z,-33.40430000,147.57026700,2695.00,
2930,,,,,2012-01-14T05:59:02Z,-33.40350000,147.57033300,2695.00,
2931,,,,,2012-01-14T05:59:06Z,-33.40276700,147.57040000,2695.00,
2932,,,,,2012-01-14T05:59:10Z,-33.40201700,147.57030000,2695.00,
2933,,,,,2012-01-14T05:59:15Z,-33.40096700,147.57025000,2694.00,
2934,,,,,2012-01-14T05:59:19Z,-33.40008300,147.57038300,2694.00,
2935,,,,,2012-01-14T05:59:23Z,-33.39926700,147.57055000,2692.00,
2936,,,,,2012-01-14T05:59:27Z,-33.39846700,147.57061700,2690.00,
2937,,,,,2012-01-14T05:59:31Z,-33.39773300,147.57053300,2688.00,
2938,,,,,2012-01-14T05:59:35Z,-33.39698300,147.57038300,2687.00,
2939,,,,,2012-01-14T05:59:39Z,-33.39621700,147.57033300,2681.00,
2940,,,,,2012-01-14T05:59:43Z,-33.39555000,147.57015000,2681.00,
2941,,,,,2012-01-14T05:59:47Z,-33.39486700,147.57000000,2677.00,
2942,,,,,2012-01-14T05:59:51Z,-33.39413300,147.57001700,2667.00,
2943,,,,,2012-01-14T05:59:55Z,-33.39336700,147.56995000,2658.00,
2944,,,,,2012-01-14T05:59:59Z,-33.39260000,147.56975000,2655.00,
2945,,,,,2012-01-14T06:00:03Z,-33.39188300,147.56960000,2655.00,
2946,,,,,2012-01-14T06:00:07Z,-33.39123300,147.56935000,2655.00,
2947,,,,,2012-01-14T06:00:11Z,-33.39056700,147.56905000,2655.00,
2948,,,,,2012-01-14T06:00:15Z,-33.38990000,147.56883300,2655.00,
2949,,,,,2012-01-14T06:00:19Z,-33.38923300,147.56865000,2655.00,
2950,,,,,2012-01-14T06:00:23Z,-33.38855000,147.56846700,2655.00,
2951,,,,,2012-01-14T06:00:27Z,-33.38781700,147.56823300,2655.00,
2952,,,,,2012-01-14T06:00:31Z,-33.38700000,147.56808300,2655.00,
2953,,,,,2012-01-14T06:00:35Z,-33.38620000,147.56805000,2655.00,
2954,,,,,2012-01-14T06:00:39Z,-33.38538300,147.56811700,2655.00,
2955,,,,,2012-01-14T06:00:43Z,-33.38455000,147.56835000,2652.00,
2956,,,,,2012-01-14T06:00:47Z,-33.38356700,147.56855000,2650.00,
2957,,,,,2012-01-14T06:00:51Z,-33.38270000,147.56863300,2647.00,
2958,,,,,2012-01-14T06:00:55Z,-33.38188300,147.56880000,2637.00,
2959,,,,,2012-01-14T06:00:59Z,-33.38115000,147.56856700,2637.00,
2960,,,,,2012-01-14T06:01:03Z,-33.38040000,147.56836700,2629.00,
2961,,,,,2012-01-14T06:01:07Z,-33.37958300,147.56835000,2613.00,
2962,,,,,2012-01-14T06:01:11Z,-33.37878300,147.56826700,2598.00,
2963,,,,,2012-01-14T06:01:15Z,-33.37801700,147.56803300,2594.00,
2964,,,,,2012-01-14T06:01:19Z,-33.37713300,147.56808300,2575.00,
2965,,,,,2012-01-14T06:01:23Z,-33.37625000,147.56810000,2560.00,
2966,,,,,2012-01-14T06:01:27Z,-33.37535000,147.56815000,2551.00,
2967,,,,,2012-01-14T06:01:31Z,-33.37450000,147.56826700,2542.00,
2968,,,,,2012-01-14T06:01:35Z,-33.37368300,147.56843300,2528.00,
2969,,,,,2012-01-14T06:01:39Z,-33.37285000,147.56870000,2510.00,
2970,,,,,2012-01-14T06:01:43Z,-33.37190000,147.56898300,2497.00,
2971,,,,,2012-01-14T06:01:47Z,-33.37101700,147.56916700,2492.00,
2972,,,,,2012-01-14T06:01:51Z,-33.37015000,147.56955000,2492.00,
2973,,,,,2012-01-14T06:01:55Z,-33.36930000,147.57006700,2489.00,
2974,,,,,2012-01-14T06:01:59Z,-33.36851700,147.57040000,2474.00,
2975,,,,,2012-01-14T06:02:03Z,-33.36770000,147.57055000,2458.00,
2976,,,,,2012-01-14T06:02:07Z,-33.36683300,147.57051700,2454.00,
2977,,,,,2012-01-14T06:02:11Z,-33.36600000,147.57053300,2438.00,
2978,,,,,2012-01-14T06:02:15Z,-33.36510000,147.57036700,2430.00,
2979,,,,,2012-01-14T06:02:19Z,-33.36433300,147.56995000,2426.00,
2980,,,,,2012-01-14T06:02:23Z,-33.36360000,147.56948300,2426.00,
2981,,,,,2012-01-14T06:02:27Z,-33.36286700,147.56898300,2426.00,
2982,,,,,2012-01-14T06:02:31Z,-33.36208300,147.56855000,2426.00,
2983,,,,,2012-01-14T06:02:35Z,-33.36130000,147.56823300,2426.00,
2984,,,,,2012-01-14T06:02:40Z,-33.36033300,147.56780000,2426.00,
2985,,,,,2012-01-14T06:02:44Z,-33.35955000,147.56745000,2426.00,
2986,,,,,2012-01-14T06:02:48Z,-33.35873300,147.56736700,2422.00,
2987,,,,,2012-01-14T06:02:52Z,-33.35798300,147.56715000,2422.00,
2988,,,,,2012-01-14T06:02:56Z,-33.35731700,147.56691700,2422.00,
2989,,,,,2012-01-14T06:03:00Z,-33.35668300,147.56668300,2420.00,
2990,,,,,2012-01-14T06:03:04Z,-33.35608300,147.56636700,2417.00,
2991,,,,,2012-01-14T06:03:08Z,-33.35535000,147.56628300,2407.00,
2992,,,,,2012-01-14T06:03:12Z,-33.35456700,147.56628300,2388.00,
2993,,,,,2012-01-14T06:03:16Z,-33.35383300,147.56618300,2373.00,
2994,,,,,2012-01-14T06:03:20Z,-33.35305000,147.56616700,2358.00,
2995,,,,,2012-01-14T06:03:24Z,-33.35231700,147.56608300,2353.00,
2996,,,,,2012-01-14T06:03:28Z,-33.35163300,147.56593300,2353.00,
2997,,,,,2012-01-14T06:03:32Z,-33.35086700,147.56598300,2350.00,
2998,,,,,2012-01-14T06:03:36Z,-33.35001700,147.56633300,2346.00,
2999,,,,,2012-01-14T06:03:40Z,-33.34925000,147.56681700,2346.00,
3000,,,,,2012-01-14T06:03:44Z,-33.34846700,147.56746700,2330.00,
3001,,,,,2012-01-14T06:03:48Z,-33.34768300,147.56803300,2311.00,
3002,,,,,2012-01-14T06:03:52Z,-33.34685000,147.56851700,2290.00,
3003,,,,,2012-01-14T06:03:56Z,-33.34603300,147.56910000,2285.00,
3004,,,,,2012-01-14T06:04:00Z,-33.34531700,147.56976700,2266.00,
3005,,,,,2012-01-14T06:04:04Z,-33.34465000,147.57041700,2253.00,
3006,,,,,2012-01-14T06:04:08Z,-33.34401700,147.57095000,2234.00,
3007,,,,,2012-01-14T06:04:12Z,-33.34336700,147.57141700,2217.00,
3008,,,,,2012-01-14T06:04:16Z,-33.34270000,147.57180000,2209.00,
3009,,,,,2012-01-14T06:04:20Z,-33.34205000,147.57211700,2194.00,
3010,,,,,2012-01-14T06:04:24Z,-33.34133300,147.57238300,2180.00,
3011,,,,,2012-01-14T06:04:28Z,-33.34060000,147.57256700,2166.00,
3012,,,,,2012-01-14T06:04:32Z,-33.33981700,147.57263300,2154.00,
3013,,,,,2012-01-14T06:04:36Z,-33.33903300,147.57256700,2149.00,
3014,,,,,2012-01-14T06:04:40Z,-33.33831700,147.57241700,2146.00,
3015,,,,,2012-01-14T06:04:44Z,-33.33771700,147.57210000,2139.00,
3016,,,,,2012-01-14T06:04:48Z,-33.33720000,147.57155000,2137.00,
3017,,,,,2012-01-14T06:04:52Z,-33.33663300,147.57111700,2129.00,
3018,,,,,2012-01-14T06:04:56Z,-33.33600000,147.57078300,2121.00,
3019,,,,,2012-01-14T06:05:00Z,-33.33535000,147.57030000,2121.00,
3020,,,,,2012-01-14T06:05:04Z,-33.33463300,147.56998300,2119.00,
3021,,,,,2012-01-14T06:05:08Z,-33.33391700,147.56975000,2119.00,
3022,,,,,2012-01-14T06:05:12Z,-33.33326700,147.56953300,2119.00,
3023,,,,,2012-01-14T06:05:16Z,-33.33260000,147.56931700,2119.00,
3024,,,,,2012-01-14T06:05:20Z,-33.33191700,147.56925000,2119.00,
3025,,,,,2012-01-14T06:05:24Z,-33.33141700,147.56921700,2119.00,
3026,,,,,2012-01-14T06:05:28Z,-33.33063300,147.56951700,2112.00,
3027,,,,,2012-01-14T06:05:32Z,-33.32986700,147.56970000,2104.00,
3028,,,,,2012-01-14T06:05:36Z,-33.32913300,147.56958300,2104.00,
3029,,,,,2012-01-14T06:05:40Z,-33.32836700,147.56946700,2104.00,
3030,,,,,2012-01-14T06:05:44Z,-33.32756700,147.56941700,2104.00,
3031,,,,,2012-01-14T06:05:48Z,-33.32671700,147.56970000,2099.00,
3032,,,,,2012-01-14T06:05:52Z,-33.32600000,147.57005000,2099.00,
3033,,,,,2012-01-14T06:05:56Z,-33.32523300,147.57045000,2096.00,
3034,,,,,2012-01-14T06:06:01Z,-33.32418300,147.57076700,2077.00,
3035,,,,,2012-01-14T06:06:05Z,-33.32341700,147.57083300,2066.00,
3036,,,,,2012-01-14T06:06:09Z,-33.32261700,147.57103300,2049.00,
3037,,,,,2012-01-14T06:06:13Z,-33.32185000,147.57113300,2037.00,
3038,,,,,2012-01-14T06:06:17Z,-33.32101700,147.57136700,2021.00,
3039,,,,,2012-01-14T06:06:21Z,-33.32021700,147.57153300,2003.00,
3040,,,,,2012-01-14T06:06:25Z,-33.31931700,147.57146700,2003.00,
3041,,,,,2012-01-14T06:06:29Z,-33.31848300,147.57138300,2000.00,
3042,,,,,2012-01-14T06:06:33Z,-33.31766700,147.57145000,1988.00,
3043,,,,,2012-01-14T06:06:37Z,-33.31686700,147.57138300,1980.00,
3044,,,,,2012-01-14T06:06:41Z,-33.31603300,147.57135000,1969.00,
3045,,,,,2012-01-14T06:06:45Z,-33.31525000,147.57110000,1969.00,
3046,,,,,2012-01-14T06:06:49Z,-33.31446700,147.57091700,1969.00,
3047,,,,,2012-01-14T06:06:53Z,-33.31370000,147.57066700,1966.00,
3048,,,,,2012-01-14T06:06:57Z,-33.31291700,147.57031700,1963.00,
3049,,,,,2012-01-14T06:07:01Z,-33.31215000,147.56995000,1954.00,
3050,,,,,2012-01-14T06:07:05Z,-33.31133300,147.56965000,1937.00,
3051,,,,,2012-01-14T06:07:09Z,-33.31066700,147.56890000,1937.00,
3052,,,,,2012-01-14T06:07:13Z,-33.31000000,147.56820000,1937.00,
3053,,,,,2012-01-14T06:07:17Z,-33.30925000,147.56788300,1920.00,
3054,,,,,2012-01-14T06:07:21Z,-33.30858300,147.56740000,1906.00,
3055,,,,,2012-01-14T06:07:25Z,-33.30801700,147.56671700,1901.00,
3056,,,,,2012-01-14T06:07:29Z,-33.30738300,147.56626700,1882.00,
3057,,,,,2012-01-14T06:07:33Z,-33.30678300,147.56571700,1870.00,
3058,,,,,2012-01-14T06:07:37Z,-33.30615000,147.56530000,1856.00,
3059,,,,,2012-01-14T06:07:41Z,-33.30555000,147.56488300,1841.00,
3060,,,,,2012-01-14T06:07:45Z,-33.30501700,147.56433300,1827.00,
3061,,,,,2012-01-14T06:07:49Z,-33.30460000,147.56371700,1815.00,
3062,,,,,2012-01-14T06:07:53Z,-33.30440000,147.56311700,1811.00,
3063,,,,,2012-01-14T06:07:57Z,-33.30428300,147.56250000,1805.00,
3064,,,,,2012-01-14T06:08:01Z,-33.30408300,147.56190000,1797.00,
3065,,,,,2012-01-14T06:08:05Z,-33.30371700,147.56135000,1791.00,
3066,,,,,2012-01-14T06:08:09Z,-33.30318300,147.56088300,1784.00,
3067,,,,,2012-01-14T06:08:13Z,-33.30258300,147.56053300,1778.00,
3068,,,,,2012-01-14T06:08:17Z,-33.30196700,147.56023300,1771.00,
3069,,,,,2012-01-14T06:08:21Z,-33.30128300,147.55986700,1764.00,
3070,,,,,2012-01-14T06:08:25Z,-33.30050000,147.55955000,1760.00,
3071,,,,,2012-01-14T06:08:29Z,-33.29966700,147.55935000,1760.00,
3072,,,,,2012-01-14T06:08:33Z,-33.29890000,147.55915000,1760.00,
3073,,,,,2012-01-14T06:08:37Z,-33.29813300,147.55898300,1760.00,
3074,,,,,2012-01-14T06:08:41Z,-33.29736700,147.55896700,1760.00,
3075,,,,,2012-01-14T06:08:45Z,-33.29663300,147.55898300,1760.00,
3076,,,,,2012-01-14T06:08:49Z,-33.29595000,147.55891700,1760.00,
3077,,,,,2012-01-14T06:08:53Z,-33.29535000,147.55865000,1760.00,
3078,,,,,2012-01-14T06:08:57Z,-33.29470000,147.55835000,1760.00,
3079,,,,,2012-01-14T06:09:01Z,-33.29398300,147.55816700,1760.00,
3080,,,,,2012-01-14T06:09:05Z,-33.29326700,147.55803300,1760.00,
3081,,,,,2012-01-14T06:09:09Z,-33.29251700,147.55808300,1759.00,
3082,,,,,2012-01-14T06:09:13Z,-33.29168300,147.55850000,1753.00,
3083,,,,,2012-01-14T06:09:17Z,-33.29090000,147.55901700,1747.00,
3084,,,,,2012-01-14T06:09:22Z,-33.29048300,147.55946700,1744.00,
3085,,,,,2012-01-14T06:09:26Z,-33.29003300,147.56025000,1740.00,
3086,,,,,2012-01-14T06:09:30Z,-33.28928300,147.56083300,1733.00,
3087,,,,,2012-01-14T06:09:34Z,-33.28845000,147.56101700,1725.00,
3088,,,,,2012-01-14T06:09:38Z,-33.28760000,147.56098300,1725.00,
3089,,,,,2012-01-14T06:09:42Z,-33.28661700,147.56120000,1714.00,
3090,,,,,2012-01-14T06:09:46Z,-33.28563300,147.56138300,1700.00,
3091,,,,,2012-01-14T06:09:50Z,-33.28488300,147.56100000,1700.00,
3092,,,,,2012-01-14T06:09:54Z,-33.28405000,147.56091700,1682.00,
3093,,,,,2012-01-14T06:09:58Z,-33.28325000,147.56068300,1667.00,
3094,,,,,2012-01-14T06:10:02Z,-33.28240000,147.56051700,1648.00,
3095,,,,,2012-01-14T06:10:06Z,-33.28160000,147.56031700,1629.00,
3096,,,,,2012-01-14T06:10:10Z,-33.28083300,147.56000000,1619.00,
3097,,,,,2012-01-14T06:10:14Z,-33.28006700,147.55983300,1619.00,
3098,,,,,2012-01-14T06:10:18Z,-33.27925000,147.55980000,1619.00,
3099,,,,,2012-01-14T06:10:22Z,-33.27853300,147.55968300,1612.00,
3100,,,,,2012-01-14T06:10:26Z,-33.27776700,147.55948300,1608.00,
3101,,,,,2012-01-14T06:10:30Z,-33.27695000,147.55956700,1604.00,
3102,,,,,2012-01-14T06:10:34Z,-33.27618300,147.56013300,1596.00,
3103,,,,,2012-01-14T06:10:38Z,-33.27571700,147.56050000,1596.00,
3104,,,,,2012-01-14T06:10:42Z,-33.27486700,147.56100000,1592.00,
3105,,,,,2012-01-14T06:10:46Z,-33.27438300,147.56091700,1585.00,
3106,,,,,2012-01-14T06:10:50Z,-33.27431700,147.56065000,1570.00,
3107,,,,,2012-01-14T06:10:54Z,-33.27468300,147.56045000,1559.00,
3108,,,,,2012-01-14T06:10:58Z,-33.27511700,147.56091700,1546.00,
3109,,,,,2012-01-14T06:11:02Z,-33.27536700,147.56173300,1543.00,
3110,,,,,2012-01-14T06:11:06Z,-33.27535000,147.56265000,1538.00,
3111,,,,,2012-01-14T06:11:10Z,-33.27516700,147.56358300,1529.00,
3112,,,,,2012-01-14T06:11:14Z,-33.27498300,147.56445000,1521.00,
3113,,,,,2012-01-14T06:11:18Z,-33.27466700,147.56528300,1515.00,
3114,,,,,2012-01-14T06:11:22Z,-33.27425000,147.56605000,1509.00,
3115,,,,,2012-01-14T06:11:26Z,-33.27375000,147.56651700,1505.00,
3116,,,,,2012-01-14T06:11:30Z,-33.27318300,147.56656700,1504.00,
3117,,,,,2012-01-14T06:11:34Z,-33.27273300,147.56661700,1502.00,
3118,,,,,2012-01-14T06:11:38Z,-33.27220000,147.56700000,1502.00,
3119,,,,,2012-01-14T06:11:42Z,-33.27165000,147.56745000,1501.00,
3120,,,,,2012-01-14T06:11:46Z,-33.27123300,147.56765000,1501.00,
3121,,,,,2012-01-14T06:11:50Z,-33.27110000,147.56763300,1501.00,
3122,,,,,2012-01-14T06:11:54Z,-33.27088300,147.56733300,1503.00,
3123,,,,,2012-01-14T06:11:58Z,-33.27078300,147.56673300,1507.00,
3124,,,,,2012-01-14T06:12:02Z,-33.27055000,147.56621700,1512.00,
3125,,,,,2012-01-14T06:12:06Z,-33.27005000,147.56583300,1521.00,
3126,,,,,2012-01-14T06:12:10Z,-33.26961700,147.56546700,1527.00,
3127,,,,,2012-01-14T06:12:14Z,-33.26916700,147.56513300,1533.00,
3128,,,,,2012-01-14T06:12:18Z,-33.26860000,147.56501700,1537.00,
3129,,,,,2012-01-14T06:12:22Z,-33.26796700,147.56510000,1538.00,
3130,,,,,2012-01-14T06:12:26Z,-33.26726700,147.56533300,1538.00,
3131,,,,,2012-01-14T06:12:30Z,-33.26666700,147.56530000,1541.00,
3132,,,,,2012-01-14T06:12:34Z,-33.26678300,147.56490000,1546.00,
3133,,,,,2012-01-14T06:12:38Z,-33.26728300,147.56515000,1550.00,
3134,,,,,2012-01-14T06:12:42Z,-33.26738300,147.56585000,1554.00,
3135,,,,,2012-01-14T06:12:47Z,-33.26688300,147.56630000,1561.00,
3136,,,,,2012-01-14T06:12:51Z,-33.26661700,147.56591700,1568.00,
3137,,,,,2012-01-14T06:12:55Z,-33.26683300,147.56551700,1575.00,
3138,,,,,2012-01-14T06:12:59Z,-33.26733300,147.56560000,1583.00,
3139,,,,,2012-01-14T06:13:03Z,-33.26765000,147.56623300,1590.00,
3140,,,,,2012-01-14T06:13:07Z,-33.26758300,147.56705000,1596.00,
3141,,,,,2012-01-14T06:13:11Z,-33.26728300,147.56780000,1600.00,
3142,,,,,2012-01-14T06:13:15Z,-33.26671700,147.56833300,1602.00,
3143,,,,,2012-01-14T06:13:19Z,-33.26601700,147.56835000,1604.00,
3144,,,,,2012-01-14T06:13:23Z,-33.26588300,147.56788300,1610.00,
3145,,,,,2012-01-14T06:13:27Z,-33.26636700,147.56783300,1617.00,
3146,,,,,2012-01-14T06:13:31Z,-33.26660000,147.56843300,1620.00,
3147,,,,,2012-01-14T06:13:35Z,-33.26631700,147.56901700,1625.00,
3148,,,,,2012-01-14T06:13:39Z,-33.26580000,147.56908300,1633.00,
3149,,,,,2012-01-14T06:13:43Z,-33.26546700,147.56875000,1640.00,
3150,,,,,2012-01-14T06:13:47Z,-33.26566700,147.56830000,1649.00,
3151,,,,,2012-01-14T06:13:51Z,-33.26613300,147.56813300,1656.00,
3152,,,,,2012-01-14T06:13:55Z,-33.26655000,147.56838300,1658.00,
3153,,,,,2012-01-14T06:13:59Z,-33.26686700,147.56896700,1666.00,
3154,,,,,2012-01-14T06:14:03Z,-33.26671700,147.56975000,1674.00,
3155,,,,,2012-01-14T06:14:07Z,-33.26661700,147.56993300,1675.00,
3156,,,,,2012-01-14T06:14:11Z,-33.26581700,147.57101700,1675.00,
3157,,,,,2012-01-14T06:14:15Z,-33.26518300,147.57123300,1677.00,
3158,,,,,2012-01-14T06:14:19Z,-33.26453300,147.57111700,1683.00,
3159,,,,,2012-01-14T06:14:23Z,-33.26405000,147.57075000,1692.00,
3160,,,,,2012-01-14T06:14:27Z,-33.26365000,147.57023300,1701.00,
3161,,,,,2012-01-14T06:14:31Z,-33.26321700,147.56970000,1709.00,
3162,,,,,2012-01-14T06:14:35Z,-33.26266700,147.56933300,1717.00,
3163,,,,,2012-01-14T06:14:39Z,-33.26206700,147.56913300,1724.00,
3164,,,,,2012-01-14T06:14:43Z,-33.26156700,147.56886700,1731.00,
3165,,,,,2012-01-14T06:14:47Z,-33.26173300,147.56848300,1738.00,
3166,,,,,2012-01-14T06:14:51Z,-33.26220000,147.56868300,1744.00,
3167,,,,,2012-01-14T06:14:55Z,-33.26238300,147.56940000,1747.00,
3168,,,,,2012-01-14T06:14:59Z,-33.26226700,147.57021700,1752.00,
3169,,,,,2012-01-14T06:15:03Z,-33.26185000,147.57075000,1756.00,
3170,,,,,2012-01-14T06:15:07Z,-33.26121700,147.57080000,1758.00,
3171,,,,,2012-01-14T06:15:11Z,-33.26095000,147.57031700,1764.00,
3172,,,,,2012-01-14T06:15:15Z,-33.26116700,147.56986700,1770.00,
3173,,,,,2012-01-14T06:15:19Z,-33.26163300,147.56978300,1776.00,
3174,,,,,2012-01-14T06:15:23Z,-33.26211700,147.57015000,1781.00,
3175,,,,,2012-01-14T06:15:27Z,-33.26246700,147.57085000,1786.00,
3176,,,,,2012-01-14T06:15:31Z,-33.26270000,147.57160000,1787.00,
3177,,,,,2012-01-14T06:15:35Z,-33.26296700,147.57230000,1791.00,
3178,,,,,2012-01-14T06:15:39Z,-33.26335000,147.57290000,1795.00,
3179,,,,,2012-01-14T06:15:43Z,-33.26380000,147.57340000,1797.00,
3180,,,,,2012-01-14T06:15:47Z,-33.26416700,147.57400000,1799.00,
3181,,,,,2012-01-14T06:15:51Z,-33.26428300,147.57463300,1801.00,
3182,,,,,2012-01-14T06:15:55Z,-33.26411700,147.57566700,1804.00,
3183,,,,,2012-01-14T06:15:59Z,-33.26350000,147.57610000,1805.00,
3184,,,,,2012-01-14T06:16:03Z,-33.26281700,147.57621700,1805.00,
3185,,,,,2012-01-14T06:16:07Z,-33.26223300,147.57615000,1806.00,
3186,,,,,2012-01-14T06:16:12Z,-33.26153300,147.57588300,1809.00,
3187,,,,,2012-01-14T06:16:16Z,-33.26086700,147.57573300,1809.00,
3188,,,,,2012-01-14T06:16:20Z,-33.26025000,147.57556700,1809.00,
3189,,,,,2012-01-14T06:16:24Z,-33.25958300,147.57538300,1811.00,
3190,,,,,2012-01-14T06:16:28Z,-33.25888300,147.57501700,1812.00,
3191,,,,,2012-01-14T06:16:32Z,-33.25821700,147.57450000,1811.00,
3192,,,,,2012-01-14T06:16:36Z,-33.25776700,147.57396700,1811.00,
3193,,,,,2012-01-14T06:16:40Z,-33.25758300,147.57336700,1811.00,
3194,,,,,2012-01-14T06:16:44Z,-33.25751700,147.57278300,1810.00,
3195,,,,,2012-01-14T06:16:48Z,-33.25740000,147.57220000,1810.00,
3196,,,,,2012-01-14T06:16:52Z,-33.25718300,147.57160000,1808.00,
3197,,,,,2012-01-14T06:16:56Z,-33.25686700,147.57103300,1806.00,
3198,,,,,2012-01-14T06:17:00Z,-33.25655000,147.57036700,1803.00,
3199,,,,,2012-01-14T06:17:04Z,-33.25621700,147.56990000,1803.00,
3200,,,,,2012-01-14T06:17:08Z,-33.25550000,147.56928300,1802.00,
3201,,,,,2012-01-14T06:17:12Z,-33.25496700,147.56883300,1799.00,
3202,,,,,2012-01-14T06:17:16Z,-33.25445000,147.56838300,1796.00,
3203,,,,,2012-01-14T06:17:20Z,-33.25391700,147.56798300,1791.00,
3204,,,,,2012-01-14T06:17:24Z,-33.25331700,147.56756700,1786.00,
3205,,,,,2012-01-14T06:17:28Z,-33.25270000,147.56720000,1781.00,
3206,,,,,2012-01-14T06:17:32Z,-33.25213300,147.56695000,1774.00,
3207,,,,,2012-01-14T06:17:36Z,-33.25170000,147.56661700,1767.00,
3208,,,,,2012-01-14T06:17:40Z,-33.25121700,147.56626700,1760.00,
3209,,,,,2012-01-14T06:17:44Z,-33.25065000,147.56590000,1752.00,
3210,,,,,2012-01-14T06:17:48Z,-33.25005000,147.56550000,1745.00,
3211,,,,,2012-01-14T06:17:52Z,-33.24948300,147.56516700,1738.00,
3212,,,,,2012-01-14T06:17:56Z,-33.24891700,147.56475000,1731.00,
3213,,,,,2012-01-14T06:18:00Z,-33.24830000,147.56431700,1724.00,
3214,,,,,2012-01-14T06:18:04Z,-33.24763300,147.56391700,1716.00,
3215,,,,,2012-01-14T06:18:08Z,-33.24696700,147.56353300,1708.00,
3216,,,,,2012-01-14T06:18:12Z,-33.24631700,147.56320000,1701.00,
3217,,,,,2012-01-14T06:18:16Z,-33.24566700,147.56288300,1693.00,
3218,,,,,2012-01-14T06:18:20Z,-33.24498300,147.56261700,1685.00,
3219,,,,,2012-01-14T06:18:24Z,-33.24430000,147.56235000,1676.00,
3220,,,,,2012-01-14T06:18:28Z,-33.24361700,147.56208300,1667.00,
3221,,,,,2012-01-14T06:18:32Z,-33.24290000,147.56175000,1656.00,
3222,,,,,2012-01-14T06:18:36Z,-33.24213300,147.56128300,1644.00,
3223,,,,,2012-01-14T06:18:40Z,-33.24136700,147.56071700,1641.00,
3224,,,,,2012-01-14T06:18:44Z,-33.24063300,147.56016700,1632.00,
3225,,,,,2012-01-14T06:18:48Z,-33.24008300,147.55965000,1622.00,
3226,,,,,2012-01-14T06:18:52Z,-33.24000000,147.55915000,1610.00,
3227,,,,,2012-01-14T06:18:56Z,-33.23991700,147.55858300,1597.00,
3228,,,,,2012-01-14T06:19:00Z,-33.23971700,147.55795000,1585.00,
3229,,,,,2012-01-14T06:19:04Z,-33.23941700,147.55731700,1574.00,
3230,,,,,2012-01-14T06:19:08Z,-33.23901700,147.55661700,1569.00,
3231,,,,,2012-01-14T06:19:12Z,-33.23860000,147.55593300,1562.00,
3232,,,,,2012-01-14T06:19:16Z,-33.23806700,147.55535000,1555.00,
3233,,,,,2012-01-14T06:19:20Z,-33.23746700,147.55493300,1546.00,
3234,,,,,2012-01-14T06:19:24Z,-33.23683300,147.55461700,1536.00,
3235,,,,,2012-01-14T06:19:28Z,-33.23618300,147.55430000,1526.00,
3236,,,,,2012-01-14T06:19:32Z,-33.23551700,147.55395000,1516.00,
3237,,,,,2012-01-14T06:19:36Z,-33.23488300,147.55361700,1506.00,
3238,,,,,2012-01-14T06:19:41Z,-33.23410000,147.55323300,1494.00,
3239,,,,,2012-01-14T06:19:45Z,-33.23351700,147.55291700,1485.00,
3240,,,,,2012-01-14T06:19:49Z,-33.23290000,147.55250000,1476.00,
3241,,,,,2012-01-14T06:19:53Z,-33.23218300,147.55211700,1467.00,
3242,,,,,2012-01-14T06:19:57Z,-33.23143300,147.55183300,1465.00,
3243,,,,,2012-01-14T06:20:01Z,-33.23078300,147.55161700,1461.00,
3244,,,,,2012-01-14T06:20:05Z,-33.23071700,147.55111700,1457.00,
3245,,,,,2012-01-14T06:20:09Z,-33.23115000,147.55123300,1453.00,
3246,,,,,2012-01-14T06:20:13Z,-33.23115000,147.55193300,1452.00,
3247,,,,,2012-01-14T06:20:17Z,-33.23068300,147.55223300,1453.00,
3248,,,,,2012-01-14T06:20:21Z,-33.23028300,147.55198300,1453.00,
3249,,,,,2012-01-14T06:20:25Z,-33.23008300,147.55151700,1455.00,
3250,,,,,2012-01-14T06:20:29Z,-33.23040000,147.55111700,1460.00,
3251,,,,,2012-01-14T06:20:33Z,-33.23081700,147.55121700,1466.00,
3252,,,,,2012-01-14T06:20:37Z,-33.23101700,147.55180000,1470.00,
3253,,,,,2012-01-14T06:20:41Z,-33.23078300,147.55248300,1475.00,
3254,,,,,2012-01-14T06:20:45Z,-33.23030000,147.55293300,1480.00,
3255,,,,,2012-01-14T06:20:49Z,-33.22975000,147.55303300,1486.00,
3256,,,,,2012-01-14T06:20:53Z,-33.22948300,147.55261700,1488.00,
3257,,,,,2012-01-14T06:20:57Z,-33.22956700,147.55206700,1493.00,
3258,,,,,2012-01-14T06:21:01Z,-33.22993300,147.55171700,1497.00,
3259,,,,,2012-01-14T06:21:05Z,-33.23030000,147.55181700,1499.00,
3260,,,,,2012-01-14T06:21:09Z,-33.23023300,147.55233300,1501.00,
3261,,,,,2012-01-14T06:21:13Z,-33.22963300,147.55255000,1506.00,
3262,,,,,2012-01-14T06:21:17Z,-33.22903300,147.55228300,1511.00,
3263,,,,,2012-01-14T06:21:21Z,-33.22850000,147.55178300,1515.00,
3264,,,,,2012-01-14T06:21:25Z,-33.22798300,147.55125000,1515.00,
3265,,,,,2012-01-14T06:21:29Z,-33.22748300,147.55070000,1516.00,
3266,,,,,2012-01-14T06:21:33Z,-33.22701700,147.55016700,1519.00,
3267,,,,,2012-01-14T06:21:37Z,-33.22651700,147.54968300,1523.00,
3268,,,,,2012-01-14T06:21:41Z,-33.22598300,147.54923300,1526.00,
3269,,,,,2012-01-14T06:21:45Z,-33.22536700,147.54881700,1527.00,
3270,,,,,2012-01-14T06:21:49Z,-33.22471700,147.54833300,1528.00,
3271,,,,,2012-01-14T06:21:53Z,-33.22405000,147.54785000,1528.00,
3272,,,,,2012-01-14T06:21:57Z,-33.22330000,147.54741700,1526.00,
3273,,,,,2012-01-14T06:22:01Z,-33.22248300,147.54705000,1524.00,
3274,,,,,2012-01-14T06:22:05Z,-33.22168300,147.54680000,1524.00,
3275,,,,,2012-01-14T06:22:09Z,-33.22090000,147.54663300,1524.00,
3276,,,,,2012-01-14T06:22:13Z,-33.22015000,147.54656700,1524.00,
3277,,,,,2012-01-14T06:22:17Z,-33.21948300,147.54648300,1523.00,
3278,,,,,2012-01-14T06:22:21Z,-33.21933300,147.54646700,1523.00,
3279,,,,,2012-01-14T06:22:25Z,-33.21815000,147.54638300,1523.00,
3280,,,,,2012-01-14T06:22:29Z,-33.21741700,147.54663300,1523.00,
3281,,,,,2012-01-14T06:22:33Z,-33.21670000,147.54693300,1521.00,
3282,,,,,2012-01-14T06:22:37Z,-33.21596700,147.54703300,1521.00,
3283,,,,,2012-01-14T06:22:41Z,-33.21526700,147.54703300,1517.00,
3284,,,,,2012-01-14T06:22:45Z,-33.21456700,147.54695000,1514.00,
3285,,,,,2012-01-14T06:22:49Z,-33.21381700,147.54713300,1512.00,
3286,,,,,2012-01-14T06:22:53Z,-33.21308300,147.54751700,1510.00,
3287,,,,,2012-01-14T06:22:58Z,-33.21223300,147.54813300,1500.00,
3288,,,,,2012-01-14T06:23:02Z,-33.21156700,147.54866700,1492.00,
3289,,,,,2012-01-14T06:23:06Z,-33.21088300,147.54916700,1485.00,
3290,,,,,2012-01-14T06:23:10Z,-33.21015000,147.54966700,1481.00,
3291,,,,,2012-01-14T06:23:14Z,-33.20938300,147.55011700,1472.00,
3292,,,,,2012-01-14T06:23:18Z,-33.20865000,147.55041700,1463.00,
3293,,,,,2012-01-14T06:23:22Z,-33.20790000,147.55076700,1459.00,
3294,,,,,2012-01-14T06:23:26Z,-33.20721700,147.55128300,1459.00,
3295,,,,,2012-01-14T06:23:30Z,-33.20666700,147.55195000,1456.00,
3296,,,,,2012-01-14T06:23:34Z,-33.20625000,147.55258300,1450.00,
3297,,,,,2012-01-14T06:23:38Z,-33.20591700,147.55328300,1448.00,
3298,,,,,2012-01-14T06:23:42Z,-33.20556700,147.55393300,1443.00,
3299,,,,,2012-01-14T06:23:46Z,-33.20521700,147.55463300,1439.00,
3300,,,,,2012-01-14T06:23:50Z,-33.20490000,147.55536700,1437.00,
3301,,,,,2012-01-14T06:23:54Z,-33.20458300,147.55608300,1435.00,
3302,,,,,2012-01-14T06:23:58Z,-33.20423300,147.55678300,1433.00,
3303,,,,,2012-01-14T06:24:02Z,-33.20385000,147.55746700,1432.00,
3304,,,,,2012-01-14T06:24:06Z,-33.20341700,147.55816700,1432.00,
3305,,,,,2012-01-14T06:24:10Z,-33.20301700,147.55888300,1431.00,
3306,,,,,2012-01-14T06:24:14Z,-33.20271700,147.55966700,1431.00,
3307,,,,,2012-01-14T06:24:18Z,-33.20250000,147.56045000,1432.00,
3308,,,,,2012-01-14T06:24:22Z,-33.20230000,147.56118300,1434.00,
3309,,,,,2012-01-14T06:24:26Z,-33.20225000,147.56190000,1436.00,
3310,,,,,2012-01-14T06:24:30Z,-33.20248300,147.56248300,1436.00,
3311,,,,,2012-01-14T06:24:34Z,-33.20285000,147.56271700,1437.00,
3312,,,,,2012-01-14T06:24:38Z,-33.20313300,147.56225000,1438.00,
3313,,,,,2012-01-14T06:24:42Z,-33.20318300,147.56163300,1438.00,
3314,,,,,2012-01-14T06:24:46Z,-33.20298300,147.56106700,1440.00,
3315,,,,,2012-01-14T06:24:50Z,-33.20250000,147.56070000,1441.00,
3316,,,,,2012-01-14T06:24:54Z,-33.20183300,147.56060000,1443.00,
3317,,,,,2012-01-14T06:24:58Z,-33.20120000,147.56083300,1446.00,
3318,,,,,2012-01-14T06:25:02Z,-33.20056700,147.56110000,1449.00,
3319,,,,,2012-01-14T06:25:06Z,-33.19996700,147.56098300,1453.00,
3320,,,,,2012-01-14T06:25:10Z,-33.19961700,147.56051700,1458.00,
3321,,,,,2012-01-14T06:25:14Z,-33.19976700,147.56011700,1464.00,
3322,,,,,2012-01-14T06:25:18Z,-33.20020000,147.56021700,1468.00,
3323,,,,,2012-01-14T06:25:22Z,-33.20051700,147.56075000,1473.00,
3324,,,,,2012-01-14T06:25:26Z,-33.20030000,147.56140000,1477.00,
3325,,,,,2012-01-14T06:25:30Z,-33.19980000,147.56148300,1482.00,
3326,,,,,2012-01-14T06:25:34Z,-33.19951700,147.56106700,1489.00,
3327,,,,,2012-01-14T06:25:38Z,-33.19980000,147.56076700,1497.00,
3328,,,,,2012-01-14T06:25:42Z,-33.20026700,147.56101700,1504.00,
3329,,,,,2012-01-14T06:25:46Z,-33.20028300,147.56168300,1510.00,
3330,,,,,2012-01-14T06:25:50Z,-33.19980000,147.56208300,1518.00,
3331,,,,,2012-01-14T06:25:54Z,-33.19931700,147.56191700,1526.00,
3332,,,,,2012-01-14T06:25:58Z,-33.19940000,147.56153300,1535.00,
3333,,,,,2012-01-14T06:26:02Z,-33.19980000,147.56161700,1539.00,
3334,,,,,2012-01-14T06:26:06Z,-33.20010000,147.56210000,1542.00,
3335,,,,,2012-01-14T06:26:10Z,-33.20000000,147.56273300,1545.00,
3336,,,,,2012-01-14T06:26:14Z,-33.19956700,147.56318300,1554.00,
3337,,,,,2012-01-14T06:26:19Z,-33.19893300,147.56313300,1566.00,
3338,,,,,2012-01-14T06:26:23Z,-33.19870000,147.56265000,1574.00,
3339,,,,,2012-01-14T06:26:27Z,-33.19878300,147.56215000,1583.00,
3340,,,,,2012-01-14T06:26:31Z,-33.19911700,147.56196700,1585.00,
3341,,,,,2012-01-14T06:26:35Z,-33.19960000,147.56215000,1587.00,
3342,,,,,2012-01-14T06:26:39Z,-33.19973300,147.56270000,1592.00,
3343,,,,,2012-01-14T06:26:43Z,-33.19928300,147.56311700,1600.00,
3344,,,,,2012-01-14T06:26:47Z,-33.19886700,147.56298300,1606.00,
3345,,,,,2012-01-14T06:26:51Z,-33.19843300,147.56256700,1615.00,
3346,,,,,2012-01-14T06:26:55Z,-33.19796700,147.56216700,1623.00,
3347,,,,,2012-01-14T06:26:59Z,-33.19736700,147.56196700,1629.00,
3348,,,,,2012-01-14T06:27:03Z,-33.19723300,147.56160000,1632.00,
3349,,,,,2012-01-14T06:27:07Z,-33.19696700,147.56133300,1638.00,
3350,,,,,2012-01-14T06:27:11Z,-33.19686700,147.56161700,1644.00,
3351,,,,,2012-01-14T06:27:15Z,-33.19620000,147.56181700,1655.00,
3352,,,,,2012-01-14T06:27:19Z,-33.19581700,147.56173300,1660.00,
3353,,,,,2012-01-14T06:27:23Z,-33.19553300,147.56133300,1665.00,
3354,,,,,2012-01-14T06:27:27Z,-33.19563300,147.56091700,1668.00,
3355,,,,,2012-01-14T06:27:31Z,-33.19595000,147.56090000,1669.00,
3356,,,,,2012-01-14T06:27:35Z,-33.19615000,147.56130000,1669.00,
3357,,,,,2012-01-14T06:27:39Z,-33.19613300,147.56196700,1669.00,
3358,,,,,2012-01-14T06:27:43Z,-33.19600000,147.56271700,1669.00,
3359,,,,,2012-01-14T06:27:47Z,-33.19608300,147.56346700,1669.00,
3360,,,,,2012-01-14T06:27:51Z,-33.19638300,147.56408300,1668.00,
3361,,,,,2012-01-14T06:27:55Z,-33.19681700,147.56445000,1668.00,
3362,,,,,2012-01-14T06:27:59Z,-33.19733300,147.56476700,1668.00,
3363,,,,,2012-01-14T06:28:03Z,-33.19788300,147.56506700,1668.00,
3364,,,,,2012-01-14T06:28:07Z,-33.19848300,147.56540000,1667.00,
3365,,,,,2012-01-14T06:28:11Z,-33.19905000,147.56566700,1667.00,
3366,,,,,2012-01-14T06:28:15Z,-33.19961700,147.56585000,1667.00,
3367,,,,,2012-01-14T06:28:19Z,-33.19961700,147.56585000,1667.00,
3368,,,,,2012-01-14T06:28:23Z,-33.20056700,147.56576700,1667.00,
3369,,,,,2012-01-14T06:28:27Z,-33.20055000,147.56536700,1667.00,
3370,,,,,2012-01-14T06:28:31Z,-33.20001700,147.56501700,1667.00,
3371,,,,,2012-01-14T06:28:35Z,-33.19963300,147.56545000,1667.00,
3372,,,,,2012-01-14T06:28:39Z,-33.19946700,147.56611700,1667.00,
3373,,,,,2012-01-14T06:28:43Z,-33.19943300,147.56628300,1667.00,
3374,,,,,2012-01-14T06:28:47Z,-33.19986700,147.56698300,1667.00,
3375,,,,,2012-01-14T06:28:51Z,-33.20023300,147.56686700,1667.00,
3376,,,,,2012-01-14T06:28:55Z,-33.20031700,147.56621700,1668.00,
3377,,,,,2012-01-14T06:28:59Z,-33.20015000,147.56556700,1670.00,
3378,,,,,2012-01-14T06:29:03Z,-33.19985000,147.56503300,1673.00,
3379,,,,,2012-01-14T06:29:07Z,-33.19936700,147.56465000,1674.00,
3380,,,,,2012-01-14T06:29:11Z,-33.19881700,147.56446700,1678.00,
3381,,,,,2012-01-14T06:29:15Z,-33.19833300,147.56488300,1681.00,
3382,,,,,2012-01-14T06:29:19Z,-33.19810000,147.56560000,1681.00,
3383,,,,,2012-01-14T06:29:23Z,-33.19843300,147.56611700,1683.00,
3384,,,,,2012-01-14T06:29:27Z,-33.19898300,147.56598300,1685.00,
3385,,,,,2012-01-14T06:29:31Z,-33.19910000,147.56546700,1687.00,
3386,,,,,2012-01-14T06:29:35Z,-33.19875000,147.56513300,1690.00,
3387,,,,,2012-01-14T06:29:39Z,-33.19833300,147.56535000,1693.00,
3388,,,,,2012-01-14T06:29:44Z,-33.19813300,147.56613300,1696.00,
3389,,,,,2012-01-14T06:29:48Z,-33.19821700,147.56716700,1696.00,
3390,,,,,2012-01-14T06:29:52Z,-33.19866700,147.56760000,1697.00,
3391,,,,,2012-01-14T06:29:56Z,-33.19910000,147.56771700,1698.00,
3392,,,,,2012-01-14T06:30:00Z,-33.19931700,147.56728300,1702.00,
3393,,,,,2012-01-14T06:30:04Z,-33.19913300,147.56683300,1704.00,
3394,,,,,2012-01-14T06:30:08Z,-33.19870000,147.56668300,1710.00,
3395,,,,,2012-01-14T06:30:12Z,-33.19838300,147.56706700,1714.00,
3396,,,,,2012-01-14T06:30:16Z,-33.19845000,147.56780000,1714.00,
3397,,,,,2012-01-14T06:30:20Z,-33.19880000,147.56831700,1715.00,
3398,,,,,2012-01-14T06:30:24Z,-33.19918300,147.56858300,1716.00,
3399,,,,,2012-01-14T06:30:28Z,-33.19961700,147.56848300,1721.00,
3400,,,,,2012-01-14T06:30:32Z,-33.19983300,147.56796700,1728.00,
3401,,,,,2012-01-14T06:30:36Z,-33.19973300,147.56735000,1735.00,
3402,,,,,2012-01-14T06:30:40Z,-33.19941700,147.56680000,1743.00,
3403,,,,,2012-01-14T06:30:44Z,-33.19900000,147.56633300,1752.00,
3404,,,,,2012-01-14T06:30:48Z,-33.19863300,147.56583300,1760.00,
3405,,,,,2012-01-14T06:30:52Z,-33.19820000,147.56535000,1765.00,
3406,,,,,2012-01-14T06:30:56Z,-33.19760000,147.56510000,1765.00,
3407,,,,,2012-01-14T06:31:00Z,-33.19731700,147.56500000,1766.00,
3408,,,,,2012-01-14T06:31:04Z,-33.19671700,147.56485000,1774.00,
3409,,,,,2012-01-14T06:31:08Z,-33.19613300,147.56476700,1780.00,
3410,,,,,2012-01-14T06:31:12Z,-33.19548300,147.56488300,1783.00,
3411,,,,,2012-01-14T06:31:16Z,-33.19515000,147.56503300,1784.00,
3412,,,,,2012-01-14T06:31:20Z,-33.19425000,147.56555000,1784.00,
3413,,,,,2012-01-14T06:31:24Z,-33.19376700,147.56616700,1786.00,
3414,,,,,2012-01-14T06:31:28Z,-33.19340000,147.56695000,1790.00,
3415,,,,,2012-01-14T06:31:32Z,-33.19311700,147.56780000,1792.00,
3416,,,,,2012-01-14T06:31:36Z,-33.19271700,147.56858300,1794.00,
3417,,,,,2012-01-14T06:31:40Z,-33.19210000,147.56913300,1795.00,
3418,,,,,2012-01-14T06:31:44Z,-33.19135000,147.56920000,1795.00,
3419,,,,,2012-01-14T06:31:48Z,-33.19078300,147.56900000,1795.00,
3420,,,,,2012-01-14T06:31:52Z,-33.19053300,147.56855000,1796.00,
3421,,,,,2012-01-14T06:31:56Z,-33.19083300,147.56836700,1798.00,
3422,,,,,2012-01-14T06:32:00Z,-33.19123300,147.56876700,1799.00,
3423,,,,,2012-01-14T06:32:04Z,-33.19116700,147.56951700,1800.00,
3424,,,,,2012-01-14T06:32:08Z,-33.19066700,147.57011700,1804.00,
3425,,,,,2012-01-14T06:32:12Z,-33.19000000,147.57026700,1809.00,
3426,,,,,2012-01-14T06:32:16Z,-33.18936700,147.57013300,1813.00,
3427,,,,,2012-01-14T06:32:20Z,-33.18876700,147.56988300,1815.00,
3428,,,,,2012-01-14T06:32:24Z,-33.18821700,147.56946700,1819.00,
3429,,,,,2012-01-14T06:32:28Z,-33.18771700,147.56901700,1824.00,
3430,,,,,2012-01-14T06:32:32Z,-33.18741700,147.56846700,1829.00,
3431,,,,,2012-01-14T06:32:36Z,-33.18711700,147.56778300,1834.00,
3432,,,,,2012-01-14T06:32:40Z,-33.18668300,147.56713300,1838.00,
3433,,,,,2012-01-14T06:32:44Z,-33.18610000,147.56660000,1842.00,
3434,,,,,2012-01-14T06:32:48Z,-33.18541700,147.56618300,1845.00,
3435,,,,,2012-01-14T06:32:52Z,-33.18463300,147.56596700,1846.00,
3436,,,,,2012-01-14T06:32:56Z,-33.18380000,147.56583300,1848.00,
3437,,,,,2012-01-14T06:33:01Z,-33.18266700,147.56588300,1849.00,
3438,,,,,2012-01-14T06:33:05Z,-33.18171700,147.56611700,1849.00,
3439,,,,,2012-01-14T06:33:09Z,-33.18080000,147.56626700,1849.00,
3440,,,,,2012-01-14T06:33:13Z,-33.18000000,147.56635000,1849.00,
3441,,,,,2012-01-14T06:33:17Z,-33.17928300,147.56630000,1846.00,
3442,,,,,2012-01-14T06:33:21Z,-33.17841700,147.56631700,1839.00,
3443,,,,,2012-01-14T06:33:25Z,-33.17748300,147.56640000,1831.00,
3444,,,,,2012-01-14T06:33:29Z,-33.17661700,147.56658300,1822.00,
3445,,,,,2012-01-14T06:33:33Z,-33.17578300,147.56675000,1813.00,
3446,,,,,2012-01-14T06:33:37Z,-33.17496700,147.56695000,1804.00,
3447,,,,,2012-01-14T06:33:41Z,-33.17418300,147.56718300,1795.00,
3448,,,,,2012-01-14T06:33:45Z,-33.17331700,147.56755000,1790.00,
3449,,,,,2012-01-14T06:33:49Z,-33.17251700,147.56780000,1781.00,
3450,,,,,2012-01-14T06:33:53Z,-33.17170000,147.56801700,1772.00,
3451,,,,,2012-01-14T06:33:57Z,-33.17088300,147.56836700,1765.00,
3452,,,,,2012-01-14T06:34:01Z,-33.17011700,147.56886700,1761.00,
3453,,,,,2012-01-14T06:34:05Z,-33.16945000,147.56933300,1752.00,
3454,,,,,2012-01-14T06:34:09Z,-33.16878300,147.56978300,1746.00,
3455,,,,,2012-01-14T06:34:13Z,-33.16820000,147.57030000,1737.00,
3456,,,,,2012-01-14T06:34:17Z,-33.16773300,147.57086700,1728.00,
3457,,,,,2012-01-14T06:34:21Z,-33.16720000,147.57143300,1720.00,
3458,,,,,2012-01-14T06:34:25Z,-33.16666700,147.57173300,1714.00,
3459,,,,,2012-01-14T06:34:29Z,-33.16643300,147.57131700,1710.00,
3460,,,,,2012-01-14T06:34:33Z,-33.16688300,147.57110000,1708.00,
3461,,,,,2012-01-14T06:34:37Z,-33.16735000,147.57155000,1707.00,
3462,,,,,2012-01-14T06:34:41Z,-33.16735000,147.57225000,1707.00,
3463,,,,,2012-01-14T06:34:45Z,-33.16690000,147.57278300,1707.00,
3464,,,,,2012-01-14T06:34:49Z,-33.16638300,147.57266700,1709.00,
3465,,,,,2012-01-14T06:34:53Z,-33.16645000,147.57218300,1713.00,
3466,,,,,2012-01-14T06:34:57Z,-33.16698300,147.57228300,1716.00,
3467,,,,,2012-01-14T06:35:01Z,-33.16706700,147.57293300,1718.00,
3468,,,,,2012-01-14T06:35:05Z,-33.16660000,147.57331700,1723.00,
3469,,,,,2012-01-14T06:35:09Z,-33.16613300,147.57313300,1727.00,
3470,,,,,2012-01-14T06:35:13Z,-33.16638300,147.57291700,1731.00,
3471,,,,,2012-01-14T06:35:17Z,-33.16673300,147.57346700,1738.00,
3472,,,,,2012-01-14T06:35:21Z,-33.16648300,147.57406700,1747.00,
3473,,,,,2012-01-14T06:35:25Z,-33.16595000,147.57393300,1756.00,
3474,,,,,2012-01-14T06:35:29Z,-33.16573300,147.57335000,1766.00,
3475,,,,,2012-01-14T06:35:33Z,-33.16600000,147.57288300,1775.00,
3476,,,,,2012-01-14T06:35:37Z,-33.16653300,147.57315000,1782.00,
3477,,,,,2012-01-14T06:35:41Z,-33.16660000,147.57383300,1791.00,
3478,,,,,2012-01-14T06:35:45Z,-33.16615000,147.57426700,1801.00,
3479,,,,,2012-01-14T06:35:49Z,-33.16570000,147.57395000,1811.00,
3480,,,,,2012-01-14T06:35:53Z,-33.16576700,147.57340000,1821.00,
3481,,,,,2012-01-14T06:35:57Z,-33.16623300,147.57326700,1832.00,
3482,,,,,2012-01-14T06:36:01Z,-33.16655000,147.57375000,1839.00,
3483,,,,,2012-01-14T06:36:05Z,-33.16641700,147.57433300,1849.00,
3484,,,,,2012-01-14T06:36:09Z,-33.16588300,147.57468300,1859.00,
3485,,,,,2012-01-14T06:36:13Z,-33.16526700,147.57463300,1869.00,
3486,,,,,2012-01-14T06:36:17Z,-33.16480000,147.57420000,1879.00,
3487,,,,,2012-01-14T06:36:21Z,-33.16476700,147.57363300,1889.00,
3488,,,,,2012-01-14T06:36:25Z,-33.16523300,147.57345000,1898.00,
3489,,,,,2012-01-14T06:36:30Z,-33.16561700,147.57423300,1904.00,
3490,,,,,2012-01-14T06:36:34Z,-33.16530000,147.57488300,1912.00,
3491,,,,,2012-01-14T06:36:38Z,-33.16471700,147.57495000,1920.00,
3492,,,,,2012-01-14T06:36:42Z,-33.16435000,147.57450000,1930.00,
3493,,,,,2012-01-14T06:36:46Z,-33.16451700,147.57401700,1939.00,
3494,,,,,2012-01-14T06:36:50Z,-33.16503300,147.57418300,1945.00,
3495,,,,,2012-01-14T06:36:54Z,-33.16521700,147.57481700,1949.00,
3496,,,,,2012-01-14T06:36:58Z,-33.16488300,147.57541700,1957.00,
3497,,,,,2012-01-14T06:37:02Z,-33.16431700,147.57566700,1964.00,
3498,,,,,2012-01-14T06:37:06Z,-33.16365000,147.57556700,1971.00,
3499,,,,,2012-01-14T06:37:10Z,-33.16310000,147.57518300,1977.00,
3500,,,,,2012-01-14T06:37:14Z,-33.16268300,147.57465000,1984.00,
3501,,,,,2012-01-14T06:37:18Z,-33.16225000,147.57415000,1991.00,
3502,,,,,2012-01-14T06:37:22Z,-33.16175000,147.57365000,1997.00,
3503,,,,,2012-01-14T06:37:26Z,-33.16120000,147.57323300,2002.00,
3504,,,,,2012-01-14T06:37:30Z,-33.16060000,147.57288300,2007.00,
3505,,,,,2012-01-14T06:37:34Z,-33.15986700,147.57256700,2009.00,
3506,,,,,2012-01-14T06:37:38Z,-33.15910000,147.57241700,2009.00,
3507,,,,,2012-01-14T06:37:42Z,-33.15833300,147.57261700,2009.00,
3508,,,,,2012-01-14T06:37:46Z,-33.15761700,147.57283300,2008.00,
3509,,,,,2012-01-14T06:37:50Z,-33.15695000,147.57290000,2005.00,
3510,,,,,2012-01-14T06:37:54Z,-33.15628300,147.57281700,2000.00,
3511,,,,,2012-01-14T06:37:58Z,-33.15561700,147.57263300,1995.00,
3512,,,,,2012-01-14T06:38:02Z,-33.15491700,147.57225000,1992.00,
3513,,,,,2012-01-14T06:38:06Z,-33.15421700,147.57171700,1987.00,
3514,,,,,2012-01-14T06:38:10Z,-33.15356700,147.57110000,1980.00,
3515,,,,,2012-01-14T06:38:14Z,-33.15291700,147.57055000,1973.00,
3516,,,,,2012-01-14T06:38:18Z,-33.15223300,147.57006700,1966.00,
3517,,,,,2012-01-14T06:38:22Z,-33.15136700,147.56991700,1957.00,
3518,,,,,2012-01-14T06:38:26Z,-33.15036700,147.57005000,1954.00,
3519,,,,,2012-01-14T06:38:30Z,-33.14940000,147.57016700,1952.00,
3520,,,,,2012-01-14T06:38:34Z,-33.14848300,147.57016700,1946.00,
3521,,,,,2012-01-14T06:38:38Z,-33.14773300,147.57010000,1937.00,
3522,,,,,2012-01-14T06:38:42Z,-33.14703300,147.56996700,1927.00,
3523,,,,,2012-01-14T06:38:46Z,-33.14636700,147.56975000,1917.00,
3524,,,,,2012-01-14T06:38:50Z,-33.14573300,147.56950000,1907.00,
3525,,,,,2012-01-14T06:38:54Z,-33.14506700,147.56923300,1898.00,
3526,,,,,2012-01-14T06:38:58Z,-33.14438300,147.56901700,1888.00,
3527,,,,,2012-01-14T06:39:02Z,-33.14365000,147.56885000,1879.00,
3528,,,,,2012-01-14T06:39:06Z,-33.14293300,147.56885000,1870.00,
3529,,,,,2012-01-14T06:39:10Z,-33.14225000,147.56891700,1861.00,
3530,,,,,2012-01-14T06:39:14Z,-33.14156700,147.56900000,1852.00,
3531,,,,,2012-01-14T06:39:18Z,-33.14085000,147.56910000,1843.00,
3532,,,,,2012-01-14T06:39:22Z,-33.14010000,147.56918300,1835.00,
3533,,,,,2012-01-14T06:39:26Z,-33.13928300,147.56926700,1825.00,
3534,,,,,2012-01-14T06:39:30Z,-33.13846700,147.56936700,1816.00,
3535,,,,,2012-01-14T06:39:34Z,-33.13768300,147.56948300,1807.00,
3536,,,,,2012-01-14T06:39:38Z,-33.13688300,147.56970000,1797.00,
3537,,,,,2012-01-14T06:39:42Z,-33.13593300,147.57015000,1795.00,
3538,,,,,2012-01-14T06:39:46Z,-33.13513300,147.57050000,1786.00,
3539,,,,,2012-01-14T06:39:50Z,-33.13433300,147.57103300,1778.00,
3540,,,,,2012-01-14T06:39:55Z,-33.13328300,147.57201700,1776.00,
3541,,,,,2012-01-14T06:39:59Z,-33.13250000,147.57285000,1776.00,
3542,,,,,2012-01-14T06:39:59Z,-33.13250000,147.57285000,1776.00,
3543,,,,,2012-01-14T06:40:00Z,-33.13231700,147.57306700,1776.00,
3544,,,,,2012-01-14T06:40:04Z,-33.13170000,147.57383300,1771.00,
3545,,,,,2012-01-14T06:40:08Z,-33.13113300,147.57458300,1767.00,
3546,,,,,2012-01-14T06:40:12Z,-33.13096700,147.57565000,1762.00,
3547,,,,,2012-01-14T06:40:16Z,-33.13100000,147.57665000,1762.00,
3548,,,,,2012-01-14T06:40:20Z,-33.13105000,147.57766700,1762.00,
3549,,,,,2012-01-14T06:40:24Z,-33.13141700,147.57860000,1762.00,
3550,,,,,2012-01-14T06:40:28Z,-33.13198300,147.57941700,1762.00,
3551,,,,,2012-01-14T06:40:32Z,-33.13230000,147.57981700,1762.00,
3552,,,,,2012-01-14T06:40:36Z,-33.13325000,147.58105000,1762.00,
3553,,,,,2012-01-14T06:40:40Z,-33.13405000,147.58171700,1760.00,
3554,,,,,2012-01-14T06:40:44Z,-33.13468300,147.58220000,1758.00,
3555,,,,,2012-01-14T06:40:48Z,-33.13538300,147.58271700,1753.00,
3556,,,,,2012-01-14T06:40:52Z,-33.13605000,147.58330000,1739.00,
3557,,,,,2012-01-14T06:40:56Z,-33.13666700,147.58393300,1726.00,
3558,,,,,2012-01-14T06:41:00Z,-33.13730000,147.58456700,1706.00,
3559,,,,,2012-01-14T06:41:04Z,-33.13790000,147.58528300,1691.00,
3560,,,,,2012-01-14T06:41:08Z,-33.13855000,147.58593300,1670.00,
3561,,,,,2012-01-14T06:41:12Z,-33.13923300,147.58656700,1654.00,
3562,,,,,2012-01-14T06:41:16Z,-33.13980000,147.58718300,1634.00,
3563,,,,,2012-01-14T06:41:20Z,-33.14046700,147.58765000,1625.00,
3564,,,,,2012-01-14T06:41:24Z,-33.14105000,147.58828300,1607.00,
3565,,,,,2012-01-14T06:41:28Z,-33.14160000,147.58901700,1589.00,
3566,,,,,2012-01-14T06:41:32Z,-33.14245000,147.58951700,1584.00,
3567,,,,,2012-01-14T06:41:36Z,-33.14288300,147.59048300,1584.00,
3568,,,,,2012-01-14T06:41:40Z,-33.14338300,147.59143300,1577.00,
3569,,,,,2012-01-14T06:41:44Z,-33.14400000,147.59211700,1561.00,
3570,,,,,2012-01-14T06:41:48Z,-33.14453300,147.59283300,1544.00,
3571,,,,,2012-01-14T06:41:52Z,-33.14501700,147.59363300,1526.00,
3572,,,,,2012-01-14T06:41:56Z,-33.14553300,147.59448300,1521.00,
3573,,,,,2012-01-14T06:42:00Z,-33.14608300,147.59525000,1513.00,
3574,,,,,2012-01-14T06:42:04Z,-33.14663300,147.59598300,1501.00,
3575,,,,,2012-01-14T06:42:08Z,-33.14710000,147.59676700,1501.00,
3576,,,,,2012-01-14T06:42:12Z,-33.14771700,147.59738300,1487.00,
3577,,,,,2012-01-14T06:42:16Z,-33.14830000,147.59795000,1472.00,
3578,,,,,2012-01-14T06:42:20Z,-33.14895000,147.59845000,1456.00,
3579,,,,,2012-01-14T06:42:24Z,-33.14971700,147.59898300,1453.00,
3580,,,,,2012-01-14T06:42:28Z,-33.15043300,147.59966700,1446.00,
3581,,,,,2012-01-14T06:42:32Z,-33.15110000,147.60015000,1442.00,
3582,,,,,2012-01-14T06:42:36Z,-33.15171700,147.60066700,1439.00,
3583,,,,,2012-01-14T06:42:40Z,-33.15225000,147.60138300,1439.00,
3584,,,,,2012-01-14T06:42:44Z,-33.15256700,147.60228300,1439.00,
3585,,,,,2012-01-14T06:42:48Z,-33.15270000,147.60328300,1439.00,
3586,,,,,2012-01-14T06:42:52Z,-33.15271700,147.60411700,1439.00,
3587,,,,,2012-01-14T06:42:56Z,-33.15278300,147.60531700,1439.00,
3588,,,,,2012-01-14T06:43:00Z,-33.15225000,147.60533300,1436.00,
3589,,,,,2012-01-14T06:43:04Z,-33.15221700,147.60476700,1434.00,
3590,,,,,2012-01-14T06:43:09Z,-33.15260000,147.60496700,1425.00,
3591,,,,,2012-01-14T06:43:13Z,-33.15236700,147.60563300,1419.00,
3592,,,,,2012-01-14T06:43:17Z,-33.15180000,147.60573300,1414.00,
3593,,,,,2012-01-14T06:43:21Z,-33.15161700,147.60530000,1412.00,
3594,,,,,2012-01-14T06:43:25Z,-33.15196700,147.60526700,1409.00,
3595,,,,,2012-01-14T06:43:29Z,-33.15228300,147.60568300,1408.00,
3596,,,,,2012-01-14T06:43:33Z,-33.15213300,147.60648300,1406.00,
3597,,,,,2012-01-14T06:43:37Z,-33.15186700,147.60731700,1405.00,
3598,,,,,2012-01-14T06:43:41Z,-33.15166700,147.60815000,1405.00,
3599,,,,,2012-01-14T06:43:45Z,-33.15156700,147.60901700,1406.00,
3600,,,,,2012-01-14T06:43:49Z,-33.15126700,147.60971700,1409.00,
3601,,,,,2012-01-14T06:43:53Z,-33.15080000,147.60966700,1414.00,
3602,,,,,2012-01-14T06:43:57Z,-33.15105000,147.60938300,1421.00,
3603,,,,,2012-01-14T06:44:01Z,-33.15150000,147.60973300,1430.00,
3604,,,,,2012-01-14T06:44:05Z,-33.15146700,147.61048300,1439.00,
3605,,,,,2012-01-14T06:44:09Z,-33.15096700,147.61096700,1449.00,
3606,,,,,2012-01-14T06:44:13Z,-33.15041700,147.61091700,1460.00,
3607,,,,,2012-01-14T06:44:17Z,-33.15016700,147.61051700,1472.00,
3608,,,,,2012-01-14T06:44:21Z,-33.15051700,147.61040000,1475.00,
3609,,,,,2012-01-14T06:44:25Z,-33.15078300,147.61095000,1483.00,
3610,,,,,2012-01-14T06:44:29Z,-33.15050000,147.61158300,1493.00,
3611,,,,,2012-01-14T06:44:33Z,-33.15001700,147.61155000,1506.00,
3612,,,,,2012-01-14T06:44:37Z,-33.15013300,147.61118300,1519.00,
3613,,,,,2012-01-14T06:44:41Z,-33.15056700,147.61140000,1523.00,
3614,,,,,2012-01-14T06:44:45Z,-33.15091700,147.61198300,1535.00,
3615,,,,,2012-01-14T06:44:49Z,-33.15071700,147.61265000,1547.00,
3616,,,,,2012-01-14T06:44:53Z,-33.15021700,147.61270000,1561.00,
3617,,,,,2012-01-14T06:44:57Z,-33.15046700,147.61270000,1572.00,
3618,,,,,2012-01-14T06:45:01Z,-33.15041700,147.61351700,1586.00,
3619,,,,,2012-01-14T06:45:05Z,-33.14983300,147.61388300,1596.00,
3620,,,,,2012-01-14T06:45:09Z,-33.14945000,147.61361700,1610.00,
3621,,,,,2012-01-14T06:45:13Z,-33.14951700,147.61315000,1625.00,
3622,,,,,2012-01-14T06:45:17Z,-33.14991700,147.61306700,1636.00,
3623,,,,,2012-01-14T06:45:21Z,-33.15011700,147.61360000,1645.00,
3624,,,,,2012-01-14T06:45:25Z,-33.14975000,147.61425000,1658.00,
3625,,,,,2012-01-14T06:45:29Z,-33.14916700,147.61425000,1664.00,
3626,,,,,2012-01-14T06:45:33Z,-33.14895000,147.61383300,1676.00,
3627,,,,,2012-01-14T06:45:37Z,-33.14906700,147.61351700,1686.00,
3628,,,,,2012-01-14T06:45:41Z,-33.14951700,147.61351700,1697.00,
3629,,,,,2012-01-14T06:45:45Z,-33.14981700,147.61413300,1707.00,
3630,,,,,2012-01-14T06:45:49Z,-33.14963300,147.61483300,1719.00,
3631,,,,,2012-01-14T06:45:53Z,-33.14913300,147.61520000,1731.00,
3632,,,,,2012-01-14T06:45:57Z,-33.14863300,147.61505000,1744.00,
3633,,,,,2012-01-14T06:46:01Z,-33.14845000,147.61461700,1753.00,
3634,,,,,2012-01-14T06:46:05Z,-33.14865000,147.61410000,1759.00,
3635,,,,,2012-01-14T06:46:09Z,-33.14908300,147.61400000,1769.00,
3636,,,,,2012-01-14T06:46:13Z,-33.14938300,147.61455000,1775.00,
3637,,,,,2012-01-14T06:46:17Z,-33.14911700,147.61520000,1788.00,
3638,,,,,2012-01-14T06:46:21Z,-33.14858300,147.61528300,1801.00,
3639,,,,,2012-01-14T06:46:25Z,-33.14826700,147.61488300,1814.00,
3640,,,,,2012-01-14T06:46:30Z,-33.14856700,147.61451700,1832.00,
3641,,,,,2012-01-14T06:46:34Z,-33.14900000,147.61491700,1839.00,
3642,,,,,2012-01-14T06:46:38Z,-33.14905000,147.61563300,1852.00,
3643,,,,,2012-01-14T06:46:42Z,-33.14871700,147.61625000,1865.00,
3644,,,,,2012-01-14T06:46:46Z,-33.14816700,147.61653300,1876.00,
3645,,,,,2012-01-14T06:46:50Z,-33.14758300,147.61635000,1885.00,
3646,,,,,2012-01-14T06:46:54Z,-33.14738300,147.61591700,1893.00,
3647,,,,,2012-01-14T06:46:58Z,-33.14766700,147.61560000,1905.00,
3648,,,,,2012-01-14T06:47:02Z,-33.14811700,147.61560000,1908.00,
3649,,,,,2012-01-14T06:47:06Z,-33.14856700,147.61606700,1916.00,
3650,,,,,2012-01-14T06:47:10Z,-33.14858300,147.61676700,1918.00,
3651,,,,,2012-01-14T06:47:14Z,-33.14820000,147.61731700,1929.00,
3652,,,,,2012-01-14T06:47:18Z,-33.14761700,147.61730000,1940.00,
3653,,,,,2012-01-14T06:47:22Z,-33.14706700,147.61700000,1951.00,
3654,,,,,2012-01-14T06:47:26Z,-33.14681700,147.61660000,1957.00,
3655,,,,,2012-01-14T06:47:30Z,-33.14708300,147.61625000,1957.00,
3656,,,,,2012-01-14T06:47:34Z,-33.14748300,147.61651700,1957.00,
3657,,,,,2012-01-14T06:47:38Z,-33.14748300,147.61728300,1967.00,
3658,,,,,2012-01-14T06:47:42Z,-33.14708300,147.61781700,1978.00,
3659,,,,,2012-01-14T06:47:46Z,-33.14650000,147.61806700,1989.00,
3660,,,,,2012-01-14T06:47:50Z,-33.14583300,147.61813300,1999.00,
3661,,,,,2012-01-14T06:47:54Z,-33.14538300,147.61776700,2009.00,
3662,,,,,2012-01-14T06:47:58Z,-33.14540000,147.61730000,2016.00,
3663,,,,,2012-01-14T06:48:02Z,-33.14565000,147.61690000,2016.00,
3664,,,,,2012-01-14T06:48:06Z,-33.14608300,147.61676700,2016.00,
3665,,,,,2012-01-14T06:48:10Z,-33.14655000,147.61688300,2016.00,
3666,,,,,2012-01-14T06:48:14Z,-33.14701700,147.61740000,2016.00,
3667,,,,,2012-01-14T06:48:18Z,-33.14740000,147.61811700,2017.00,
3668,,,,,2012-01-14T06:48:22Z,-33.14785000,147.61878300,2024.00,
3669,,,,,2012-01-14T06:48:26Z,-33.14828300,147.61938300,2029.00,
3670,,,,,2012-01-14T06:48:30Z,-33.14873300,147.61988300,2029.00,
3671,,,,,2012-01-14T06:48:34Z,-33.14925000,147.62031700,2029.00,
3672,,,,,2012-01-14T06:48:38Z,-33.14980000,147.62085000,2035.00,
3673,,,,,2012-01-14T06:48:42Z,-33.15028300,147.62160000,2043.00,
3674,,,,,2012-01-14T06:48:46Z,-33.15080000,147.62226700,2043.00,
3675,,,,,2012-01-14T06:48:50Z,-33.15136700,147.62288300,2049.00,
3676,,,,,2012-01-14T06:48:54Z,-33.15190000,147.62346700,2054.00,
3677,,,,,2012-01-14T06:48:58Z,-33.15243300,147.62410000,2059.00,
3678,,,,,2012-01-14T06:49:02Z,-33.15296700,147.62475000,2063.00,
3679,,,,,2012-01-14T06:49:06Z,-33.15343300,147.62541700,2065.00,
3680,,,,,2012-01-14T06:49:10Z,-33.15390000,147.62605000,2065.00,
3681,,,,,2012-01-14T06:49:14Z,-33.15443300,147.62661700,2065.00,
3682,,,,,2012-01-14T06:49:18Z,-33.15503300,147.62718300,2064.00,
3683,,,,,2012-01-14T06:49:22Z,-33.15560000,147.62770000,2063.00,
3684,,,,,2012-01-14T06:49:26Z,-33.15608300,147.62820000,2061.00,
3685,,,,,2012-01-14T06:49:30Z,-33.15650000,147.62871700,2058.00,
3686,,,,,2012-01-14T06:49:34Z,-33.15696700,147.62926700,2057.00,
3687,,,,,2012-01-14T06:49:38Z,-33.15741700,147.62990000,2054.00,
3688,,,,,2012-01-14T06:49:43Z,-33.15800000,147.63071700,2051.00,
3689,,,,,2012-01-14T06:49:47Z,-33.15848300,147.63138300,2050.00,
3690,,,,,2012-01-14T06:49:51Z,-33.15898300,147.63208300,2045.00,
3691,,,,,2012-01-14T06:49:55Z,-33.15950000,147.63285000,2041.00,
3692,,,,,2012-01-14T06:49:59Z,-33.16001700,147.63361700,2033.00,
3693,,,,,2012-01-14T06:50:03Z,-33.16056700,147.63431700,2025.00,
3694,,,,,2012-01-14T06:50:07Z,-33.16116700,147.63496700,2016.00,
3695,,,,,2012-01-14T06:50:11Z,-33.16183300,147.63558300,2016.00,
3696,,,,,2012-01-14T06:50:15Z,-33.16246700,147.63615000,2016.00,
3697,,,,,2012-01-14T06:50:19Z,-33.16308300,147.63665000,2016.00,
3698,,,,,2012-01-14T06:50:23Z,-33.16366700,147.63718300,2016.00,
3699,,,,,2012-01-14T06:50:27Z,-33.16428300,147.63785000,2016.00,
3700,,,,,2012-01-14T06:50:31Z,-33.16485000,147.63861700,2016.00,
3701,,,,,2012-01-14T06:50:35Z,-33.16533300,147.63940000,2010.00,
3702,,,,,2012-01-14T06:50:39Z,-33.16581700,147.64011700,1999.00,
3703,,,,,2012-01-14T06:50:43Z,-33.16630000,147.64078300,1985.00,
3704,,,,,2012-01-14T06:50:47Z,-33.16678300,147.64146700,1971.00,
3705,,,,,2012-01-14T06:50:51Z,-33.16728300,147.64220000,1955.00,
3706,,,,,2012-01-14T06:50:55Z,-33.16783300,147.64300000,1940.00,
3707,,,,,2012-01-14T06:50:59Z,-33.16840000,147.64376700,1925.00,
3708,,,,,2012-01-14T06:51:03Z,-33.16896700,147.64453300,1918.00,
3709,,,,,2012-01-14T06:51:07Z,-33.16950000,147.64525000,1904.00,
3710,,,,,2012-01-14T06:51:11Z,-33.17001700,147.64595000,1890.00,
3711,,,,,2012-01-14T06:51:15Z,-33.17056700,147.64665000,1878.00,
3712,,,,,2012-01-14T06:51:19Z,-33.17110000,147.64731700,1866.00,
3713,,,,,2012-01-14T06:51:23Z,-33.17165000,147.64801700,1855.00,
3714,,,,,2012-01-14T06:51:27Z,-33.17221700,147.64875000,1844.00,
3715,,,,,2012-01-14T06:51:31Z,-33.17280000,147.64946700,1836.00,
3716,,,,,2012-01-14T06:51:35Z,-33.17336700,147.65020000,1830.00,
3717,,,,,2012-01-14T06:51:39Z,-33.17393300,147.65098300,1823.00,
3718,,,,,2012-01-14T06:51:43Z,-33.17450000,147.65175000,1815.00,
3719,,,,,2012-01-14T06:51:47Z,-33.17513300,147.65246700,1812.00,
3720,,,,,2012-01-14T06:51:51Z,-33.17571700,147.65305000,1812.00,
3721,,,,,2012-01-14T06:51:55Z,-33.17630000,147.65365000,1812.00,
3722,,,,,2012-01-14T06:51:59Z,-33.17691700,147.65426700,1812.00,
3723,,,,,2012-01-14T06:52:03Z,-33.17750000,147.65490000,1812.00,
3724,,,,,2012-01-14T06:52:07Z,-33.17803300,147.65556700,1812.00,
3725,,,,,2012-01-14T06:52:11Z,-33.17858300,147.65626700,1812.00,
3726,,,,,2012-01-14T06:52:15Z,-33.17916700,147.65691700,1812.00,
3727,,,,,2012-01-14T06:52:19Z,-33.17976700,147.65750000,1812.00,
3728,,,,,2012-01-14T06:52:23Z,-33.18035000,147.65806700,1812.00,
3729,,,,,2012-01-14T06:52:27Z,-33.18090000,147.65866700,1810.00,
3730,,,,,2012-01-14T06:52:31Z,-33.18138300,147.65918300,1803.00,
3731,,,,,2012-01-14T06:52:35Z,-33.18190000,147.65966700,1803.00,
3732,,,,,2012-01-14T06:52:39Z,-33.18240000,147.66015000,1803.00,
3733,,,,,2012-01-14T06:52:43Z,-33.18276700,147.66046700,1803.00,
3734,,,,,2012-01-14T06:52:47Z,-33.18318300,147.66078300,1803.00,
3735,,,,,2012-01-14T06:52:51Z,-33.18403300,147.66138300,1803.00,
3736,,,,,2012-01-14T06:52:55Z,-33.18463300,147.66175000,1803.00,
3737,,,,,2012-01-14T06:52:59Z,-33.18520000,147.66210000,1803.00,
3738,,,,,2012-01-14T06:53:04Z,-33.18561700,147.66246700,1803.00,
3739,,,,,2012-01-14T06:53:08Z,-33.18641700,147.66328300,1803.00,
3740,,,,,2012-01-14T06:53:12Z,-33.18695000,147.66400000,1803.00,
3741,,,,,2012-01-14T06:53:16Z,-33.18745000,147.66471700,1803.00,
3742,,,,,2012-01-14T06:53:20Z,-33.18783300,147.66540000,1793.00,
3743,,,,,2012-01-14T06:53:24Z,-33.18838300,147.66615000,1785.00,
3744,,,,,2012-01-14T06:53:28Z,-33.18890000,147.66695000,1776.00,
3745,,,,,2012-01-14T06:53:32Z,-33.18948300,147.66776700,1776.00,
3746,,,,,2012-01-14T06:53:36Z,-33.19000000,147.66845000,1763.00,
3747,,,,,2012-01-14T06:53:40Z,-33.19040000,147.66898300,1752.00,
3748,,,,,2012-01-14T06:53:44Z,-33.19121700,147.66991700,1742.00,
3749,,,,,2012-01-14T06:53:48Z,-33.19161700,147.67055000,1720.00,
3750,,,,,2012-01-14T06:53:52Z,-33.19203300,147.67125000,1703.00,
3751,,,,,2012-01-14T06:53:56Z,-33.19243300,147.67198300,1687.00,
3752,,,,,2012-01-14T06:54:00Z,-33.19285000,147.67270000,1665.00,
3753,,,,,2012-01-14T06:54:04Z,-33.19360000,147.67346700,1665.00,
3754,,,,,2012-01-14T06:54:08Z,-33.19406700,147.67406700,1645.00,
3755,,,,,2012-01-14T06:54:12Z,-33.19456700,147.67461700,1636.00,
3756,,,,,2012-01-14T06:54:16Z,-33.19496700,147.67523300,1617.00,
3757,,,,,2012-01-14T06:54:20Z,-33.19540000,147.67595000,1598.00,
3758,,,,,2012-01-14T06:54:24Z,-33.19580000,147.67668300,1585.00,
3759,,,,,2012-01-14T06:54:28Z,-33.19615000,147.67738300,1567.00,
3760,,,,,2012-01-14T06:54:32Z,-33.19666700,147.67815000,1563.00,
3761,,,,,2012-01-14T06:54:36Z,-33.19710000,147.67893300,1552.00,
3762,,,,,2012-01-14T06:54:40Z,-33.19758300,147.67970000,1544.00,
3763,,,,,2012-01-14T06:54:44Z,-33.19788300,147.68028300,1533.00,
3764,,,,,2012-01-14T06:54:48Z,-33.19851700,147.68131700,1533.00,
3765,,,,,2012-01-14T06:54:52Z,-33.19885000,147.68225000,1533.00,
3766,,,,,2012-01-14T06:54:56Z,-33.19920000,147.68323300,1533.00,
3767,,,,,2012-01-14T06:55:00Z,-33.19958300,147.68420000,1533.00,
3768,,,,,2012-01-14T06:55:04Z,-33.19973300,147.68508300,1524.00,
3769,,,,,2012-01-14T06:55:08Z,-33.19995000,147.68575000,1524.00,
3770,,,,,2012-01-14T06:55:12Z,-33.20033300,147.68683300,1524.00,
3771,,,,,2012-01-14T06:55:16Z,-33.20083300,147.68766700,1524.00,
3772,,,,,2012-01-14T06:55:20Z,-33.20118300,147.68845000,1518.00,
3773,,,,,2012-01-14T06:55:24Z,-33.20166700,147.68925000,1514.00,
3774,,,,,2012-01-14T06:55:28Z,-33.20220000,147.69013300,1514.00,
3775,,,,,2012-01-14T06:55:32Z,-33.20266700,147.69098300,1511.00,
3776,,,,,2012-01-14T06:55:36Z,-33.20296700,147.69141700,1511.00,
3777,,,,,2012-01-14T06:55:40Z,-33.20350000,147.69268300,1505.00,
3778,,,,,2012-01-14T06:55:44Z,-33.20375000,147.69353300,1498.00,
3779,,,,,2012-01-14T06:55:48Z,-33.20420000,147.69440000,1498.00,
3780,,,,,2012-01-14T06:55:52Z,-33.20445000,147.69520000,1498.00,
3781,,,,,2012-01-14T06:55:56Z,-33.20455000,147.69586700,1482.00,
3782,,,,,2012-01-14T06:56:00Z,-33.20506700,147.69666700,1482.00,
3783,,,,,2012-01-14T06:56:04Z,-33.20560000,147.69743300,1482.00,
3784,,,,,2012-01-14T06:56:08Z,-33.20606700,147.69805000,1482.00,
3785,,,,,2012-01-14T06:56:12Z,-33.20651700,147.69853300,1482.00,
3786,,,,,2012-01-14T06:56:16Z,-33.20701700,147.69908300,1482.00,
3787,,,,,2012-01-14T06:56:20Z,-33.20758300,147.69951700,1482.00,
3788,,,,,2012-01-14T06:56:24Z,-33.20786700,147.69991700,1475.00,
3789,,,,,2012-01-14T06:56:28Z,-33.20766700,147.70050000,1460.00,
3790,,,,,2012-01-14T06:56:33Z,-33.20695000,147.70063300,1443.00,
3791,,,,,2012-01-14T06:56:37Z,-33.20668300,147.70016700,1430.00,
3792,,,,,2012-01-14T06:56:41Z,-33.20698300,147.69978300,1430.00,
3793,,,,,2012-01-14T06:56:45Z,-33.20761700,147.69986700,1430.00,
3794,,,,,2012-01-14T06:56:49Z,-33.20830000,147.70011700,1430.00,
3795,,,,,2012-01-14T06:56:53Z,-33.20895000,147.70046700,1430.00,
3796,,,,,2012-01-14T06:56:57Z,-33.20953300,147.70080000,1430.00,
3797,,,,,2012-01-14T06:57:01Z,-33.21015000,147.70113300,1430.00,
3798,,,,,2012-01-14T06:57:05Z,-33.21080000,147.70153300,1430.00,
3799,,,,,2012-01-14T06:57:09Z,-33.21131700,147.70200000,1430.00,
3800,,,,,2012-01-14T06:57:13Z,-33.21141700,147.70215000,1430.00,
3801,,,,,2012-01-14T06:57:17Z,-33.21141700,147.70215000,1430.00,
3802,,,,,2012-01-14T06:57:21Z,-33.21141700,147.70215000,1430.00,
3803,,,,,2012-01-14T06:57:25Z,-33.21141700,147.70215000,1430.00,
3804,,,,,2012-01-14T06:57:29Z,-33.21141700,147.70215000,1430.00,
3805,,,,,2012-01-14T06:57:33Z,-33.21141700,147.70215000,1430.00,
3806,,,,,2012-01-14T06:57:37Z,-33.21141700,147.70215000,1430.00,
3807,,,,,2012-01-14T06:57:41Z,-33.21335000,147.70638300,1418.00,
3808,,,,,2012-01-14T06:57:45Z,-33.21300000,147.70751700,1401.00,
3809,,,,,2012-01-14T06:57:49Z,-33.21256700,147.70851700,1383.00,
3810,,,,,2012-01-14T06:57:53Z,-33.21210000,147.70965000,1368.00,
3811,,,,,2012-01-14T06:57:57Z,-33.21156700,147.71055000,1349.00,
3812,,,,,2012-01-14T06:58:01Z,-33.21095000,147.71130000,1329.00,
3813,,,,,2012-01-14T06:58:05Z,-33.21031700,147.71200000,1310.00,
3814,,,,,2012-01-14T06:58:09Z,-33.20973300,147.71273300,1292.00,
3815,,,,,2012-01-14T06:58:13Z,-33.20925000,147.71351700,1277.00,
3816,,,,,2012-01-14T06:58:17Z,-33.20891700,147.71433300,1267.00,
3817,,,,,2012-01-14T06:58:21Z,-33.20890000,147.71503300,1264.00,
3818,,,,,2012-01-14T06:58:25Z,-33.20918300,147.71541700,1264.00,
3819,,,,,2012-01-14T06:58:29Z,-33.20951700,147.71538300,1264.00,
3820,,,,,2012-01-14T06:58:33Z,-33.20951700,147.71538300,1264.00,
3821,,,,,2012-01-14T06:58:37Z,-33.20973300,147.71501700,1264.00,
3822,,,,,2012-01-14T06:58:41Z,-33.20986700,147.71441700,1264.00,
3823,,,,,2012-01-14T06:58:45Z,-33.20931700,147.71453300,1264.00,
3824,,,,,2012-01-14T06:58:49Z,-33.20868300,147.71508300,1264.00,
3825,,,,,2012-01-14T06:58:53Z,-33.20825000,147.71580000,1261.00,
3826,,,,,2012-01-14T06:58:57Z,-33.20783300,147.71646700,1260.00,
3827,,,,,2012-01-14T06:59:01Z,-33.20720000,147.71681700,1259.00,
3828,,,,,2012-01-14T06:59:05Z,-33.20651700,147.71660000,1259.00,
3829,,,,,2012-01-14T06:59:09Z,-33.20595000,147.71621700,1259.00,
3830,,,,,2012-01-14T06:59:13Z,-33.20563300,147.71573300,1259.00,
3831,,,,,2012-01-14T06:59:17Z,-33.20571700,147.71533300,1259.00,
3832,,,,,2012-01-14T06:59:21Z,-33.20610000,147.71526700,1259.00,
3833,,,,,2012-01-14T06:59:25Z,-33.20658300,147.71555000,1259.00,
3834,,,,,2012-01-14T06:59:29Z,-33.20705000,147.71588300,1259.00,
3835,,,,,2012-01-14T06:59:33Z,-33.20750000,147.71628300,1259.00,
3836,,,,,2012-01-14T06:59:37Z,-33.20753300,147.71695000,1261.00,
3837,,,,,2012-01-14T06:59:41Z,-33.20701700,147.71735000,1264.00,
3838,,,,,2012-01-14T06:59:46Z,-33.20636700,147.71703300,1269.00,
3839,,,,,2012-01-14T06:59:50Z,-33.20623300,147.71651700,1271.00,
3840,,,,,2012-01-14T06:59:54Z,-33.20650000,147.71616700,1275.00,
3841,,,,,2012-01-14T06:59:58Z,-33.20696700,147.71625000,1278.00,
3842,,,,,2012-01-14T07:00:02Z,-33.20735000,147.71666700,1283.00,
3843,,,,,2012-01-14T07:00:06Z,-33.20763300,147.71723300,1288.00,
3844,,,,,2012-01-14T07:00:10Z,-33.20761700,147.71796700,1291.00,
3845,,,,,2012-01-14T07:00:14Z,-33.20720000,147.71848300,1296.00,
3846,,,,,2012-01-14T07:00:18Z,-33.20671700,147.71840000,1300.00,
3847,,,,,2012-01-14T07:00:22Z,-33.20650000,147.71796700,1303.00,
3848,,,,,2012-01-14T07:00:26Z,-33.20668300,147.71750000,1308.00,
3849,,,,,2012-01-14T07:00:30Z,-33.20705000,147.71735000,1312.00,
3850,,,,,2012-01-14T07:00:34Z,-33.20746700,147.71760000,1316.00,
3851,,,,,2012-01-14T07:00:38Z,-33.20775000,147.71820000,1319.00,
3852,,,,,2012-01-14T07:00:42Z,-33.20783300,147.71890000,1324.00,
3853,,,,,2012-01-14T07:00:46Z,-33.20771700,147.71961700,1326.00,
3854,,,,,2012-01-14T07:00:50Z,-33.20723300,147.72013300,1330.00,
3855,,,,,2012-01-14T07:00:54Z,-33.20663300,147.72026700,1333.00,
3856,,,,,2012-01-14T07:00:58Z,-33.20613300,147.72005000,1338.00,
3857,,,,,2012-01-14T07:01:02Z,-33.20591700,147.71958300,1339.00,
3858,,,,,2012-01-14T07:01:06Z,-33.20611700,147.71908300,1344.00,
3859,,,,,2012-01-14T07:01:10Z,-33.20650000,147.71901700,1350.00,
3860,,,,,2012-01-14T07:01:14Z,-33.20685000,147.71941700,1355.00,
3861,,,,,2012-01-14T07:01:18Z,-33.20706700,147.72008300,1361.00,
3862,,,,,2012-01-14T07:01:22Z,-33.20688300,147.72080000,1367.00,
3863,,,,,2012-01-14T07:01:26Z,-33.20633300,147.72115000,1372.00,
3864,,,,,2012-01-14T07:01:30Z,-33.20576700,147.72101700,1377.00,
3865,,,,,2012-01-14T07:01:34Z,-33.20541700,147.72056700,1381.00,
3866,,,,,2012-01-14T07:01:38Z,-33.20540000,147.72000000,1383.00,
3867,,,,,2012-01-14T07:01:42Z,-33.20571700,147.71971700,1388.00,
3868,,,,,2012-01-14T07:01:46Z,-33.20613300,147.72000000,1392.00,
3869,,,,,2012-01-14T07:01:50Z,-33.20636700,147.72063300,1397.00,
3870,,,,,2012-01-14T07:01:54Z,-33.20636700,147.72138300,1402.00,
3871,,,,,2012-01-14T07:01:58Z,-33.20606700,147.72203300,1408.00,
3872,,,,,2012-01-14T07:02:02Z,-33.20553300,147.72235000,1411.00,
3873,,,,,2012-01-14T07:02:06Z,-33.20500000,147.72211700,1414.00,
3874,,,,,2012-01-14T07:02:10Z,-33.20463300,147.72163300,1418.00,
3875,,,,,2012-01-14T07:02:14Z,-33.20443300,147.72105000,1418.00,
3876,,,,,2012-01-14T07:02:18Z,-33.20431700,147.72045000,1418.00,
3877,,,,,2012-01-14T07:02:22Z,-33.20451700,147.72003300,1418.00,
3878,,,,,2012-01-14T07:02:26Z,-33.20491700,147.72011700,1422.00,
3879,,,,,2012-01-14T07:02:30Z,-33.20513300,147.72070000,1424.00,
3880,,,,,2012-01-14T07:02:34Z,-33.20508300,147.72143300,1429.00,
3881,,,,,2012-01-14T07:02:38Z,-33.20476700,147.72216700,1432.00,
3882,,,,,2012-01-14T07:02:42Z,-33.20430000,147.72281700,1437.00,
3883,,,,,2012-01-14T07:02:46Z,-33.20370000,147.72341700,1442.00,
3884,,,,,2012-01-14T07:02:50Z,-33.20306700,147.72396700,1442.00,
3885,,,,,2012-01-14T07:02:54Z,-33.20251700,147.72468300,1445.00,
3886,,,,,2012-01-14T07:02:58Z,-33.20206700,147.72555000,1449.00,
3887,,,,,2012-01-14T07:03:02Z,-33.20160000,147.72641700,1452.00,
3888,,,,,2012-01-14T07:03:06Z,-33.20113300,147.72725000,1455.00,
3889,,,,,2012-01-14T07:03:11Z,-33.20050000,147.72821700,1458.00,
3890,,,,,2012-01-14T07:03:15Z,-33.19995000,147.72896700,1460.00,
3891,,,,,2012-01-14T07:03:19Z,-33.19936700,147.72965000,1461.00,
3892,,,,,2012-01-14T07:03:23Z,-33.19868300,147.73040000,1461.00,
3893,,,,,2012-01-14T07:03:27Z,-33.19806700,147.73125000,1461.00,
3894,,,,,2012-01-14T07:03:31Z,-33.19745000,147.73205000,1460.00,
3895,,,,,2012-01-14T07:03:35Z,-33.19675000,147.73270000,1459.00,
3896,,,,,2012-01-14T07:03:39Z,-33.19596700,147.73321700,1457.00,
3897,,,,,2012-01-14T07:03:43Z,-33.19515000,147.73351700,1457.00,
3898,,,,,2012-01-14T07:03:47Z,-33.19446700,147.73346700,1456.00,
3899,,,,,2012-01-14T07:03:51Z,-33.19420000,147.73301700,1455.00,
3900,,,,,2012-01-14T07:03:55Z,-33.19446700,147.73271700,1455.00,
3901,,,,,2012-01-14T07:03:59Z,-33.19490000,147.73293300,1454.00,
3902,,,,,2012-01-14T07:04:03Z,-33.19513300,147.73361700,1454.00,
3903,,,,,2012-01-14T07:04:07Z,-33.19500000,147.73440000,1455.00,
3904,,,,,2012-01-14T07:04:11Z,-33.19458300,147.73505000,1456.00,
3905,,,,,2012-01-14T07:04:15Z,-33.19395000,147.73543300,1457.00,
3906,,,,,2012-01-14T07:04:19Z,-33.19331700,147.73526700,1458.00,
3907,,,,,2012-01-14T07:04:23Z,-33.19320000,147.73478300,1459.00,
3908,,,,,2012-01-14T07:04:27Z,-33.19356700,147.73450000,1460.00,
3909,,,,,2012-01-14T07:04:31Z,-33.19403300,147.73453300,1461.00,
3910,,,,,2012-01-14T07:04:35Z,-33.19426700,147.73526700,1462.00,
3911,,,,,2012-01-14T07:04:39Z,-33.19428300,147.73616700,1463.00,
3912,,,,,2012-01-14T07:04:43Z,-33.19390000,147.73686700,1464.00,
3913,,,,,2012-01-14T07:04:47Z,-33.19326700,147.73721700,1466.00,
3914,,,,,2012-01-14T07:04:51Z,-33.19261700,147.73720000,1468.00,
3915,,,,,2012-01-14T07:04:55Z,-33.19200000,147.73703300,1471.00,
3916,,,,,2012-01-14T07:04:59Z,-33.19158300,147.73660000,1471.00,
3917,,,,,2012-01-14T07:05:03Z,-33.19150000,147.73598300,1472.00,
3918,,,,,2012-01-14T07:05:07Z,-33.19178300,147.73550000,1475.00,
3919,,,,,2012-01-14T07:05:11Z,-33.19223300,147.73540000,1477.00,
3920,,,,,2012-01-14T07:05:15Z,-33.19273300,147.73565000,1480.00,
3921,,,,,2012-01-14T07:05:19Z,-33.19311700,147.73601700,1482.00,
3922,,,,,2012-01-14T07:05:23Z,-33.19311700,147.73601700,1482.00,
3923,,,,,2012-01-14T07:05:27Z,-33.19406700,147.73705000,1482.00,
3924,,,,,2012-01-14T07:05:31Z,-33.19413300,147.73800000,1485.00,
3925,,,,,2012-01-14T07:05:35Z,-33.19363300,147.73858300,1486.00,
3926,,,,,2012-01-14T07:05:39Z,-33.19311700,147.73863300,1487.00,
3927,,,,,2012-01-14T07:05:43Z,-33.19298300,147.73818300,1488.00,
3928,,,,,2012-01-14T07:05:47Z,-33.19328300,147.73786700,1490.00,
3929,,,,,2012-01-14T07:05:51Z,-33.19378300,147.73791700,1492.00,
3930,,,,,2012-01-14T07:05:55Z,-33.19428300,147.73823300,1494.00,
3931,,,,,2012-01-14T07:05:59Z,-33.19470000,147.73880000,1496.00,
3932,,,,,2012-01-14T07:06:03Z,-33.19500000,147.73931700,1497.00,
3933,,,,,2012-01-14T07:06:07Z,-33.19546700,147.74020000,1497.00,
3934,,,,,2012-01-14T07:06:11Z,-33.19598300,147.74095000,1497.00,
3935,,,,,2012-01-14T07:06:15Z,-33.19663300,147.74171700,1497.00,
3936,,,,,2012-01-14T07:06:19Z,-33.19723300,147.74241700,1497.00,
3937,,,,,2012-01-14T07:06:23Z,-33.19775000,147.74316700,1495.00,
3938,,,,,2012-01-14T07:06:28Z,-33.19861700,147.74425000,1492.00,
3939,,,,,2012-01-14T07:06:32Z,-33.19941700,147.74510000,1491.00,
3940,,,,,2012-01-14T07:06:36Z,-33.19995000,147.74565000,1488.00,
3941,,,,,2012-01-14T07:06:40Z,-33.19995000,147.74565000,1488.00,
3942,,,,,2012-01-14T07:06:44Z,-33.20166700,147.74720000,1488.00,
3943,,,,,2012-01-14T07:06:48Z,-33.20235000,147.74790000,1488.00,
3944,,,,,2012-01-14T07:06:52Z,-33.20283300,147.74865000,1487.00,
3945,,,,,2012-01-14T07:06:56Z,-33.20341700,147.74938300,1485.00,
3946,,,,,2012-01-14T07:07:00Z,-33.20395000,147.75008300,1481.00,
3947,,,,,2012-01-14T07:07:04Z,-33.20448300,147.75076700,1475.00,
3948,,,,,2012-01-14T07:07:08Z,-33.20498300,147.75143300,1469.00,
3949,,,,,2012-01-14T07:07:12Z,-33.20531700,147.75205000,1460.00,
3950,,,,,2012-01-14T07:07:16Z,-33.20568300,147.75278300,1447.00,
3951,,,,,2012-01-14T07:07:20Z,-33.20615000,147.75360000,1440.00,
3952,,,,,2012-01-14T07:07:24Z,-33.20666700,147.75440000,1440.00,
3953,,,,,2012-01-14T07:07:28Z,-33.20720000,147.75510000,1440.00,
3954,,,,,2012-01-14T07:07:32Z,-33.20756700,147.75575000,1431.00,
3955,,,,,2012-01-14T07:07:36Z,-33.20796700,147.75651700,1418.00,
3956,,,,,2012-01-14T07:07:40Z,-33.20843300,147.75733300,1407.00,
3957,,,,,2012-01-14T07:07:44Z,-33.20881700,147.75808300,1397.00,
3958,,,,,2012-01-14T07:07:48Z,-33.20913300,147.75868300,1393.00,
3959,,,,,2012-01-14T07:07:52Z,-33.20963300,147.75970000,1386.00,
3960,,,,,2012-01-14T07:07:56Z,-33.21020000,147.76058300,1386.00,
3961,,,,,2012-01-14T07:08:00Z,-33.21083300,147.76145000,1386.00,
3962,,,,,2012-01-14T07:08:04Z,-33.21143300,147.76230000,1386.00,
3963,,,,,2012-01-14T07:08:08Z,-33.21198300,147.76313300,1386.00,
3964,,,,,2012-01-14T07:08:12Z,-33.21246700,147.76388300,1385.00,
3965,,,,,2012-01-14T07:08:16Z,-33.21288300,147.76463300,1380.00,
3966,,,,,2012-01-14T07:08:20Z,-33.21355000,147.76543300,1380.00,
3967,,,,,2012-01-14T07:08:24Z,-33.21428300,147.76623300,1380.00,
3968,,,,,2012-01-14T07:08:28Z,-33.21428300,147.76623300,1380.00,
3969,,,,,2012-01-14T07:08:32Z,-33.21543300,147.76780000,1380.00,
3970,,,,,2012-01-14T07:08:36Z,-33.21578300,147.76871700,1380.00,
3971,,,,,2012-01-14T07:08:40Z,-33.21618300,147.76968300,1380.00,
3972,,,,,2012-01-14T07:08:44Z,-33.21656700,147.77061700,1380.00,
3973,,,,,2012-01-14T07:08:48Z,-33.21673300,147.77103300,1380.00,
3974,,,,,2012-01-14T07:08:52Z,-33.21725000,147.77223300,1380.00,
3975,,,,,2012-01-14T07:08:56Z,-33.21760000,147.77293300,1380.00,
3976,,,,,2012-01-14T07:09:00Z,-33.21773300,147.77330000,1380.00,
3977,,,,,2012-01-14T07:09:04Z,-33.21773300,147.77330000,1380.00,
3978,,,,,2012-01-14T07:09:08Z,-33.21736700,147.77505000,1379.00,
3979,,,,,2012-01-14T07:09:12Z,-33.21628300,147.77481700,1372.00,
3980,,,,,2012-01-14T07:09:16Z,-33.21580000,147.77415000,1363.00,
3981,,,,,2012-01-14T07:09:20Z,-33.21596700,147.77386700,1353.00,
3982,,,,,2012-01-14T07:09:24Z,-33.21616700,147.77410000,1339.00,
3983,,,,,2012-01-14T07:09:28Z,-33.21618300,147.77466700,1326.00,
3984,,,,,2012-01-14T07:09:32Z,-33.21605000,147.77541700,1316.00,
3985,,,,,2012-01-14T07:09:36Z,-33.21596700,147.77561700,1312.00,
3986,,,,,2012-01-14T07:09:40Z,-33.21553300,147.77703300,1301.00,
3987,,,,,2012-01-14T07:09:45Z,-33.21525000,147.77763300,1293.00,
3988,,,,,2012-01-14T07:09:49Z,-33.21500000,147.77891700,1290.00,
3989,,,,,2012-01-14T07:09:53Z,-33.21501700,147.77973300,1290.00,
3990,,,,,2012-01-14T07:09:57Z,-33.21503300,147.78050000,1284.00,
3991,,,,,2012-01-14T07:10:01Z,-33.21513300,147.78130000,1282.00,
3992,,,,,2012-01-14T07:10:05Z,-33.21471700,147.78183300,1276.00,
3993,,,,,2012-01-14T07:10:09Z,-33.21405000,147.78166700,1273.00,
3994,,,,,2012-01-14T07:10:13Z,-33.21363300,147.78125000,1271.00,
3995,,,,,2012-01-14T07:10:17Z,-33.21386700,147.78091700,1269.00,
3996,,,,,2012-01-14T07:10:21Z,-33.21428300,147.78108300,1267.00,
3997,,,,,2012-01-14T07:10:25Z,-33.21446700,147.78131700,1267.00,
3998,,,,,2012-01-14T07:10:29Z,-33.21480000,147.78210000,1268.00,
3999,,,,,2012-01-14T07:10:33Z,-33.21490000,147.78300000,1270.00,
4000,,,,,2012-01-14T07:10:37Z,-33.21458300,147.78370000,1272.00,
4001,,,,,2012-01-14T07:10:41Z,-33.21398300,147.78406700,1273.00,
4002,,,,,2012-01-14T07:10:45Z,-33.21333300,147.78383300,1274.00,
4003,,,,,2012-01-14T07:10:49Z,-33.21286700,147.78328300,1275.00,
4004,,,,,2012-01-14T07:10:53Z,-33.21268300,147.78265000,1277.00,
4005,,,,,2012-01-14T07:10:57Z,-33.21281700,147.78208300,1279.00,
4006,,,,,2012-01-14T07:11:01Z,-33.21323300,147.78203300,1282.00,
4007,,,,,2012-01-14T07:11:05Z,-33.21336700,147.78261700,1285.00,
4008,,,,,2012-01-14T07:11:09Z,-33.21293300,147.78326700,1288.00,
4009,,,,,2012-01-14T07:11:13Z,-33.21235000,147.78343300,1291.00,
4010,,,,,2012-01-14T07:11:17Z,-33.21186700,147.78311700,1293.00,
4011,,,,,2012-01-14T07:11:21Z,-33.21173300,147.78255000,1296.00,
4012,,,,,2012-01-14T07:11:25Z,-33.21188300,147.78205000,1300.00,
4013,,,,,2012-01-14T07:11:29Z,-33.21231700,147.78191700,1304.00,
4014,,,,,2012-01-14T07:11:33Z,-33.21271700,147.78236700,1308.00,
4015,,,,,2012-01-14T07:11:37Z,-33.21293300,147.78310000,1316.00,
4016,,,,,2012-01-14T07:11:41Z,-33.21303300,147.78385000,1319.00,
4017,,,,,2012-01-14T07:11:45Z,-33.21275000,147.78445000,1326.00,
4018,,,,,2012-01-14T07:11:49Z,-33.21216700,147.78426700,1333.00,
4019,,,,,2012-01-14T07:11:53Z,-33.21215000,147.78381700,1337.00,
4020,,,,,2012-01-14T07:11:57Z,-33.21253300,147.78390000,1344.00,
4021,,,,,2012-01-14T07:12:01Z,-33.21266700,147.78453300,1347.00,
4022,,,,,2012-01-14T07:12:05Z,-33.21241700,147.78528300,1350.00,
4023,,,,,2012-01-14T07:12:09Z,-33.21188300,147.78590000,1356.00,
4024,,,,,2012-01-14T07:12:13Z,-33.21123300,147.78621700,1362.00,
4025,,,,,2012-01-14T07:12:17Z,-33.21061700,147.78611700,1367.00,
4026,,,,,2012-01-14T07:12:21Z,-33.21033300,147.78568300,1369.00,
4027,,,,,2012-01-14T07:12:25Z,-33.21060000,147.78535000,1370.00,
4028,,,,,2012-01-14T07:12:29Z,-33.21098300,147.78558300,1376.00,
4029,,,,,2012-01-14T07:12:33Z,-33.21105000,147.78628300,1383.00,
4030,,,,,2012-01-14T07:12:37Z,-33.21073300,147.78701700,1390.00,
4031,,,,,2012-01-14T07:12:41Z,-33.21016700,147.78753300,1397.00,
4032,,,,,2012-01-14T07:12:45Z,-33.20948300,147.78761700,1403.00,
4033,,,,,2012-01-14T07:12:49Z,-33.20925000,147.78716700,1408.00,
4034,,,,,2012-01-14T07:12:53Z,-33.20965000,147.78711700,1415.00,
4035,,,,,2012-01-14T07:12:57Z,-33.20983300,147.78775000,1419.00,
4036,,,,,2012-01-14T07:13:01Z,-33.20948300,147.78838300,1426.00,
4037,,,,,2012-01-14T07:13:05Z,-33.20886700,147.78850000,1429.00,
4038,,,,,2012-01-14T07:13:10Z,-33.20848300,147.78791700,1432.00,
4039,,,,,2012-01-14T07:13:14Z,-33.20871700,147.78748300,1439.00,
4040,,,,,2012-01-14T07:13:18Z,-33.20923300,147.78765000,1448.00,
4041,,,,,2012-01-14T07:13:22Z,-33.20953300,147.78823300,1452.00,
4042,,,,,2012-01-14T07:13:26Z,-33.20965000,147.78898300,1452.00,
4043,,,,,2012-01-14T07:13:30Z,-33.20973300,147.78981700,1454.00,
4044,,,,,2012-01-14T07:13:34Z,-33.20980000,147.79063300,1456.00,
4045,,,,,2012-01-14T07:13:38Z,-33.20980000,147.79151700,1461.00,
4046,,,,,2012-01-14T07:13:42Z,-33.20971700,147.79241700,1465.00,
4047,,,,,2012-01-14T07:13:46Z,-33.20948300,147.79316700,1468.00,
4048,,,,,2012-01-14T07:13:50Z,-33.20895000,147.79350000,1472.00,
4049,,,,,2012-01-14T07:13:54Z,-33.20835000,147.79338300,1474.00,
4050,,,,,2012-01-14T07:13:58Z,-33.20795000,147.79281700,1474.00,
4051,,,,,2012-01-14T07:14:02Z,-33.20790000,147.79205000,1477.00,
4052,,,,,2012-01-14T07:14:06Z,-33.20823300,147.79148300,1480.00,
4053,,,,,2012-01-14T07:14:10Z,-33.20858300,147.79100000,1482.00,
4054,,,,,2012-01-14T07:14:14Z,-33.20863300,147.79051700,1482.00,
4055,,,,,2012-01-14T07:14:18Z,-33.20808300,147.79038300,1484.00,
4056,,,,,2012-01-14T07:14:22Z,-33.20750000,147.79080000,1488.00,
4057,,,,,2012-01-14T07:14:26Z,-33.20715000,147.79141700,1492.00,
4058,,,,,2012-01-14T07:14:30Z,-33.20701700,147.79216700,1497.00,
4059,,,,,2012-01-14T07:14:34Z,-33.20715000,147.79280000,1503.00,
4060,,,,,2012-01-14T07:14:38Z,-33.20755000,147.79316700,1503.00,
4061,,,,,2012-01-14T07:14:42Z,-33.20801700,147.79323300,1503.00,
4062,,,,,2012-01-14T07:14:46Z,-33.20841700,147.79308300,1503.00,
4063,,,,,2012-01-14T07:14:50Z,-33.20870000,147.79275000,1503.00,
4064,,,,,2012-01-14T07:14:54Z,-33.20865000,147.79231700,1503.00,
4065,,,,,2012-01-14T07:14:58Z,-33.20823300,147.79181700,1503.00,
4066,,,,,2012-01-14T07:15:02Z,-33.20748300,147.79190000,1507.00,
4067,,,,,2012-01-14T07:15:06Z,-33.20678300,147.79225000,1510.00,
4068,,,,,2012-01-14T07:15:10Z,-33.20616700,147.79281700,1513.00,
4069,,,,,2012-01-14T07:15:14Z,-33.20550000,147.79315000,1516.00,
4070,,,,,2012-01-14T07:15:18Z,-33.20505000,147.79315000,1516.00,
4071,,,,,2012-01-14T07:15:22Z,-33.20451700,147.79270000,1519.00,
4072,,,,,2012-01-14T07:15:26Z,-33.20456700,147.79210000,1519.00,
4073,,,,,2012-01-14T07:15:30Z,-33.20490000,147.79175000,1522.00,
4074,,,,,2012-01-14T07:15:34Z,-33.20528300,147.79183300,1528.00,
4075,,,,,2012-01-14T07:15:38Z,-33.20556700,147.79233300,1533.00,
4076,,,,,2012-01-14T07:15:42Z,-33.20551700,147.79301700,1541.00,
4077,,,,,2012-01-14T07:15:46Z,-33.20498300,147.79341700,1548.00,
4078,,,,,2012-01-14T07:15:50Z,-33.20436700,147.79333300,1548.00,
4079,,,,,2012-01-14T07:15:54Z,-33.20411700,147.79296700,1548.00,
4080,,,,,2012-01-14T07:15:58Z,-33.20456700,147.79276700,1553.00,
4081,,,,,2012-01-14T07:16:02Z,-33.20505000,147.79310000,1560.00,
4082,,,,,2012-01-14T07:16:06Z,-33.20523300,147.79370000,1568.00,
4083,,,,,2012-01-14T07:16:10Z,-33.20513300,147.79440000,1569.00,
4084,,,,,2012-01-14T07:16:14Z,-33.20468300,147.79488300,1575.00,
4085,,,,,2012-01-14T07:16:18Z,-33.20413300,147.79463300,1581.00,
4086,,,,,2012-01-14T07:16:22Z,-33.20391700,147.79401700,1584.00,
4087,,,,,2012-01-14T07:16:26Z,-33.20408300,147.79350000,1586.00,
4088,,,,,2012-01-14T07:16:31Z,-33.20465000,147.79343300,1593.00,
4089,,,,,2012-01-14T07:16:35Z,-33.20501700,147.79390000,1598.00,
4090,,,,,2012-01-14T07:16:39Z,-33.20520000,147.79461700,1598.00,
4091,,,,,2012-01-14T07:16:43Z,-33.20490000,147.79528300,1604.00,
4092,,,,,2012-01-14T07:16:47Z,-33.20430000,147.79546700,1612.00,
4093,,,,,2012-01-14T07:16:51Z,-33.20381700,147.79515000,1612.00,
4094,,,,,2012-01-14T07:16:55Z,-33.20368300,147.79465000,1615.00,
4095,,,,,2012-01-14T07:16:59Z,-33.20395000,147.79418300,1622.00,
4096,,,,,2012-01-14T07:17:03Z,-33.20443300,147.79400000,1629.00,
4097,,,,,2012-01-14T07:17:07Z,-33.20491700,147.79418300,1637.00,
4098,,,,,2012-01-14T07:17:11Z,-33.20523300,147.79473300,1645.00,
4099,,,,,2012-01-14T07:17:15Z,-33.20531700,147.79545000,1652.00,
4100,,,,,2012-01-14T07:17:19Z,-33.20503300,147.79615000,1658.00,
4101,,,,,2012-01-14T07:17:23Z,-33.20443300,147.79653300,1664.00,
4102,,,,,2012-01-14T07:17:27Z,-33.20381700,147.79648300,1668.00,
4103,,,,,2012-01-14T07:17:31Z,-33.20345000,147.79603300,1671.00,
4104,,,,,2012-01-14T07:17:35Z,-33.20350000,147.79545000,1675.00,
4105,,,,,2012-01-14T07:17:39Z,-33.20395000,147.79520000,1678.00,
4106,,,,,2012-01-14T07:17:43Z,-33.20445000,147.79526700,1678.00,
4107,,,,,2012-01-14T07:17:47Z,-33.20486700,147.79570000,1681.00,
4108,,,,,2012-01-14T07:17:51Z,-33.20495000,147.79643300,1685.00,
4109,,,,,2012-01-14T07:17:55Z,-33.20471700,147.79716700,1690.00,
4110,,,,,2012-01-14T07:17:59Z,-33.20418300,147.79763300,1695.00,
4111,,,,,2012-01-14T07:18:03Z,-33.20350000,147.79778300,1699.00,
4112,,,,,2012-01-14T07:18:07Z,-33.20281700,147.79773300,1703.00,
4113,,,,,2012-01-14T07:18:11Z,-33.20238300,147.79738300,1703.00,
4114,,,,,2012-01-14T07:18:15Z,-33.20245000,147.79683300,1707.00,
4115,,,,,2012-01-14T07:18:19Z,-33.20286700,147.79650000,1712.00,
4116,,,,,2012-01-14T07:18:23Z,-33.20336700,147.79668300,1716.00,
4117,,,,,2012-01-14T07:18:27Z,-33.20353300,147.79731700,1721.00,
4118,,,,,2012-01-14T07:18:31Z,-33.20313300,147.79791700,1727.00,
4119,,,,,2012-01-14T07:18:35Z,-33.20253300,147.79801700,1732.00,
4120,,,,,2012-01-14T07:18:39Z,-33.20231700,147.79751700,1736.00,
4121,,,,,2012-01-14T07:18:43Z,-33.20260000,147.79713300,1742.00,
4122,,,,,2012-01-14T07:18:47Z,-33.20308300,147.79730000,1749.00,
4123,,,,,2012-01-14T07:18:51Z,-33.20336700,147.79788300,1755.00,
4124,,,,,2012-01-14T07:18:55Z,-33.20328300,147.79861700,1762.00,
4125,,,,,2012-01-14T07:18:59Z,-33.20281700,147.79913300,1767.00,
4126,,,,,2012-01-14T07:19:03Z,-33.20221700,147.79928300,1772.00,
4127,,,,,2012-01-14T07:19:07Z,-33.20168300,147.79918300,1775.00,
4128,,,,,2012-01-14T07:19:11Z,-33.20145000,147.79871700,1775.00,
4129,,,,,2012-01-14T07:19:15Z,-33.20156700,147.79821700,1780.00,
4130,,,,,2012-01-14T07:19:19Z,-33.20195000,147.79786700,1784.00,
4131,,,,,2012-01-14T07:19:23Z,-33.20241700,147.79801700,1789.00,
4132,,,,,2012-01-14T07:19:27Z,-33.20240000,147.79868300,1794.00,
4133,,,,,2012-01-14T07:19:31Z,-33.20186700,147.79903300,1799.00,
4134,,,,,2012-01-14T07:19:35Z,-33.20138300,147.79885000,1805.00,
4135,,,,,2012-01-14T07:19:39Z,-33.20130000,147.79830000,1810.00,
4136,,,,,2012-01-14T07:19:43Z,-33.20151700,147.79783300,1815.00,
4137,,,,,2012-01-14T07:19:47Z,-33.20205000,147.79781700,1820.00,
4138,,,,,2012-01-14T07:19:52Z,-33.20268300,147.79833300,1825.00,
4139,,,,,2012-01-14T07:19:56Z,-33.20305000,147.79895000,1829.00,
4140,,,,,2012-01-14T07:20:00Z,-33.20325000,147.79970000,1833.00,
4141,,,,,2012-01-14T07:20:04Z,-33.20336700,147.80051700,1836.00,
4142,,,,,2012-01-14T07:20:08Z,-33.20353300,147.80135000,1838.00,
4143,,,,,2012-01-14T07:20:12Z,-33.20385000,147.80220000,1839.00,
4144,,,,,2012-01-14T07:20:16Z,-33.20425000,147.80296700,1839.00,
4145,,,,,2012-01-14T07:20:20Z,-33.20471700,147.80365000,1839.00,
4146,,,,,2012-01-14T07:20:24Z,-33.20525000,147.80420000,1839.00,
4147,,,,,2012-01-14T07:20:28Z,-33.20571700,147.80445000,1839.00,
4148,,,,,2012-01-14T07:20:32Z,-33.20651700,147.80483300,1839.00,
4149,,,,,2012-01-14T07:20:36Z,-33.20718300,147.80511700,1839.00,
4150,,,,,2012-01-14T07:20:40Z,-33.20786700,147.80543300,1839.00,
4151,,,,,2012-01-14T07:20:44Z,-33.20855000,147.80573300,1839.00,
4152,,,,,2012-01-14T07:20:48Z,-33.20923300,147.80601700,1839.00,
4153,,,,,2012-01-14T07:20:52Z,-33.20993300,147.80635000,1839.00,
4154,,,,,2012-01-14T07:20:56Z,-33.21063300,147.80666700,1839.00,
4155,,,,,2012-01-14T07:21:00Z,-33.21131700,147.80688300,1839.00,
4156,,,,,2012-01-14T07:21:04Z,-33.21200000,147.80710000,1839.00,
4157,,,,,2012-01-14T07:21:08Z,-33.21271700,147.80753300,1839.00,
4158,,,,,2012-01-14T07:21:12Z,-33.21338300,147.80798300,1836.00,
4159,,,,,2012-01-14T07:21:16Z,-33.21405000,147.80845000,1832.00,
4160,,,,,2012-01-14T07:21:20Z,-33.21455000,147.80873300,1832.00,
4161,,,,,2012-01-14T07:21:24Z,-33.21523300,147.80938300,1823.00,
4162,,,,,2012-01-14T07:21:28Z,-33.21581700,147.80958300,1823.00,
4163,,,,,2012-01-14T07:21:32Z,-33.21670000,147.81001700,1823.00,
4164,,,,,2012-01-14T07:21:36Z,-33.21723300,147.81026700,1823.00,
4165,,,,,2012-01-14T07:21:40Z,-33.21810000,147.81063300,1823.00,
4166,,,,,2012-01-14T07:21:44Z,-33.21878300,147.81103300,1823.00,
4167,,,,,2012-01-14T07:21:48Z,-33.21945000,147.81146700,1823.00,
4168,,,,,2012-01-14T07:21:52Z,-33.22011700,147.81183300,1823.00,
4169,,,,,2012-01-14T07:21:56Z,-33.22076700,147.81221700,1823.00,
4170,,,,,2012-01-14T07:22:00Z,-33.22136700,147.81305000,1814.00,
4171,,,,,2012-01-14T07:22:04Z,-33.22203300,147.81335000,1814.00,
4172,,,,,2012-01-14T07:22:08Z,-33.22270000,147.81366700,1814.00,
4173,,,,,2012-01-14T07:22:12Z,-33.22331700,147.81441700,1802.00,
4174,,,,,2012-01-14T07:22:16Z,-33.22396700,147.81495000,1791.00,
4175,,,,,2012-01-14T07:22:20Z,-33.22446700,147.81520000,1786.00,
4176,,,,,2012-01-14T07:22:24Z,-33.22536700,147.81580000,1786.00,
4177,,,,,2012-01-14T07:22:28Z,-33.22681700,147.81705000,1786.00,
4178,,,,,2012-01-14T07:22:32Z,-33.22705000,147.81728300,1780.00,
4179,,,,,2012-01-14T07:22:36Z,-33.22731700,147.81776700,1769.00,
4180,,,,,2012-01-14T07:22:40Z,-33.22776700,147.81838300,1769.00,
4181,,,,,2012-01-14T07:22:44Z,-33.22806700,147.81911700,1750.00,
4182,,,,,2012-01-14T07:22:48Z,-33.22855000,147.81913300,1750.00,
4183,,,,,2012-01-14T07:22:52Z,-33.22910000,147.81926700,1750.00,
4184,,,,,2012-01-14T07:22:56Z,-33.22968300,147.81913300,1750.00,
4185,,,,,2012-01-14T07:23:00Z,-33.23018300,147.81920000,1745.00,
4186,,,,,2012-01-14T07:23:04Z,-33.23066700,147.81985000,1727.00,
4187,,,,,2012-01-14T07:23:08Z,-33.23120000,147.82035000,1712.00,
4188,,,,,2012-01-14T07:23:12Z,-33.23205000,147.82081700,1712.00,
4189,,,,,2012-01-14T07:23:17Z,-33.23263300,147.82113300,1699.00,
4190,,,,,2012-01-14T07:23:21Z,-33.23318300,147.82153300,1693.00,
4191,,,,,2012-01-14T07:23:25Z,-33.23345000,147.82163300,1693.00,
4192,,,,,2012-01-14T07:23:29Z,-33.23360000,147.82170000,1693.00,
4193,,,,,2012-01-14T07:23:33Z,-33.23428300,147.82175000,1693.00,
4194,,,,,2012-01-14T07:23:37Z,-33.23456700,147.82198300,1687.00,
4195,,,,,2012-01-14T07:23:41Z,-33.23485000,147.82233300,1674.00,
4196,,,,,2012-01-14T07:23:45Z,-33.23501700,147.82256700,1667.00,
4197,,,,,2012-01-14T07:23:49Z,-33.23560000,147.82290000,1667.00,
4198,,,,,2012-01-14T07:23:53Z,-33.23636700,147.82355000,1654.00,
4199,,,,,2012-01-14T07:23:57Z,-33.23701700,147.82435000,1627.00,
4200,,,,,2012-01-14T07:24:01Z,-33.23736700,147.82485000,1611.00,
4201,,,,,2012-01-14T07:24:05Z,-33.23811700,147.82528300,1611.00,
4202,,,,,2012-01-14T07:24:09Z,-33.23890000,147.82555000,1611.00,
4203,,,,,2012-01-14T07:24:13Z,-33.23963300,147.82565000,1611.00,
4204,,,,,2012-01-14T07:24:17Z,-33.23996700,147.82566700,1611.00,
4205,,,,,2012-01-14T07:24:21Z,-33.24093300,147.82615000,1611.00,
4206,,,,,2012-01-14T07:24:25Z,-33.24186700,147.82708300,1611.00,
4207,,,,,2012-01-14T07:24:29Z,-33.24230000,147.82758300,1611.00,
4208,,,,,2012-01-14T07:24:33Z,-33.24230000,147.82758300,1611.00,
4209,,,,,2012-01-14T07:24:37Z,-33.24280000,147.82821700,1611.00,
4210,,,,,2012-01-14T07:24:41Z,-33.24273300,147.82796700,1611.00,
4211,,,,,2012-01-14T07:24:45Z,-33.24266700,147.82775000,1611.00,
4212,,,,,2012-01-14T07:24:49Z,-33.24221700,147.82756700,1606.00,
4213,,,,,2012-01-14T07:24:53Z,-33.24150000,147.82791700,1598.00,
4214,,,,,2012-01-14T07:24:57Z,-33.24065000,147.82851700,1580.00,
4215,,,,,2012-01-14T07:25:01Z,-33.24018300,147.82930000,1561.00,
4216,,,,,2012-01-14T07:25:05Z,-33.24020000,147.82986700,1548.00,
4217,,,,,2012-01-14T07:25:09Z,-33.24045000,147.83001700,1540.00,
4218,,,,,2012-01-14T07:25:13Z,-33.24048300,147.82986700,1537.00,
4219,,,,,2012-01-14T07:25:17Z,-33.24061700,147.82933300,1537.00,
4220,,,,,2012-01-14T07:25:21Z,-33.24036700,147.82895000,1534.00,
4221,,,,,2012-01-14T07:25:25Z,-33.23953300,147.82940000,1529.00,
4222,,,,,2012-01-14T07:25:29Z,-33.23898300,147.83011700,1525.00,
4223,,,,,2012-01-14T07:25:33Z,-33.23886700,147.83080000,1518.00,
4224,,,,,2012-01-14T07:25:37Z,-33.23908300,147.83121700,1518.00,
4225,,,,,2012-01-14T07:25:41Z,-33.23936700,147.83123300,1518.00,
4226,,,,,2012-01-14T07:25:45Z,-33.23958300,147.83100000,1518.00,
4227,,,,,2012-01-14T07:25:49Z,-33.23968300,147.83071700,1518.00,
4228,,,,,2012-01-14T07:25:53Z,-33.23943300,147.83058300,1518.00,
4229,,,,,2012-01-14T07:25:57Z,-33.23911700,147.83060000,1517.00,
4230,,,,,2012-01-14T07:26:01Z,-33.23888300,147.83130000,1516.00,
4231,,,,,2012-01-14T07:26:05Z,-33.23888300,147.83150000,1516.00,
4232,,,,,2012-01-14T07:26:09Z,-33.23925000,147.83240000,1516.00,
4233,,,,,2012-01-14T07:26:13Z,-33.23936700,147.83223300,1516.00,
4234,,,,,2012-01-14T07:26:17Z,-33.23936700,147.83223300,1516.00,
4235,,,,,2012-01-14T07:26:21Z,-33.23953300,147.83206700,1516.00,
4236,,,,,2012-01-14T07:26:25Z,-33.23886700,147.83205000,1517.00,
4237,,,,,2012-01-14T07:26:30Z,-33.23815000,147.83275000,1521.00,
4238,,,,,2012-01-14T07:26:34Z,-33.23796700,147.83340000,1523.00,
4239,,,,,2012-01-14T07:26:38Z,-33.23803300,147.83396700,1525.00,
4240,,,,,2012-01-14T07:26:42Z,-33.23830000,147.83431700,1525.00,
4241,,,,,2012-01-14T07:26:46Z,-33.23863300,147.83430000,1525.00,
4242,,,,,2012-01-14T07:26:50Z,-33.23885000,147.83400000,1525.00,
4243,,,,,2012-01-14T07:26:54Z,-33.23885000,147.83351700,1525.00,
4244,,,,,2012-01-14T07:26:58Z,-33.23878300,147.83323300,1525.00,
4245,,,,,2012-01-14T07:27:02Z,-33.23875000,147.83270000,1525.00,
4246,,,,,2012-01-14T07:27:06Z,-33.23818300,147.83250000,1525.00,
4247,,,,,2012-01-14T07:27:10Z,-33.23731700,147.83258300,1525.00,
4248,,,,,2012-01-14T07:27:14Z,-33.23675000,147.83321700,1528.00,
4249,,,,,2012-01-14T07:27:18Z,-33.23668300,147.83370000,1528.00,
4250,,,,,2012-01-14T07:27:22Z,-33.23688300,147.83430000,1528.00,
4251,,,,,2012-01-14T07:27:26Z,-33.23703300,147.83408300,1528.00,
4252,,,,,2012-01-14T07:27:30Z,-33.23691700,147.83345000,1529.00,
4253,,,,,2012-01-14T07:27:34Z,-33.23660000,147.83295000,1529.00,
4254,,,,,2012-01-14T07:27:38Z,-33.23596700,147.83291700,1529.00,
4255,,,,,2012-01-14T07:27:42Z,-33.23516700,147.83316700,1534.00,
4256,,,,,2012-01-14T07:27:46Z,-33.23463300,147.83391700,1548.00,
4257,,,,,2012-01-14T07:27:50Z,-33.23451700,147.83465000,1555.00,
4258,,,,,2012-01-14T07:27:54Z,-33.23473300,147.83513300,1555.00,
4259,,,,,2012-01-14T07:27:58Z,-33.23511700,147.83543300,1555.00,
4260,,,,,2012-01-14T07:28:02Z,-33.23550000,147.83545000,1555.00,
4261,,,,,2012-01-14T07:28:06Z,-33.23580000,147.83531700,1555.00,
4262,,,,,2012-01-14T07:28:10Z,-33.23528300,147.83491700,1555.00,
4263,,,,,2012-01-14T07:28:14Z,-33.23448300,147.83471700,1558.00,
4264,,,,,2012-01-14T07:28:18Z,-33.23396700,147.83518300,1568.00,
4265,,,,,2012-01-14T07:28:22Z,-33.23393300,147.83591700,1585.00,
4266,,,,,2012-01-14T07:28:26Z,-33.23421700,147.83650000,1600.00,
4267,,,,,2012-01-14T07:28:30Z,-33.23460000,147.83691700,1605.00,
4268,,,,,2012-01-14T07:28:34Z,-33.23490000,147.83671700,1610.00,
4269,,,,,2012-01-14T07:28:38Z,-33.23491700,147.83640000,1610.00,
4270,,,,,2012-01-14T07:28:42Z,-33.23491700,147.83628300,1610.00,
4271,,,,,2012-01-14T07:28:46Z,-33.23506700,147.83603300,1612.00,
4272,,,,,2012-01-14T07:28:50Z,-33.23470000,147.83656700,1616.00,
4273,,,,,2012-01-14T07:28:54Z,-33.23470000,147.83715000,1620.00,
4274,,,,,2012-01-14T07:28:58Z,-33.23495000,147.83748300,1624.00,
4275,,,,,2012-01-14T07:29:02Z,-33.23521700,147.83738300,1624.00,
4276,,,,,2012-01-14T07:29:06Z,-33.23548300,147.83693300,1624.00,
4277,,,,,2012-01-14T07:29:10Z,-33.23548300,147.83678300,1624.00,
4278,,,,,2012-01-14T07:29:14Z,-33.23526700,147.83588300,1635.00,
4279,,,,,2012-01-14T07:29:18Z,-33.23493300,147.83540000,1649.00,
4280,,,,,2012-01-14T07:29:22Z,-33.23475000,147.83493300,1666.00,
4281,,,,,2012-01-14T07:29:26Z,-33.23470000,147.83446700,1683.00,
4282,,,,,2012-01-14T07:29:30Z,-33.23481700,147.83406700,1699.00,
4283,,,,,2012-01-14T07:29:34Z,-33.23510000,147.83388300,1705.00,
4284,,,,,2012-01-14T07:29:38Z,-33.23551700,147.83390000,1715.00,
4285,,,,,2012-01-14T07:29:42Z,-33.23600000,147.83396700,1715.00,
4286,,,,,2012-01-14T07:29:47Z,-33.23651700,147.83430000,1715.00,
4287,,,,,2012-01-14T07:29:51Z,-33.23693300,147.83485000,1717.00,
4288,,,,,2012-01-14T07:29:55Z,-33.23731700,147.83541700,1721.00,
4289,,,,,2012-01-14T07:29:59Z,-33.23773300,147.83598300,1727.00,
4290,,,,,2012-01-14T07:30:03Z,-33.23813300,147.83661700,1730.00,
4291,,,,,2012-01-14T07:30:07Z,-33.23843300,147.83706700,1730.00,
4292,,,,,2012-01-14T07:30:11Z,-33.23895000,147.83766700,1730.00,
4293,,,,,2012-01-14T07:30:15Z,-33.23943300,147.83785000,1730.00,
4294,,,,,2012-01-14T07:30:19Z,-33.23991700,147.83811700,1730.00,
4295,,,,,2012-01-14T07:30:23Z,-33.24003300,147.83818300,1730.00,
4296,,,,,2012-01-14T07:30:27Z,-33.24080000,147.83870000,1730.00,
4297,,,,,2012-01-14T07:30:31Z,-33.24080000,147.83870000,1730.00,
4298,,,,,2012-01-14T07:30:35Z,-33.24146700,147.83911700,1730.00,
4299,,,,,2012-01-14T07:30:39Z,-33.24218300,147.83956700,1730.00,
4300,,,,,2012-01-14T07:30:43Z,-33.24258300,147.84020000,1731.00,
4301,,,,,2012-01-14T07:30:47Z,-33.24296700,147.84088300,1730.00,
4302,,,,,2012-01-14T07:30:51Z,-33.24331700,147.84158300,1730.00,
4303,,,,,2012-01-14T07:30:55Z,-33.24368300,147.84238300,1730.00,
4304,,,,,2012-01-14T07:30:59Z,-33.24413300,147.84318300,1730.00,
4305,,,,,2012-01-14T07:31:03Z,-33.24455000,147.84393300,1729.00,
4306,,,,,2012-01-14T07:31:07Z,-33.24496700,147.84466700,1729.00,
4307,,,,,2012-01-14T07:31:11Z,-33.24541700,147.84536700,1729.00,
4308,,,,,2012-01-14T07:31:15Z,-33.24580000,147.84605000,1728.00,
4309,,,,,2012-01-14T07:31:19Z,-33.24598300,147.84675000,1724.00,
4310,,,,,2012-01-14T07:31:23Z,-33.24606700,147.84750000,1718.00,
4311,,,,,2012-01-14T07:31:27Z,-33.24625000,147.84820000,1713.00,
4312,,,,,2012-01-14T07:31:31Z,-33.24650000,147.84881700,1713.00,
4313,,,,,2012-01-14T07:31:35Z,-33.24680000,147.84945000,1713.00,
4314,,,,,2012-01-14T07:31:39Z,-33.24711700,147.85005000,1713.00,
4315,,,,,2012-01-14T07:31:43Z,-33.24770000,147.85020000,1709.00,
4316,,,,,2012-01-14T07:31:47Z,-33.24835000,147.85025000,1704.00,
4317,,,,,2012-01-14T07:31:51Z,-33.24900000,147.85031700,1704.00,
4318,,,,,2012-01-14T07:31:55Z,-33.24951700,147.85043300,1701.00,
4319,,,,,2012-01-14T07:31:59Z,-33.24996700,147.85070000,1699.00,
4320,,,,,2012-01-14T07:32:03Z,-33.25038300,147.85103300,1692.00,
4321,,,,,2012-01-14T07:32:07Z,-33.25080000,147.85136700,1684.00,
4322,,,,,2012-01-14T07:32:11Z,-33.25118300,147.85178300,1673.00,
4323,,,,,2012-01-14T07:32:15Z,-33.25161700,147.85230000,1670.00,
4324,,,,,2012-01-14T07:32:19Z,-33.25201700,147.85285000,1661.00,
4325,,,,,2012-01-14T07:32:23Z,-33.25245000,147.85340000,1648.00,
4326,,,,,2012-01-14T07:32:27Z,-33.25293300,147.85400000,1642.00,
4327,,,,,2012-01-14T07:32:31Z,-33.25338300,147.85456700,1642.00,
4328,,,,,2012-01-14T07:32:35Z,-33.25386700,147.85503300,1637.00,
4329,,,,,2012-01-14T07:32:39Z,-33.25443300,147.85536700,1637.00,
4330,,,,,2012-01-14T07:32:43Z,-33.25498300,147.85576700,1637.00,
4331,,,,,2012-01-14T07:32:47Z,-33.25498300,147.85576700,1637.00,
4332,,,,,2012-01-14T07:32:51Z,-33.25595000,147.85636700,1637.00,
4333,,,,,2012-01-14T07:32:55Z,-33.25595000,147.85636700,1637.00,
4334,,,,,2012-01-14T07:32:59Z,-33.25595000,147.85636700,1637.00,
4335,,,,,2012-01-14T07:33:03Z,-33.25723300,147.85711700,1637.00,
4336,,,,,2012-01-14T07:33:07Z,-33.25776700,147.85726700,1633.00,
4337,,,,,2012-01-14T07:33:12Z,-33.25840000,147.85758300,1627.00,
4338,,,,,2012-01-14T07:33:16Z,-33.25895000,147.85771700,1622.00,
4339,,,,,2012-01-14T07:33:20Z,-33.25948300,147.85766700,1618.00,
4340,,,,,2012-01-14T07:33:24Z,-33.26001700,147.85763300,1617.00,
4341,,,,,2012-01-14T07:33:28Z,-33.26051700,147.85741700,1617.00,
4342,,,,,2012-01-14T07:33:32Z,-33.26108300,147.85746700,1615.00,
4343,,,,,2012-01-14T07:33:36Z,-33.26158300,147.85751700,1615.00,
4344,,,,,2012-01-14T07:33:40Z,-33.26215000,147.85765000,1615.00,
4345,,,,,2012-01-14T07:33:44Z,-33.26256700,147.85780000,1615.00,
4346,,,,,2012-01-14T07:33:48Z,-33.26318300,147.85858300,1606.00,
4347,,,,,2012-01-14T07:33:52Z,-33.26365000,147.85925000,1599.00,
4348,,,,,2012-01-14T07:33:56Z,-33.26415000,147.85985000,1599.00,
4349,,,,,2012-01-14T07:34:00Z,-33.26435000,147.86060000,1587.00,
4350,,,,,2012-01-14T07:34:04Z,-33.26393300,147.86135000,1577.00,
4351,,,,,2012-01-14T07:34:08Z,-33.26345000,147.86211700,1570.00,
4352,,,,,2012-01-14T07:34:12Z,-33.26328300,147.86316700,1564.00,
4353,,,,,2012-01-14T07:34:16Z,-33.26331700,147.86400000,1550.00,
4354,,,,,2012-01-14T07:34:20Z,-33.26351700,147.86478300,1543.00,
4355,,,,,2012-01-14T07:34:24Z,-33.26383300,147.86546700,1543.00,
4356,,,,,2012-01-14T07:34:28Z,-33.26421700,147.86583300,1543.00,
4357,,,,,2012-01-14T07:34:32Z,-33.26471700,147.86605000,1543.00,
4358,,,,,2012-01-14T07:34:36Z,-33.26471700,147.86605000,1543.00,
4359,,,,,2012-01-14T07:34:40Z,-33.26566700,147.86676700,1540.00,
4360,,,,,2012-01-14T07:34:44Z,-33.26618300,147.86695000,1533.00,
4361,,,,,2012-01-14T07:34:48Z,-33.26671700,147.86705000,1524.00,
4362,,,,,2012-01-14T07:34:52Z,-33.26728300,147.86701700,1520.00,
4363,,,,,2012-01-14T07:34:56Z,-33.26790000,147.86675000,1519.00,
4364,,,,,2012-01-14T07:35:00Z,-33.26850000,147.86645000,1517.00,
4365,,,,,2012-01-14T07:35:04Z,-33.26906700,147.86630000,1514.00,
4366,,,,,2012-01-14T07:35:08Z,-33.26965000,147.86638300,1507.00,
4367,,,,,2012-01-14T07:35:12Z,-33.27023300,147.86643300,1507.00,
4368,,,,,2012-01-14T07:35:16Z,-33.27078300,147.86655000,1506.00,
4369,,,,,2012-01-14T07:35:20Z,-33.27126700,147.86665000,1504.00,
4370,,,,,2012-01-14T07:35:24Z,-33.27175000,147.86670000,1504.00,
4371,,,,,2012-01-14T07:35:28Z,-33.27216700,147.86686700,1503.00,
4372,,,,,2012-01-14T07:35:32Z,-33.27270000,147.86703300,1503.00,
4373,,,,,2012-01-14T07:35:36Z,-33.27338300,147.86723300,1503.00,
4374,,,,,2012-01-14T07:35:40Z,-33.27391700,147.86741700,1503.00,
4375,,,,,2012-01-14T07:35:44Z,-33.27441700,147.86763300,1503.00,
4376,,,,,2012-01-14T07:35:48Z,-33.27478300,147.86783300,1503.00,
4377,,,,,2012-01-14T07:35:52Z,-33.27555000,147.86836700,1503.00,
4378,,,,,2012-01-14T07:35:56Z,-33.27633300,147.86911700,1503.00,
4379,,,,,2012-01-14T07:36:00Z,-33.27671700,147.86946700,1503.00,
4380,,,,,2012-01-14T07:36:04Z,-33.27751700,147.87013300,1501.00,
4381,,,,,2012-01-14T07:36:08Z,-33.27803300,147.87080000,1489.00,
4382,,,,,2012-01-14T07:36:12Z,-33.27858300,147.87145000,1475.00,
4383,,,,,2012-01-14T07:36:16Z,-33.27915000,147.87201700,1470.00,
4384,,,,,2012-01-14T07:36:20Z,-33.27965000,147.87261700,1459.00,
4385,,,,,2012-01-14T07:36:24Z,-33.28013300,147.87323300,1441.00,
4386,,,,,2012-01-14T07:36:28Z,-33.28053300,147.87371700,1435.00,
4387,,,,,2012-01-14T07:36:33Z,-33.28116700,147.87455000,1422.00,
4388,,,,,2012-01-14T07:36:37Z,-33.28141700,147.87498300,1422.00,
4389,,,,,2012-01-14T07:36:41Z,-33.28220000,147.87491700,1422.00,
4390,,,,,2012-01-14T07:36:45Z,-33.28290000,147.87496700,1418.00,
4391,,,,,2012-01-14T07:36:49Z,-33.28346700,147.87516700,1413.00,
4392,,,,,2012-01-14T07:36:53Z,-33.28321700,147.87595000,1392.00,
4393,,,,,2012-01-14T07:36:57Z,-33.28265000,147.87613300,1367.00,
4394,,,,,2012-01-14T07:37:01Z,-33.28246700,147.87585000,1349.00,
4395,,,,,2012-01-14T07:37:05Z,-33.28261700,147.87540000,1349.00,
4396,,,,,2012-01-14T07:37:09Z,-33.28295000,147.87491700,1335.00,
4397,,,,,2012-01-14T07:37:13Z,-33.28336700,147.87458300,1323.00,
4398,,,,,2012-01-14T07:37:17Z,-33.28385000,147.87450000,1307.00,
4399,,,,,2012-01-14T07:37:21Z,-33.28436700,147.87445000,1293.00,
4400,,,,,2012-01-14T07:37:25Z,-33.28488300,147.87446700,1282.00,
4401,,,,,2012-01-14T07:37:29Z,-33.28541700,147.87443300,1278.00,
4402,,,,,2012-01-14T07:37:33Z,-33.28598300,147.87448300,1271.00,
4403,,,,,2012-01-14T07:37:37Z,-33.28628300,147.87450000,1269.00,
4404,,,,,2012-01-14T07:37:41Z,-33.28713300,147.87455000,1265.00,
4405,,,,,2012-01-14T07:37:45Z,-33.28771700,147.87465000,1264.00,
4406,,,,,2012-01-14T07:37:49Z,-33.28830000,147.87480000,1262.00,
4407,,,,,2012-01-14T07:37:53Z,-33.28886700,147.87498300,1257.00,
4408,,,,,2012-01-14T07:37:57Z,-33.28943300,147.87516700,1254.00,
4409,,,,,2012-01-14T07:38:01Z,-33.29000000,147.87533300,1254.00,
4410,,,,,2012-01-14T07:38:05Z,-33.29055000,147.87555000,1250.00,
4411,,,,,2012-01-14T07:38:09Z,-33.29111700,147.87593300,1241.00,
4412,,,,,2012-01-14T07:38:13Z,-33.29168300,147.87638300,1233.00,
4413,,,,,2012-01-14T07:38:17Z,-33.29223300,147.87678300,1224.00,
4414,,,,,2012-01-14T07:38:21Z,-33.29280000,147.87725000,1210.00,
4415,,,,,2012-01-14T07:38:25Z,-33.29340000,147.87775000,1195.00,
4416,,,,,2012-01-14T07:38:29Z,-33.29400000,147.87823300,1189.00,
4417,,,,,2012-01-14T07:38:33Z,-33.29455000,147.87851700,1185.00,
4418,,,,,2012-01-14T07:38:37Z,-33.29516700,147.87910000,1174.00,
4419,,,,,2012-01-14T07:38:41Z,-33.29581700,147.87948300,1170.00,
4420,,,,,2012-01-14T07:38:45Z,-33.29645000,147.87978300,1162.00,
4421,,,,,2012-01-14T07:38:49Z,-33.29706700,147.88011700,1153.00,
4422,,,,,2012-01-14T07:38:53Z,-33.29771700,147.88060000,1137.00,
4423,,,,,2012-01-14T07:38:57Z,-33.29840000,147.88090000,1129.00,
4424,,,,,2012-01-14T07:39:01Z,-33.29896700,147.88155000,1118.00,
4425,,,,,2012-01-14T07:39:05Z,-33.29950000,147.88203300,1113.00,
4426,,,,,2012-01-14T07:39:09Z,-33.30005000,147.88263300,1110.00,
4427,,,,,2012-01-14T07:39:13Z,-33.30060000,147.88325000,1091.00,
4428,,,,,2012-01-14T07:39:17Z,-33.30115000,147.88391700,1071.00,
4429,,,,,2012-01-14T07:39:21Z,-33.30166700,147.88448300,1071.00,
4430,,,,,2012-01-14T07:39:25Z,-33.30220000,147.88508300,1056.00,
4431,,,,,2012-01-14T07:39:29Z,-33.30270000,147.88565000,1051.00,
4432,,,,,2012-01-14T07:39:33Z,-33.30318300,147.88621700,1042.00,
4433,,,,,2012-01-14T07:39:37Z,-33.30363300,147.88678300,1024.00,
4434,,,,,2012-01-14T07:39:41Z,-33.30396700,147.88721700,1020.00,
4435,,,,,2012-01-14T07:39:45Z,-33.30465000,147.88763300,1020.00,
4436,,,,,2012-01-14T07:39:49Z,-33.30521700,147.88785000,1013.00,
4437,,,,,2012-01-14T07:39:53Z,-33.30578300,147.88765000,1013.00,
4438,,,,,2012-01-14T07:39:58Z,-33.30646700,147.88730000,1006.00,
4439,,,,,2012-01-14T07:40:02Z,-33.30705000,147.88695000,1006.00,
4440,,,,,2012-01-14T07:40:06Z,-33.30756700,147.88686700,999.00,
4441,,,,,2012-01-14T07:40:10Z,-33.30806700,147.88678300,992.00,
4442,,,,,2012-01-14T07:40:14Z,-33.30858300,147.88666700,991.00,
4443,,,,,2012-01-14T07:40:18Z,-33.30908300,147.88656700,988.00,
4444,,,,,2012-01-14T07:40:22Z,-33.30951700,147.88636700,988.00,
4445,,,,,2012-01-14T07:40:26Z,-33.30998300,147.88631700,986.00,
4446,,,,,2012-01-14T07:40:30Z,-33.31033300,147.88631700,986.00,
4447,,,,,2012-01-14T07:40:34Z,-33.31085000,147.88630000,986.00,
4448,,,,,2012-01-14T07:40:38Z,-33.31105000,147.88633300,986.00,
4449,,,,,2012-01-14T07:40:42Z,-33.31170000,147.88680000,985.00,
4450,,,,,2012-01-14T07:40:46Z,-33.31208300,147.88731700,985.00,
4451,,,,,2012-01-14T07:40:50Z,-33.31240000,147.88785000,985.00,
4452,,,,,2012-01-14T07:40:54Z,-33.31303300,147.88890000,985.00,
4453,,,,,2012-01-14T07:40:58Z,-33.31333300,147.88940000,985.00,
4454,,,,,2012-01-14T07:41:02Z,-33.31333300,147.88940000,985.00,
4455,,,,,2012-01-14T07:41:06Z,-33.31333300,147.88940000,985.00,
4456,,,,,2012-01-14T07:41:10Z,-33.31333300,147.88940000,985.00,
4457,,,,,2012-01-14T07:41:14Z,-33.31333300,147.88940000,985.00,
4458,,,,,2012-01-14T07:41:18Z,-33.31333300,147.88940000,985.00,
4459,,,,,2012-01-14T07:41:22Z,-33.31436700,147.89083300,983.00,
4460,,,,,2012-01-14T07:41:26Z,-33.31405000,147.89200000,973.00,
4461,,,,,2012-01-14T07:41:30Z,-33.31366700,147.89235000,956.00,
4462,,,,,2012-01-14T07:41:34Z,-33.31368300,147.89236700,941.00,
4463,,,,,2012-01-14T07:41:38Z,-33.31408300,147.89256700,927.00,
4464,,,,,2012-01-14T07:41:42Z,-33.31448300,147.89320000,923.00,
4465,,,,,2012-01-14T07:41:46Z,-33.31463300,147.89416700,909.00,
4466,,,,,2012-01-14T07:41:50Z,-33.31430000,147.89463300,895.00,
4467,,,,,2012-01-14T07:41:54Z,-33.31383300,147.89471700,878.00,
4468,,,,,2012-01-14T07:41:58Z,-33.31408300,147.89456700,861.00,
4469,,,,,2012-01-14T07:42:02Z,-33.31455000,147.89468300,850.00,
4470,,,,,2012-01-14T07:42:06Z,-33.31505000,147.89511700,835.00,
4471,,,,,2012-01-14T07:42:10Z,-33.31540000,147.89576700,823.00,
4472,,,,,2012-01-14T07:42:14Z,-33.31558300,147.89650000,815.00,
4473,,,,,2012-01-14T07:42:18Z,-33.31531700,147.89711700,807.00,
4474,,,,,2012-01-14T07:42:22Z,-33.31480000,147.89725000,801.00,
4475,,,,,2012-01-14T07:42:26Z,-33.31461700,147.89685000,795.00,
4476,,,,,2012-01-14T07:42:30Z,-33.31488300,147.89651700,790.00,
4477,,,,,2012-01-14T07:42:34Z,-33.31535000,147.89668300,787.00,
4478,,,,,2012-01-14T07:42:38Z,-33.31566700,147.89721700,785.00,
4479,,,,,2012-01-14T07:42:42Z,-33.31558300,147.89778300,783.00,
4480,,,,,2012-01-14T07:42:46Z,-33.31508300,147.89790000,782.00,
4481,,,,,2012-01-14T07:42:50Z,-33.31480000,147.89750000,781.00,
4482,,,,,2012-01-14T07:42:54Z,-33.31500000,147.89701700,781.00,
4483,,,,,2012-01-14T07:42:58Z,-33.31543300,147.89706700,781.00,
4484,,,,,2012-01-14T07:43:02Z,-33.31576700,147.89755000,781.00,
4485,,,,,2012-01-14T07:43:06Z,-33.31570000,147.89816700,782.00,
4486,,,,,2012-01-14T07:43:10Z,-33.31526700,147.89860000,783.00,
4487,,,,,2012-01-14T07:43:14Z,-33.31471700,147.89861700,784.00,
4488,,,,,2012-01-14T07:43:18Z,-33.31430000,147.89838300,785.00,
4489,,,,,2012-01-14T07:43:22Z,-33.31438300,147.89790000,787.00,
4490,,,,,2012-01-14T07:43:27Z,-33.31496700,147.89781700,788.00,
4491,,,,,2012-01-14T07:43:31Z,-33.31535000,147.89820000,788.00,
4492,,,,,2012-01-14T07:43:35Z,-33.31555000,147.89880000,791.00,
4493,,,,,2012-01-14T07:43:39Z,-33.31540000,147.89945000,795.00,
4494,,,,,2012-01-14T07:43:43Z,-33.31486700,147.89966700,799.00,
4495,,,,,2012-01-14T07:43:47Z,-33.31438300,147.89948300,802.00,
4496,,,,,2012-01-14T07:43:51Z,-33.31441700,147.89895000,806.00,
4497,,,,,2012-01-14T07:43:55Z,-33.31481700,147.89875000,806.00,
4498,,,,,2012-01-14T07:43:59Z,-33.31526700,147.89903300,810.00,
4499,,,,,2012-01-14T07:44:03Z,-33.31551700,147.89956700,814.00,
4500,,,,,2012-01-14T07:44:07Z,-33.31548300,147.90023300,820.00,
4501,,,,,2012-01-14T07:44:11Z,-33.31503300,147.90056700,825.00,
4502,,,,,2012-01-14T07:44:15Z,-33.31460000,147.90026700,830.00,
4503,,,,,2012-01-14T07:44:19Z,-33.31451700,147.89970000,833.00,
4504,,,,,2012-01-14T07:44:23Z,-33.31476700,147.89925000,836.00,
4505,,,,,2012-01-14T07:44:27Z,-33.31523300,147.89898300,837.00,
4506,,,,,2012-01-14T07:44:31Z,-33.31575000,147.89890000,840.00,
4507,,,,,2012-01-14T07:44:35Z,-33.31613300,147.89925000,841.00,
4508,,,,,2012-01-14T07:44:39Z,-33.31606700,147.89986700,844.00,
4509,,,,,2012-01-14T07:44:43Z,-33.31561700,147.90023300,846.00,
4510,,,,,2012-01-14T07:44:47Z,-33.31510000,147.90013300,847.00,
4511,,,,,2012-01-14T07:44:51Z,-33.31485000,147.89955000,849.00,
4512,,,,,2012-01-14T07:44:55Z,-33.31505000,147.89903300,850.00,
4513,,,,,2012-01-14T07:44:59Z,-33.31550000,147.89890000,851.00,
4514,,,,,2012-01-14T07:45:03Z,-33.31596700,147.89893300,852.00,
4515,,,,,2012-01-14T07:45:07Z,-33.31648300,147.89891700,852.00,
4516,,,,,2012-01-14T07:45:11Z,-33.31705000,147.89878300,853.00,
4517,,,,,2012-01-14T07:45:15Z,-33.31761700,147.89865000,853.00,
4518,,,,,2012-01-14T07:45:19Z,-33.31818300,147.89848300,854.00,
4519,,,,,2012-01-14T07:45:23Z,-33.31871700,147.89835000,854.00,
4520,,,,,2012-01-14T07:45:27Z,-33.31923300,147.89818300,854.00,
4521,,,,,2012-01-14T07:45:31Z,-33.31978300,147.89815000,854.00,
4522,,,,,2012-01-14T07:45:35Z,-33.32035000,147.89811700,854.00,
4523,,,,,2012-01-14T07:45:39Z,-33.32091700,147.89800000,854.00,
4524,,,,,2012-01-14T07:45:43Z,-33.32146700,147.89795000,854.00,
4525,,,,,2012-01-14T07:45:47Z,-33.32196700,147.89805000,854.00,
4526,,,,,2012-01-14T07:45:51Z,-33.32246700,147.89818300,854.00,
4527,,,,,2012-01-14T07:45:55Z,-33.32285000,147.89828300,855.00,
4528,,,,,2012-01-14T07:45:59Z,-33.32323300,147.89843300,855.00,
4529,,,,,2012-01-14T07:46:03Z,-33.32323300,147.89843300,855.00,
4530,,,,,2012-01-14T07:46:07Z,-33.32323300,147.89843300,855.00,
4531,,,,,2012-01-14T07:46:11Z,-33.32491700,147.89926700,856.00,
4532,,,,,2012-01-14T07:46:15Z,-33.32536700,147.89965000,857.00,
4533,,,,,2012-01-14T07:46:19Z,-33.32581700,147.89998300,857.00,
4534,,,,,2012-01-14T07:46:23Z,-33.32626700,147.90020000,858.00,
4535,,,,,2012-01-14T07:46:27Z,-33.32661700,147.90036700,859.00,
4536,,,,,2012-01-14T07:46:31Z,-33.32723300,147.90073300,859.00,
4537,,,,,2012-01-14T07:46:35Z,-33.32736700,147.90085000,859.00,
4538,,,,,2012-01-14T07:46:39Z,-33.32830000,147.90150000,859.00,
4539,,,,,2012-01-14T07:46:44Z,-33.32900000,147.90198300,859.00,
4540,,,,,2012-01-14T07:46:48Z,-33.32963300,147.90235000,859.00,
4541,,,,,2012-01-14T07:46:52Z,-33.33028300,147.90271700,859.00,
4542,,,,,2012-01-14T07:46:56Z,-33.33076700,147.90293300,859.00,
4543,,,,,2012-01-14T07:47:00Z,-33.33140000,147.90318300,859.00,
4544,,,,,2012-01-14T07:47:04Z,-33.33226700,147.90360000,859.00,
4545,,,,,2012-01-14T07:47:08Z,-33.33296700,147.90401700,859.00,
4546,,,,,2012-01-14T07:47:12Z,-33.33365000,147.90448300,858.00,
4547,,,,,2012-01-14T07:47:16Z,-33.33430000,147.90491700,858.00,
4548,,,,,2012-01-14T07:47:20Z,-33.33490000,147.90553300,856.00,
4549,,,,,2012-01-14T07:47:24Z,-33.33550000,147.90616700,856.00,
4550,,,,,2012-01-14T07:47:28Z,-33.33596700,147.90693300,851.00,
4551,,,,,2012-01-14T07:47:32Z,-33.33651700,147.90775000,848.00,
4552,,,,,2012-01-14T07:47:36Z,-33.33711700,147.90855000,848.00,
4553,,,,,2012-01-14T07:47:40Z,-33.33771700,147.90931700,848.00,
4554,,,,,2012-01-14T07:47:44Z,-33.33825000,147.91011700,848.00,
4555,,,,,2012-01-14T07:47:48Z,-33.33880000,147.91081700,848.00,
4556,,,,,2012-01-14T07:47:52Z,-33.33930000,147.91141700,848.00,
4557,,,,,2012-01-14T07:47:56Z,-33.33983300,147.91173300,848.00,
4558,,,,,2012-01-14T07:48:00Z,-33.34036700,147.91201700,848.00,
4559,,,,,2012-01-14T07:48:04Z,-33.34090000,147.91228300,848.00,
4560,,,,,2012-01-14T07:48:08Z,-33.34145000,147.91250000,848.00,
4561,,,,,2012-01-14T07:48:12Z,-33.34201700,147.91280000,848.00,
4562,,,,,2012-01-14T07:48:16Z,-33.34260000,147.91303300,848.00,
4563,,,,,2012-01-14T07:48:20Z,-33.34320000,147.91330000,848.00,
4564,,,,,2012-01-14T07:48:24Z,-33.34375000,147.91358300,848.00,
4565,,,,,2012-01-14T07:48:28Z,-33.34428300,147.91411700,847.00,
4566,,,,,2012-01-14T07:48:32Z,-33.34483300,147.91491700,843.00,
4567,,,,,2012-01-14T07:48:36Z,-33.34541700,147.91558300,840.00,
4568,,,,,2012-01-14T07:48:40Z,-33.34600000,147.91611700,840.00,
4569,,,,,2012-01-14T07:48:44Z,-33.34651700,147.91698300,840.00,
4570,,,,,2012-01-14T07:48:48Z,-33.34710000,147.91778300,840.00,
4571,,,,,2012-01-14T07:48:52Z,-33.34775000,147.91841700,840.00,
4572,,,,,2012-01-14T07:48:56Z,-33.34826700,147.91876700,840.00,
4573,,,,,2012-01-14T07:49:00Z,-33.34908300,147.91945000,840.00,
4574,,,,,2012-01-14T07:49:04Z,-33.34973300,147.92015000,840.00,
4575,,,,,2012-01-14T07:49:08Z,-33.35036700,147.92085000,840.00,
4576,,,,,2012-01-14T07:49:12Z,-33.35101700,147.92156700,840.00,
4577,,,,,2012-01-14T07:49:16Z,-33.35168300,147.92230000,840.00,
4578,,,,,2012-01-14T07:49:20Z,-33.35243300,147.92303300,840.00,
4579,,,,,2012-01-14T07:49:24Z,-33.35311700,147.92380000,840.00,
4580,,,,,2012-01-14T07:49:28Z,-33.35378300,147.92458300,840.00,
4581,,,,,2012-01-14T07:49:32Z,-33.35446700,147.92538300,840.00,
4582,,,,,2012-01-14T07:49:36Z,-33.35530000,147.92608300,830.00,
4583,,,,,2012-01-14T07:49:40Z,-33.35618300,147.92636700,830.00,
4584,,,,,2012-01-14T07:49:44Z,-33.35700000,147.92705000,818.00,
4585,,,,,2012-01-14T07:49:48Z,-33.35793300,147.92741700,803.00,
4586,,,,,2012-01-14T07:49:52Z,-33.35873300,147.92833300,784.00,
4587,,,,,2012-01-14T07:49:56Z,-33.35948300,147.92926700,776.00,
4588,,,,,2012-01-14T07:50:00Z,-33.36023300,147.93003300,776.00,
4589,,,,,2012-01-14T07:50:04Z,-33.36090000,147.93106700,766.00,
4590,,,,,2012-01-14T07:50:09Z,-33.36135000,147.93183300,766.00,
4591,,,,,2012-01-14T07:50:13Z,-33.36136700,147.93213300,766.00,
4592,,,,,2012-01-14T07:50:13Z,-33.36136700,147.93213300,766.00,
4593,,,,,2012-01-14T07:50:14Z,-33.36140000,147.93243300,766.00,
4594,,,,,2012-01-14T07:50:18Z,-33.36158300,147.93360000,766.00,
4595,,,,,2012-01-14T07:50:22Z,-33.36128300,147.93385000,745.00,
4596,,,,,2012-01-14T07:50:26Z,-33.36071700,147.93381700,740.00,
4597,,,,,2012-01-14T07:50:30Z,-33.36048300,147.93353300,722.00,
4598,,,,,2012-01-14T07:50:34Z,-33.36013300,147.93316700,708.00,
4599,,,,,2012-01-14T07:50:38Z,-33.35971700,147.93301700,708.00,
4600,,,,,2012-01-14T07:50:42Z,-33.35976700,147.93288300,696.00,
4601,,,,,2012-01-14T07:50:46Z,-33.35981700,147.93266700,692.00,
4602,,,,,2012-01-14T07:50:50Z,-33.35988300,147.93266700,668.00,
4603,,,,,2012-01-14T07:50:54Z,-33.35993300,147.93268300,639.00,
4604,,,,,2012-01-14T07:50:58Z,-33.36000000,147.93270000,608.00,
4605,,,,,2012-01-14T07:51:02Z,-33.36006700,147.93273300,576.00,
4606,,,,,2012-01-14T07:51:06Z,-33.36010000,147.93271700,552.00,
4607,,,,,2012-01-14T07:51:10Z,-33.36010000,147.93271700,544.00,
4608,,,,,2012-01-14T07:51:14Z,-33.36013300,147.93271700,521.00,
4609,,,,,2012-01-14T07:51:18Z,-33.36016700,147.93271700,492.00,
4610,,,,,2012-01-14T07:51:22Z,-33.36020000,147.93270000,464.00,
4611,,,,,2012-01-14T07:51:26Z,-33.36023300,147.93271700,438.00,
4612,,,,,2012-01-14T07:51:30Z,-33.36028300,147.93275000,414.00,
4613,,,,,2012-01-14T07:51:34Z,-33.36031700,147.93276700,393.00,
